{"type":"FeatureCollection","features":[{"type":"Feature","properties":{"mode":"bus","n":6,"arr":["BxM2","M5","M7","M10","M20","M104"],"lines":"BxM2, M5, M7, M10, M20, M104"},"geometry":{"type":"LineString","coordinates":[[-73.98226,40.771435],[-73.982193,40.76852],[-73.982229,40.768365],[-73.982377,40.768138],[-73.982381,40.76798],[-73.982311,40.767849],[-73.982145,40.767728],[-73.981978,40.767681],[-73.981756,40.767684],[-73.981572,40.767761],[-73.981424,40.767916],[-73.981395,40.768104],[-73.981474,40.768263]]}},{"type":"Feature","properties":{"mode":"bus","n":5,"arr":["Bx4","Bx4A","Bx11","BxM6","Q44-SBS"],"lines":"Bx4, Bx4A, Bx11, BxM6, Q44-SBS"},"geometry":{"type":"LineString","coordinates":[[-73.860561,40.832766],[-73.860715,40.8327],[-73.86085,40.832673],[-73.860991,40.832669],[-73.861152,40.832696],[-73.861391,40.832814],[-73.861511,40.83297],[-73.86153,40.832987],[-73.861553,40.832995],[-73.861582,40.832996],[-73.862687,40.832868]]}},{"type":"Feature","properties":{"mode":"bus","n":5,"arr":["Bx4","Bx4A","Bx11","BxM6","Q44-SBS"],"lines":"Bx4, Bx4A, Bx11, BxM6, Q44-SBS"},"geometry":{"type":"LineString","coordinates":[[-73.86138,40.833471],[-73.861178,40.833573]]}},{"type":"Feature","properties":{"mode":"bus","n":6,"arr":["Q17","Q88","QM1","QM5","QM7","QM31"],"lines":"Q17, Q88, QM1, QM5, QM7, QM31"},"geometry":{"type":"LineString","coordinates":[[-73.78551,40.739034],[-73.785573,40.73884],[-73.785514,40.738577],[-73.784168,40.735746],[-73.784026,40.735585],[-73.783964,40.735556]]}},{"type":"Feature","properties":{"mode":"bus","n":6,"arr":["Q17","Q88","QM1","QM5","QM7","QM31"],"lines":"Q17, Q88, QM1, QM5, QM7, QM31"},"geometry":{"type":"LineString","coordinates":[[-73.785895,40.738769],[-73.78599,40.738813]]}},{"type":"Feature","properties":{"mode":"bus","n":5,"arr":["Q17","Q88","QM1","QM5","QM31"],"lines":"Q17, Q88, QM1, QM5, QM31"},"geometry":{"type":"LineString","coordinates":[[-73.78599,40.738813],[-73.786098,40.738919],[-73.786174,40.739101],[-73.786187,40.739207],[-73.786123,40.739349]]}},{"type":"Feature","properties":{"mode":"bus","n":7,"arr":["Q17","Q45","Q88","QM1","QM5","QM7","QM31"],"lines":"Q17, Q45, Q88, QM1, QM5, QM7, QM31"},"geometry":{"type":"LineString","coordinates":[[-73.783964,40.735556],[-73.783785,40.735416],[-73.783702,40.735205],[-73.783767,40.734932],[-73.78382,40.734848],[-73.783832,40.734836],[-73.783846,40.734829],[-73.783862,40.734829],[-73.78388,40.734836],[-73.784158,40.73498],[-73.78428,40.735093],[-73.784329,40.735174],[-73.784358,40.735382],[-73.784291,40.735535],[-73.784363,40.735766],[-73.785702,40.738624],[-73.785824,40.738749],[-73.785895,40.738769]]}},{"type":"Feature","properties":{"mode":"bus","n":7,"arr":["Q17","Q45","Q88","QM1","QM5","QM7","QM31"],"lines":"Q17, Q45, Q88, QM1, QM5, QM7, QM31"},"geometry":{"type":"LineString","coordinates":[[-73.783841,40.734816],[-73.783041,40.733131]]}},{"type":"Feature","properties":{"mode":"bus","n":5,"arr":["n20G","n20H","n21","n25","n25/58"],"lines":"n20G, n20H, n21, n25, n25/58"},"geometry":{"type":"LineString","coordinates":[[-73.724815,40.788113],[-73.724656,40.787883],[-73.724607,40.7877],[-73.724687,40.787493],[-73.72474,40.787434],[-73.724772,40.78741],[-73.724814,40.787398],[-73.724955,40.787378],[-73.725826,40.787135],[-73.726249,40.786985],[-73.726618,40.7868]]}},{"type":"Feature","properties":{"mode":"bus","n":9,"arr":["M1","M2","M3","SIM1C","SIM3C","SIM4C","SIM33C","X27","X28"],"lines":"M1, M2, M3, SIM1C, SIM3C, SIM4C, SIM33C, X27, X28"},"geometry":{"type":"LineString","coordinates":[[-73.989871,40.735317],[-73.98898,40.736541]]}},{"type":"Feature","properties":{"mode":"bus","n":26,"arr":["BM1","BM2","BM3","BM4","BxM6","BxM7","BxM8","BxM9","BxM10","BxM18","M1","M2","M3","QM21","QM63","QM64","QM68","SIM4C","SIM6","SIM11","SIM31","SIM33C","X27","X28","X37","X38"],"lines":"BM1, BM2, BM3, BM4, BxM6, BxM7, BxM8, BxM9, BxM10, BxM18, M1, M2, M3, QM21, QM63, QM64, QM68, SIM4C, SIM6, SIM11, SIM31, SIM33C, X27, X28, X37, X38"},"geometry":{"type":"LineString","coordinates":[[-73.987045,40.742157],[-73.985372,40.744454]]}},{"type":"Feature","properties":{"mode":"bus","n":29,"arr":["BM1","BM2","BM3","BM4","BxM3","BxM4","BxM6","BxM7","BxM8","BxM9","BxM10","BxM11","BxM18","M1","M2","M3","QM21","QM63","QM64","QM68","SIM4C","SIM6","SIM11","SIM31","SIM33C","X27","X28","X37","X38"],"lines":"BM1, BM2, BM3, BM4, BxM3, BxM4, BxM6, BxM7, BxM8, BxM9, BxM10, BxM11, BxM18, M1, M2, M3, QM21, QM63, QM64, QM68, SIM4C, SIM6, SIM11, SIM31, SIM33C, X27, X28, X37, X38"},"geometry":{"type":"LineString","coordinates":[[-73.985372,40.744454],[-73.983891,40.746483]]}},{"type":"Feature","properties":{"mode":"bus","n":30,"arr":["BM1","BM2","BM3","BM4","BxM3","BxM4","BxM6","BxM7","BxM8","BxM9","BxM10","BxM11","BxM18","M1","M2","M3","Q32","QM21","QM63","QM64","QM68","SIM4C","SIM6","SIM11","SIM31","SIM33C","X27","X28","X37","X38"],"lines":"BM1, BM2, BM3, BM4, BxM3, BxM4, BxM6, BxM7, BxM8, BxM9, BxM10, BxM11, BxM18, M1, M2, M3, Q32, QM21, QM63, QM64, QM68, SIM4C, SIM6, SIM11, SIM31, SIM33C, X27, X28, X37, X38"},"geometry":{"type":"LineString","coordinates":[[-73.983891,40.746483],[-73.983756,40.746673]]}},{"type":"Feature","properties":{"mode":"bus","n":31,"arr":["BM1","BM2","BM3","BM4","BxM3","BxM4","BxM6","BxM7","BxM8","BxM9","BxM10","BxM11","BxM18","M1","M2","M3","M4","Q32","QM21","QM63","QM64","QM68","SIM4C","SIM6","SIM11","SIM31","SIM33C","X27","X28","X37","X38"],"lines":"BM1, BM2, BM3, BM4, BxM3, BxM4, BxM6, BxM7, BxM8, BxM9, BxM10, BxM11, BxM18, M1, M2, M3, M4, Q32, QM21, QM63, QM64, QM68, SIM4C, SIM6, SIM11, SIM31, SIM33C, X27, X28, X37, X38"},"geometry":{"type":"LineString","coordinates":[[-73.983756,40.746673],[-73.982961,40.747771]]}},{"type":"Feature","properties":{"mode":"bus","n":34,"arr":["BM1","BM2","BM3","BM4","BM5","BxM3","BxM4","BxM6","BxM7","BxM8","BxM9","BxM10","BxM11","BxM18","M1","M2","M3","M4","Q32","QM21","QM63","QM64","QM68","SIM4C","SIM6","SIM11","SIM23","SIM24","SIM31","SIM33C","X27","X28","X37","X38"],"lines":"BM1, BM2, BM3, BM4, BM5, BxM3, BxM4, BxM6, BxM7, BxM8, BxM9, BxM10, BxM11, BxM18, M1, M2, M3, M4, Q32, QM21, QM63, QM64, QM68, SIM4C, SIM6, SIM11, SIM23, SIM24, SIM31, SIM33C, X27, X28, X37, X38"},"geometry":{"type":"LineString","coordinates":[[-73.982961,40.747771],[-73.979287,40.752813]]}},{"type":"Feature","properties":{"mode":"bus","n":39,"arr":["BM1","BM2","BM3","BM4","BM5","BxM3","BxM4","BxM6","BxM7","BxM8","BxM9","BxM10","BxM11","BxM18","M1","M2","M3","M4","Q32","QM21","QM63","QM64","QM68","SIM4C","SIM6","SIM8","SIM11","SIM22","SIM23","SIM24","SIM25","SIM26","SIM30","SIM31","SIM33C","X27","X28","X37","X38"],"lines":"BM1, BM2, BM3, BM4, BM5, BxM3, BxM4, BxM6, BxM7, BxM8, BxM9, BxM10, BxM11, BxM18, M1, M2, M3, M4, Q32, QM21, QM63, QM64, QM68, SIM4C, SIM6, SIM8, SIM11, SIM22, SIM23, SIM24, SIM25, SIM26, SIM30, SIM31, SIM33C, X27, X28, X37, X38"},"geometry":{"type":"LineString","coordinates":[[-73.979287,40.752813],[-73.978732,40.753545],[-73.972365,40.762295]]}},{"type":"Feature","properties":{"mode":"bus","n":18,"arr":["BxM3","BxM4","BxM6","BxM7","BxM8","BxM9","BxM10","BxM11","BxM18","M1","M2","M3","M4","Q32","QM2","QM20","SIM23","SIM24"],"lines":"BxM3, BxM4, BxM6, BxM7, BxM8, BxM9, BxM10, BxM11, BxM18, M1, M2, M3, M4, Q32, QM2, QM20, SIM23, SIM24"},"geometry":{"type":"LineString","coordinates":[[-73.972365,40.762295],[-73.971454,40.763539]]}},{"type":"Feature","properties":{"mode":"bus","n":16,"arr":["BxM3","BxM4","BxM6","BxM7","BxM8","BxM9","BxM10","BxM11","BxM18","M1","M2","M3","M4","Q32","QM2","QM20"],"lines":"BxM3, BxM4, BxM6, BxM7, BxM8, BxM9, BxM10, BxM11, BxM18, M1, M2, M3, M4, Q32, QM2, QM20"},"geometry":{"type":"LineString","coordinates":[[-73.971454,40.763539],[-73.971422,40.763587]]}},{"type":"Feature","properties":{"mode":"bus","n":13,"arr":["BxM3","BxM4","BxM6","BxM7","BxM8","BxM9","BxM10","BxM11","BxM18","M1","M2","M3","M4"],"lines":"BxM3, BxM4, BxM6, BxM7, BxM8, BxM9, BxM10, BxM11, BxM18, M1, M2, M3, M4"},"geometry":{"type":"LineString","coordinates":[[-73.971422,40.763587],[-73.968662,40.767357]]}},{"type":"Feature","properties":{"mode":"bus","n":13,"arr":["BxM3","BxM4","BxM6","BxM7","BxM8","BxM9","BxM10","BxM11","BxM18","M1","M2","M3","M4"],"lines":"BxM3, BxM4, BxM6, BxM7, BxM8, BxM9, BxM10, BxM11, BxM18, M1, M2, M3, M4"},"geometry":{"type":"LineString","coordinates":[[-73.96372,40.776991],[-73.967032,40.772456]]}},{"type":"Feature","properties":{"mode":"bus","n":13,"arr":["BxM3","BxM4","BxM6","BxM7","BxM8","BxM9","BxM10","BxM11","BxM18","M1","M2","M3","M4"],"lines":"BxM3, BxM4, BxM6, BxM7, BxM8, BxM9, BxM10, BxM11, BxM18, M1, M2, M3, M4"},"geometry":{"type":"LineString","coordinates":[[-73.972499,40.764999],[-73.969822,40.76865]]}},{"type":"Feature","properties":{"mode":"bus","n":15,"arr":["BxM3","BxM4","BxM6","BxM7","BxM8","BxM9","BxM10","BxM11","BxM18","M1","M2","M3","M4","M66","M72"],"lines":"BxM3, BxM4, BxM6, BxM7, BxM8, BxM9, BxM10, BxM11, BxM18, M1, M2, M3, M4, M66, M72"},"geometry":{"type":"LineString","coordinates":[[-73.968662,40.767357],[-73.967303,40.769226]]}},{"type":"Feature","properties":{"mode":"bus","n":15,"arr":["BxM3","BxM4","BxM6","BxM7","BxM8","BxM9","BxM10","BxM11","BxM18","M1","M2","M3","M4","M66","M72"],"lines":"BxM3, BxM4, BxM6, BxM7, BxM8, BxM9, BxM10, BxM11, BxM18, M1, M2, M3, M4, M66, M72"},"geometry":{"type":"LineString","coordinates":[[-73.969822,40.76865],[-73.969362,40.769276]]}},{"type":"Feature","properties":{"mode":"bus","n":14,"arr":["BxM3","BxM4","BxM6","BxM7","BxM8","BxM9","BxM10","BxM11","BxM18","M1","M2","M3","M4","M72"],"lines":"BxM3, BxM4, BxM6, BxM7, BxM8, BxM9, BxM10, BxM11, BxM18, M1, M2, M3, M4, M72"},"geometry":{"type":"LineString","coordinates":[[-73.967303,40.769226],[-73.965434,40.771783]]}},{"type":"Feature","properties":{"mode":"bus","n":14,"arr":["BxM3","BxM4","BxM6","BxM7","BxM8","BxM9","BxM10","BxM11","BxM18","M1","M2","M3","M4","M72"],"lines":"BxM3, BxM4, BxM6, BxM7, BxM8, BxM9, BxM10, BxM11, BxM18, M1, M2, M3, M4, M72"},"geometry":{"type":"LineString","coordinates":[[-73.967032,40.772456],[-73.969362,40.769276]]}},{"type":"Feature","properties":{"mode":"bus","n":8,"arr":["BxM3","BxM4","BxM11","BxM18","M1","M2","M3","M4"],"lines":"BxM3, BxM4, BxM11, BxM18, M1, M2, M3, M4"},"geometry":{"type":"LineString","coordinates":[[-73.965434,40.771783],[-73.962135,40.776334]]}},{"type":"Feature","properties":{"mode":"bus","n":9,"arr":["BxM2","BxM3","BxM4","BxM11","BxM18","M1","M2","M3","M4"],"lines":"BxM2, BxM3, BxM4, BxM11, BxM18, M1, M2, M3, M4"},"geometry":{"type":"LineString","coordinates":[[-73.962135,40.776334],[-73.959774,40.779545]]}},{"type":"Feature","properties":{"mode":"bus","n":9,"arr":["BxM2","BxM3","BxM4","BxM11","BxM18","M1","M2","M3","M4"],"lines":"BxM2, BxM3, BxM4, BxM11, BxM18, M1, M2, M3, M4"},"geometry":{"type":"LineString","coordinates":[[-73.954162,40.787231],[-73.958801,40.78086]]}},{"type":"Feature","properties":{"mode":"bus","n":9,"arr":["BxM2","BxM3","BxM4","BxM11","BxM18","M1","M2","M3","M4"],"lines":"BxM2, BxM3, BxM4, BxM11, BxM18, M1, M2, M3, M4"},"geometry":{"type":"LineString","coordinates":[[-73.947649,40.796163],[-73.949506,40.793616]]}},{"type":"Feature","properties":{"mode":"bus","n":10,"arr":["BxM2","BxM3","BxM4","BxM11","BxM18","M1","M2","M3","M4","M86-SBS"],"lines":"BxM2, BxM3, BxM4, BxM11, BxM18, M1, M2, M3, M4, M86-SBS"},"geometry":{"type":"LineString","coordinates":[[-73.959774,40.779545],[-73.958801,40.78086]]}},{"type":"Feature","properties":{"mode":"bus","n":11,"arr":["BxM2","BxM3","BxM4","BxM11","BxM18","M1","M2","M3","M4","M96","M106"],"lines":"BxM2, BxM3, BxM4, BxM11, BxM18, M1, M2, M3, M4, M96, M106"},"geometry":{"type":"LineString","coordinates":[[-73.953672,40.787902],[-73.954162,40.787231]]}},{"type":"Feature","properties":{"mode":"bus","n":10,"arr":["BxM2","BxM3","BxM4","BxM11","BxM18","M1","M2","M3","M4","M106"],"lines":"BxM2, BxM3, BxM4, BxM11, BxM18, M1, M2, M3, M4, M106"},"geometry":{"type":"LineString","coordinates":[[-73.949506,40.793616],[-73.953672,40.787902]]}},{"type":"Feature","properties":{"mode":"bus","n":6,"arr":["BxM2","BxM3","BxM4","BxM11","BxM18","M1"],"lines":"BxM2, BxM3, BxM4, BxM11, BxM18, M1"},"geometry":{"type":"LineString","coordinates":[[-73.944841,40.799978],[-73.947649,40.796163]]}},{"type":"Feature","properties":{"mode":"bus","n":5,"arr":["BxM2","BxM3","BxM4","BxM18","M1"],"lines":"BxM2, BxM3, BxM4, BxM18, M1"},"geometry":{"type":"LineString","coordinates":[[-73.93608,40.812096],[-73.93638,40.811653],[-73.936496,40.811421],[-73.940708,40.805648],[-73.942937,40.802641],[-73.943053,40.802443],[-73.944841,40.799978]]}},{"type":"Feature","properties":{"mode":"bus","n":5,"arr":["BxM2","BxM3","BxM4","BxM18","M1"],"lines":"BxM2, BxM3, BxM4, BxM18, M1"},"geometry":{"type":"LineString","coordinates":[[-73.936105,40.814772],[-73.936239,40.814652]]}},{"type":"Feature","properties":{"mode":"bus","n":6,"arr":["BxM1","BxM2","BxM3","BxM4","BxM18","M1"],"lines":"BxM1, BxM2, BxM3, BxM4, BxM18, M1"},"geometry":{"type":"LineString","coordinates":[[-73.936239,40.814652],[-73.938649,40.811393],[-73.942735,40.80577],[-73.942748,40.805757],[-73.942763,40.80575],[-73.94278,40.80575],[-73.9428,40.805756],[-73.944299,40.806386],[-73.944325,40.806393],[-73.944347,40.806388],[-73.944365,40.806373],[-73.944805,40.805787],[-73.946159,40.803922],[-73.946167,40.803902],[-73.946161,40.803886],[-73.94614,40.803872],[-73.944664,40.803248],[-73.944643,40.803234],[-73.944636,40.803218],[-73.944644,40.803198],[-73.945049,40.802604],[-73.946462,40.800665]]}},{"type":"Feature","properties":{"mode":"bus","n":11,"arr":["BxM1","BxM2","BxM3","BxM4","BxM6","BxM7","BxM8","BxM9","BxM11","BxM18","M1"],"lines":"BxM1, BxM2, BxM3, BxM4, BxM6, BxM7, BxM8, BxM9, BxM11, BxM18, M1"},"geometry":{"type":"LineString","coordinates":[[-73.946462,40.800665],[-73.949408,40.796636]]}},{"type":"Feature","properties":{"mode":"bus","n":14,"arr":["BxM1","BxM2","BxM3","BxM4","BxM6","BxM7","BxM8","BxM9","BxM11","BxM18","M1","M2","M3","M4"],"lines":"BxM1, BxM2, BxM3, BxM4, BxM6, BxM7, BxM8, BxM9, BxM11, BxM18, M1, M2, M3, M4"},"geometry":{"type":"LineString","coordinates":[[-73.949408,40.796636],[-73.951111,40.794285]]}},{"type":"Feature","properties":{"mode":"bus","n":14,"arr":["BxM1","BxM2","BxM3","BxM4","BxM6","BxM7","BxM8","BxM9","BxM11","BxM18","M1","M2","M3","M4"],"lines":"BxM1, BxM2, BxM3, BxM4, BxM6, BxM7, BxM8, BxM9, BxM11, BxM18, M1, M2, M3, M4"},"geometry":{"type":"LineString","coordinates":[[-73.955265,40.788585],[-73.955767,40.787901]]}},{"type":"Feature","properties":{"mode":"bus","n":15,"arr":["BxM1","BxM2","BxM3","BxM4","BxM6","BxM7","BxM8","BxM9","BxM11","BxM18","M1","M2","M3","M4","M106"],"lines":"BxM1, BxM2, BxM3, BxM4, BxM6, BxM7, BxM8, BxM9, BxM11, BxM18, M1, M2, M3, M4, M106"},"geometry":{"type":"LineString","coordinates":[[-73.951111,40.794285],[-73.955265,40.788585]]}},{"type":"Feature","properties":{"mode":"bus","n":13,"arr":["BxM2","BxM3","BxM4","BxM6","BxM7","BxM8","BxM9","BxM11","BxM18","M1","M2","M3","M4"],"lines":"BxM2, BxM3, BxM4, BxM6, BxM7, BxM8, BxM9, BxM11, BxM18, M1, M2, M3, M4"},"geometry":{"type":"LineString","coordinates":[[-73.955767,40.787901],[-73.960415,40.781534]]}},{"type":"Feature","properties":{"mode":"bus","n":15,"arr":["BxM2","BxM3","BxM4","BxM6","BxM7","BxM8","BxM9","BxM10","BxM11","BxM18","M1","M2","M3","M4","M86-SBS"],"lines":"BxM2, BxM3, BxM4, BxM6, BxM7, BxM8, BxM9, BxM10, BxM11, BxM18, M1, M2, M3, M4, M86-SBS"},"geometry":{"type":"LineString","coordinates":[[-73.960415,40.781534],[-73.960909,40.78085]]}},{"type":"Feature","properties":{"mode":"bus","n":14,"arr":["BxM2","BxM3","BxM4","BxM6","BxM7","BxM8","BxM9","BxM10","BxM11","BxM18","M1","M2","M3","M4"],"lines":"BxM2, BxM3, BxM4, BxM6, BxM7, BxM8, BxM9, BxM10, BxM11, BxM18, M1, M2, M3, M4"},"geometry":{"type":"LineString","coordinates":[[-73.960909,40.78085],[-73.96372,40.776991]]}},{"type":"Feature","properties":{"mode":"bus","n":14,"arr":["BxM3","BxM4","BxM6","BxM7","BxM8","BxM9","BxM10","BxM11","BxM18","M1","M2","M3","M4","Q32"],"lines":"BxM3, BxM4, BxM6, BxM7, BxM8, BxM9, BxM10, BxM11, BxM18, M1, M2, M3, M4, Q32"},"geometry":{"type":"LineString","coordinates":[[-73.973029,40.764275],[-73.972499,40.764999]]}},{"type":"Feature","properties":{"mode":"bus","n":15,"arr":["BxM3","BxM4","BxM6","BxM7","BxM8","BxM9","BxM10","BxM11","BxM18","M1","M2","M3","M4","M5","Q32"],"lines":"BxM3, BxM4, BxM6, BxM7, BxM8, BxM9, BxM10, BxM11, BxM18, M1, M2, M3, M4, M5, Q32"},"geometry":{"type":"LineString","coordinates":[[-73.973071,40.764217],[-73.973029,40.764275]]}},{"type":"Feature","properties":{"mode":"bus","n":17,"arr":["BxM3","BxM4","BxM6","BxM7","BxM8","BxM9","BxM10","BxM11","BxM18","M1","M2","M3","M4","M5","Q32","SIM23","SIM24"],"lines":"BxM3, BxM4, BxM6, BxM7, BxM8, BxM9, BxM10, BxM11, BxM18, M1, M2, M3, M4, M5, Q32, SIM23, SIM24"},"geometry":{"type":"LineString","coordinates":[[-73.973898,40.763077],[-73.973071,40.764217]]}},{"type":"Feature","properties":{"mode":"bus","n":22,"arr":["BM1","BM2","BM3","BM4","BM5","BxM3","BxM4","BxM6","BxM7","BxM8","BxM9","BxM10","BxM11","BxM18","M1","M2","M3","M4","M5","Q32","SIM23","SIM24"],"lines":"BM1, BM2, BM3, BM4, BM5, BxM3, BxM4, BxM6, BxM7, BxM8, BxM9, BxM10, BxM11, BxM18, M1, M2, M3, M4, M5, Q32, SIM23, SIM24"},"geometry":{"type":"LineString","coordinates":[[-73.973974,40.762972],[-73.973898,40.763077]]}},{"type":"Feature","properties":{"mode":"bus","n":36,"arr":["BM1","BM2","BM3","BM4","BM5","BxM3","BxM4","BxM6","BxM7","BxM8","BxM9","BxM10","BxM11","BxM18","M1","M2","M3","M4","M5","Q32","SIM1C","SIM3","SIM3C","SIM4C","SIM8","SIM10","SIM23","SIM24","SIM25","SIM30","SIM31","SIM33C","X27","X28","X37","X38"],"lines":"BM1, BM2, BM3, BM4, BM5, BxM3, BxM4, BxM6, BxM7, BxM8, BxM9, BxM10, BxM11, BxM18, M1, M2, M3, M4, M5, Q32, SIM1C, SIM3, SIM3C, SIM4C, SIM8, SIM10, SIM23, SIM24, SIM25, SIM30, SIM31, SIM33C, X27, X28, X37, X38"},"geometry":{"type":"LineString","coordinates":[[-73.973974,40.762972],[-73.979943,40.754783]]}},{"type":"Feature","properties":{"mode":"bus","n":37,"arr":["BM1","BM2","BM3","BM4","BM5","BxM3","BxM4","BxM6","BxM7","BxM8","BxM9","BxM10","BxM11","BxM18","M1","M2","M3","M4","M5","M55","Q32","SIM1C","SIM3","SIM3C","SIM4C","SIM8","SIM10","SIM23","SIM24","SIM25","SIM30","SIM31","SIM33C","X27","X28","X37","X38"],"lines":"BM1, BM2, BM3, BM4, BM5, BxM3, BxM4, BxM6, BxM7, BxM8, BxM9, BxM10, BxM11, BxM18, M1, M2, M3, M4, M5, M55, Q32, SIM1C, SIM3, SIM3C, SIM4C, SIM8, SIM10, SIM23, SIM24, SIM25, SIM30, SIM31, SIM33C, X27, X28, X37, X38"},"geometry":{"type":"LineString","coordinates":[[-73.980879,40.753481],[-73.979943,40.754783]]}},{"type":"Feature","properties":{"mode":"bus","n":34,"arr":["BM1","BM2","BM3","BM4","BM5","BxM3","BxM4","BxM6","BxM7","BxM8","BxM9","BxM10","BxM11","BxM18","M1","M2","M3","M4","M5","M55","Q32","SIM1C","SIM3","SIM3C","SIM4C","SIM10","SIM23","SIM24","SIM31","SIM33C","X27","X28","X37","X38"],"lines":"BM1, BM2, BM3, BM4, BM5, BxM3, BxM4, BxM6, BxM7, BxM8, BxM9, BxM10, BxM11, BxM18, M1, M2, M3, M4, M5, M55, Q32, SIM1C, SIM3, SIM3C, SIM4C, SIM10, SIM23, SIM24, SIM31, SIM33C, X27, X28, X37, X38"},"geometry":{"type":"LineString","coordinates":[[-73.983175,40.750342],[-73.980879,40.753481]]}},{"type":"Feature","properties":{"mode":"bus","n":33,"arr":["BM1","BM2","BM3","BM4","BM5","BxM3","BxM4","BxM6","BxM7","BxM8","BxM9","BxM10","BxM11","BxM18","M1","M2","M3","M4","M5","M55","SIM1C","SIM3","SIM3C","SIM4C","SIM10","SIM23","SIM24","SIM31","SIM33C","X27","X28","X37","X38"],"lines":"BM1, BM2, BM3, BM4, BM5, BxM3, BxM4, BxM6, BxM7, BxM8, BxM9, BxM10, BxM11, BxM18, M1, M2, M3, M4, M5, M55, SIM1C, SIM3, SIM3C, SIM4C, SIM10, SIM23, SIM24, SIM31, SIM33C, X27, X28, X37, X38"},"geometry":{"type":"LineString","coordinates":[[-73.984545,40.748454],[-73.983175,40.750342]]}},{"type":"Feature","properties":{"mode":"bus","n":30,"arr":["BM1","BM2","BM3","BM4","BxM3","BxM4","BxM6","BxM7","BxM8","BxM9","BxM10","BxM11","BxM18","M1","M2","M3","M4","M5","M55","SIM1C","SIM3","SIM3C","SIM4C","SIM10","SIM31","SIM33C","X27","X28","X37","X38"],"lines":"BM1, BM2, BM3, BM4, BxM3, BxM4, BxM6, BxM7, BxM8, BxM9, BxM10, BxM11, BxM18, M1, M2, M3, M4, M5, M55, SIM1C, SIM3, SIM3C, SIM4C, SIM10, SIM31, SIM33C, X27, X28, X37, X38"},"geometry":{"type":"LineString","coordinates":[[-73.98549,40.747152],[-73.984545,40.748454]]}},{"type":"Feature","properties":{"mode":"bus","n":29,"arr":["BM1","BM2","BM3","BM4","BxM3","BxM4","BxM6","BxM7","BxM8","BxM9","BxM10","BxM11","BxM18","M1","M2","M3","M5","M55","SIM1C","SIM3","SIM3C","SIM4C","SIM10","SIM31","SIM33C","X27","X28","X37","X38"],"lines":"BM1, BM2, BM3, BM4, BxM3, BxM4, BxM6, BxM7, BxM8, BxM9, BxM10, BxM11, BxM18, M1, M2, M3, M5, M55, SIM1C, SIM3, SIM3C, SIM4C, SIM10, SIM31, SIM33C, X27, X28, X37, X38"},"geometry":{"type":"LineString","coordinates":[[-73.985943,40.746531],[-73.98549,40.747152]]}},{"type":"Feature","properties":{"mode":"bus","n":28,"arr":["BM1","BM2","BM3","BM4","BxM3","BxM4","BxM6","BxM7","BxM8","BxM9","BxM10","BxM11","BxM18","M1","M2","M3","M55","SIM1C","SIM3","SIM3C","SIM4C","SIM10","SIM31","SIM33C","X27","X28","X37","X38"],"lines":"BM1, BM2, BM3, BM4, BxM3, BxM4, BxM6, BxM7, BxM8, BxM9, BxM10, BxM11, BxM18, M1, M2, M3, M55, SIM1C, SIM3, SIM3C, SIM4C, SIM10, SIM31, SIM33C, X27, X28, X37, X38"},"geometry":{"type":"LineString","coordinates":[[-73.987952,40.743782],[-73.985943,40.746531]]}},{"type":"Feature","properties":{"mode":"bus","n":25,"arr":["BM1","BM2","BM3","BM4","BxM6","BxM7","BxM8","BxM9","BxM10","BxM18","M1","M2","M3","M55","SIM1C","SIM3","SIM3C","SIM4C","SIM10","SIM31","SIM33C","X27","X28","X37","X38"],"lines":"BM1, BM2, BM3, BM4, BxM6, BxM7, BxM8, BxM9, BxM10, BxM18, M1, M2, M3, M55, SIM1C, SIM3, SIM3C, SIM4C, SIM10, SIM31, SIM33C, X27, X28, X37, X38"},"geometry":{"type":"LineString","coordinates":[[-73.988325,40.743275],[-73.987952,40.743782]]}},{"type":"Feature","properties":{"mode":"bus","n":15,"arr":["BM1","BM2","BM3","BM4","BxM6","BxM7","BxM8","BxM9","BxM10","BxM18","M1","M2","M3","M55","SIM31"],"lines":"BM1, BM2, BM3, BM4, BxM6, BxM7, BxM8, BxM9, BxM10, BxM18, M1, M2, M3, M55, SIM31"},"geometry":{"type":"LineString","coordinates":[[-73.988662,40.742832],[-73.988325,40.743275]]}},{"type":"Feature","properties":{"mode":"bus","n":5,"arr":["BxM18","M1","M2","M3","M55"],"lines":"BxM18, M1, M2, M3, M55"},"geometry":{"type":"LineString","coordinates":[[-73.996368,40.732261],[-73.995477,40.733503],[-73.994118,40.735313],[-73.992248,40.737924],[-73.988662,40.742832]]}},{"type":"Feature","properties":{"mode":"bus","n":6,"arr":["BxM18","M1","M2","M3","M8","M55"],"lines":"BxM18, M1, M2, M3, M8, M55"},"geometry":{"type":"LineString","coordinates":[[-73.992414,40.730601],[-73.996368,40.732261]]}},{"type":"Feature","properties":{"mode":"bus","n":12,"arr":["BxM18","M1","M55","SIM1C","SIM3C","SIM4C","SIM7","SIM9","SIM33","SIM33C","X27","X28"],"lines":"BxM18, M1, M55, SIM1C, SIM3C, SIM4C, SIM7, SIM9, SIM33, SIM33C, X27, X28"},"geometry":{"type":"LineString","coordinates":[[-73.996813,40.725384],[-73.992414,40.730601]]}},{"type":"Feature","properties":{"mode":"bus","n":9,"arr":["BxM18","M1","M55","SIM1C","SIM3C","SIM4C","SIM33C","X27","X28"],"lines":"BxM18, M1, M55, SIM1C, SIM3C, SIM4C, SIM33C, X27, X28"},"geometry":{"type":"LineString","coordinates":[[-73.997061,40.725092],[-73.996813,40.725384]]}},{"type":"Feature","properties":{"mode":"bus","n":11,"arr":["BxM18","M1","M55","SIM1","SIM1C","SIM3C","SIM4C","SIM33C","SIM34","X27","X28"],"lines":"BxM18, M1, M55, SIM1, SIM1C, SIM3C, SIM4C, SIM33C, SIM34, X27, X28"},"geometry":{"type":"LineString","coordinates":[[-74.000662,40.720846],[-73.997061,40.725092]]}},{"type":"Feature","properties":{"mode":"bus","n":5,"arr":["Bx7","M2","M3","M5","M100"],"lines":"Bx7, M2, M3, M5, M100"},"geometry":{"type":"LineString","coordinates":[[-73.940775,40.83993],[-73.939865,40.841122]]}},{"type":"Feature","properties":{"mode":"bus","n":7,"arr":["M5","M7","M55","SIM1C","SIM3","SIM3C","SIM10"],"lines":"M5, M7, M55, SIM1C, SIM3, SIM3C, SIM10"},"geometry":{"type":"LineString","coordinates":[[-73.989157,40.747896],[-73.987746,40.749801]]}},{"type":"Feature","properties":{"mode":"bus","n":20,"arr":["M5","M7","M55","QM1","QM2","QM4","QM5","QM6","QM10","QM12","QM15","QM16","QM17","QM18","QM20","QM24","SIM1C","SIM3","SIM3C","SIM10"],"lines":"M5, M7, M55, QM1, QM2, QM4, QM5, QM6, QM10, QM12, QM15, QM16, QM17, QM18, QM20, QM24, SIM1C, SIM3, SIM3C, SIM10"},"geometry":{"type":"LineString","coordinates":[[-73.987746,40.749801],[-73.987326,40.750406]]}},{"type":"Feature","properties":{"mode":"bus","n":21,"arr":["BxM2","M5","M7","M55","QM1","QM2","QM4","QM5","QM6","QM10","QM12","QM15","QM16","QM17","QM18","QM20","QM24","SIM1C","SIM3","SIM3C","SIM10"],"lines":"BxM2, M5, M7, M55, QM1, QM2, QM4, QM5, QM6, QM10, QM12, QM15, QM16, QM17, QM18, QM20, QM24, SIM1C, SIM3, SIM3C, SIM10"},"geometry":{"type":"LineString","coordinates":[[-73.987326,40.750406],[-73.983166,40.756142]]}},{"type":"Feature","properties":{"mode":"bus","n":20,"arr":["BxM2","M5","M7","QM1","QM2","QM4","QM5","QM6","QM10","QM12","QM15","QM16","QM17","QM18","QM20","QM24","SIM1C","SIM3","SIM3C","SIM10"],"lines":"BxM2, M5, M7, QM1, QM2, QM4, QM5, QM6, QM10, QM12, QM15, QM16, QM17, QM18, QM20, QM24, SIM1C, SIM3, SIM3C, SIM10"},"geometry":{"type":"LineString","coordinates":[[-73.983166,40.756142],[-73.977196,40.764324]]}},{"type":"Feature","properties":{"mode":"bus","n":10,"arr":["BxM2","M5","M7","SIM1C","SIM3","SIM3C","SIM4C","SIM10","SIM30","SIM33C"],"lines":"BxM2, M5, M7, SIM1C, SIM3, SIM3C, SIM4C, SIM10, SIM30, SIM33C"},"geometry":{"type":"LineString","coordinates":[[-73.977196,40.764324],[-73.976289,40.765575],[-73.976259,40.765646],[-73.976255,40.765667],[-73.976264,40.765684],[-73.976286,40.765698],[-73.976788,40.765909]]}},{"type":"Feature","properties":{"mode":"bus","n":10,"arr":["BxM2","M5","M7","SIM1C","SIM3","SIM3C","SIM4C","SIM10","SIM30","SIM33C"],"lines":"BxM2, M5, M7, SIM1C, SIM3, SIM3C, SIM4C, SIM10, SIM30, SIM33C"},"geometry":{"type":"LineString","coordinates":[[-73.979076,40.766876],[-73.977643,40.766271]]}},{"type":"Feature","properties":{"mode":"bus","n":6,"arr":["BxM2","M5","M7","SIM4C","SIM30","SIM33C"],"lines":"BxM2, M5, M7, SIM4C, SIM30, SIM33C"},"geometry":{"type":"LineString","coordinates":[[-73.976788,40.765909],[-73.977098,40.766041]]}},{"type":"Feature","properties":{"mode":"bus","n":5,"arr":["BxM2","M5","M7","M20","M104"],"lines":"BxM2, M5, M7, M20, M104"},"geometry":{"type":"LineString","coordinates":[[-73.979076,40.766876],[-73.980785,40.767599]]}},{"type":"Feature","properties":{"mode":"bus","n":5,"arr":["BxM2","M5","M7","M20","M104"],"lines":"BxM2, M5, M7, M20, M104"},"geometry":{"type":"LineString","coordinates":[[-73.98226,40.771435],[-73.982286,40.772656]]}},{"type":"Feature","properties":{"mode":"bus","n":5,"arr":["BxM2","M5","M7","M11","M104"],"lines":"BxM2, M5, M7, M11, M104"},"geometry":{"type":"LineString","coordinates":[[-73.981892,40.778188],[-73.98161,40.778601]]}},{"type":"Feature","properties":{"mode":"bus","n":8,"arr":["M5","M7","SIM1C","SIM3C","SIM4C","SIM10","SIM30","SIM33C"],"lines":"M5, M7, SIM1C, SIM3C, SIM4C, SIM10, SIM30, SIM33C"},"geometry":{"type":"LineString","coordinates":[[-73.976124,40.76563],[-73.976244,40.76568]]}},{"type":"Feature","properties":{"mode":"bus","n":9,"arr":["BxM18","M7","M55","SIM1C","SIM3C","SIM4C","SIM33C","X27","X28"],"lines":"BxM18, M7, M55, SIM1C, SIM3C, SIM4C, SIM33C, X27, X28"},"geometry":{"type":"LineString","coordinates":[[-73.996833,40.737371],[-73.992798,40.74291]]}},{"type":"Feature","properties":{"mode":"bus","n":6,"arr":["M7","M55","SIM1C","SIM3","SIM3C","SIM10"],"lines":"M7, M55, SIM1C, SIM3, SIM3C, SIM10"},"geometry":{"type":"LineString","coordinates":[[-73.992798,40.74291],[-73.989157,40.747896]]}},{"type":"Feature","properties":{"mode":"bus","n":11,"arr":["BxM2","M7","M20","M104","SIM1C","SIM3","SIM3C","SIM4C","SIM10","SIM30","SIM33C"],"lines":"BxM2, M7, M20, M104, SIM1C, SIM3, SIM3C, SIM4C, SIM10, SIM30, SIM33C"},"geometry":{"type":"LineString","coordinates":[[-73.980036,40.765521],[-73.979076,40.766876]]}},{"type":"Feature","properties":{"mode":"bus","n":12,"arr":["BxM18","M7","M55","SIM1C","SIM3C","SIM4C","SIM7","SIM9","SIM33","SIM33C","X27","X28"],"lines":"BxM18, M7, M55, SIM1C, SIM3C, SIM4C, SIM7, SIM9, SIM33, SIM33C, X27, X28"},"geometry":{"type":"LineString","coordinates":[[-73.99684,40.737361],[-73.996833,40.737371]]}},{"type":"Feature","properties":{"mode":"bus","n":5,"arr":["M9","M20","SIM7","SIM9","SIM33"],"lines":"M9, M20, SIM7, SIM9, SIM33"},"geometry":{"type":"LineString","coordinates":[[-74.013212,40.715223],[-74.013384,40.714539],[-74.013959,40.713],[-74.01416,40.712179],[-74.014397,40.711005]]}},{"type":"Feature","properties":{"mode":"bus","n":5,"arr":["M9","M20","SIM7","SIM9","SIM33"],"lines":"M9, M20, SIM7, SIM9, SIM33"},"geometry":{"type":"LineString","coordinates":[[-74.014659,40.711116],[-74.01442,40.712172],[-74.013941,40.713791]]}},{"type":"Feature","properties":{"mode":"bus","n":17,"arr":["BxM18","M9","M22","M55","NJ120","SIM1","SIM1C","SIM2","SIM3C","SIM4","SIM4C","SIM15","SIM32","SIM33C","SIM34","X27","X28"],"lines":"BxM18, M9, M22, M55, 120, SIM1, SIM1C, SIM2, SIM3C, SIM4, SIM4C, SIM15, SIM32, SIM33C, SIM34, X27, X28"},"geometry":{"type":"LineString","coordinates":[[-74.007668,40.712544],[-74.006753,40.713618]]}},{"type":"Feature","properties":{"mode":"bus","n":21,"arr":["BM1","BM2","BM3","BM4","BxM18","M9","M22","M55","NJ120","SIM1","SIM1C","SIM2","SIM3C","SIM4","SIM4C","SIM15","SIM32","SIM33C","SIM34","X27","X28"],"lines":"BM1, BM2, BM3, BM4, BxM18, M9, M22, M55, 120, SIM1, SIM1C, SIM2, SIM3C, SIM4, SIM4C, SIM15, SIM32, SIM33C, SIM34, X27, X28"},"geometry":{"type":"LineString","coordinates":[[-74.008655,40.711395],[-74.007668,40.712544]]}},{"type":"Feature","properties":{"mode":"bus","n":12,"arr":["BM1","BM2","BM3","BM4","M9","M22","QM7","QM8","QM11","QM25","QM65","SIM15"],"lines":"BM1, BM2, BM3, BM4, M9, M22, QM7, QM8, QM11, QM25, QM65, SIM15"},"geometry":{"type":"LineString","coordinates":[[-74.0071,40.711668],[-74.007946,40.711464],[-74.008418,40.71132],[-74.008527,40.711328],[-74.008655,40.711395]]}},{"type":"Feature","properties":{"mode":"bus","n":13,"arr":["BM1","BM2","BM3","BM4","M9","M22","M103","QM7","QM8","QM11","QM25","QM65","SIM15"],"lines":"BM1, BM2, BM3, BM4, M9, M22, M103, QM7, QM8, QM11, QM25, QM65, SIM15"},"geometry":{"type":"LineString","coordinates":[[-74.004776,40.711727],[-74.005192,40.711981],[-74.005349,40.712016],[-74.006136,40.711901],[-74.0071,40.711668]]}},{"type":"Feature","properties":{"mode":"bus","n":8,"arr":["M9","SIM3","SIM6","SIM10","SIM11","SIM31","X37","X38"],"lines":"M9, SIM3, SIM6, SIM10, SIM11, SIM31, X37, X38"},"geometry":{"type":"LineString","coordinates":[[-73.973937,40.730962],[-73.974013,40.731289]]}},{"type":"Feature","properties":{"mode":"bus","n":12,"arr":["BM1","BM2","BM3","BM4","M9","SIM3","SIM6","SIM10","SIM11","SIM31","X37","X38"],"lines":"BM1, BM2, BM3, BM4, M9, SIM3, SIM6, SIM10, SIM11, SIM31, X37, X38"},"geometry":{"type":"LineString","coordinates":[[-73.974441,40.732738],[-73.974356,40.73239],[-73.974255,40.732242],[-73.974013,40.731289]]}},{"type":"Feature","properties":{"mode":"bus","n":12,"arr":["BM1","BM2","BM3","BM4","M9","SIM3","SIM6","SIM10","SIM11","SIM31","X37","X38"],"lines":"BM1, BM2, BM3, BM4, M9, SIM3, SIM6, SIM10, SIM11, SIM31, X37, X38"},"geometry":{"type":"LineString","coordinates":[[-73.974516,40.732855],[-73.974567,40.732992]]}},{"type":"Feature","properties":{"mode":"bus","n":9,"arr":["M9","M15","M15-SBS","M34-SBS","M34A-SBS","QM21","QM63","QM64","QM68"],"lines":"M9, M15, M15-SBS, M34-SBS, M34A-SBS, QM21, QM63, QM64, QM68"},"geometry":{"type":"LineString","coordinates":[[-73.97817,40.741655],[-73.978601,40.7411],[-73.980912,40.737889]]}},{"type":"Feature","properties":{"mode":"bus","n":18,"arr":["BM1","BM2","BM3","BM4","M9","M23-SBS","M34-SBS","M34A-SBS","QM63","QM64","QM68","SIM3","SIM6","SIM10","SIM11","SIM31","X37","X38"],"lines":"BM1, BM2, BM3, BM4, M9, M23-SBS, M34-SBS, M34A-SBS, QM63, QM64, QM68, SIM3, SIM6, SIM10, SIM11, SIM31, X37, X38"},"geometry":{"type":"LineString","coordinates":[[-73.980912,40.737889],[-73.979188,40.737168]]}},{"type":"Feature","properties":{"mode":"bus","n":15,"arr":["BM1","BM2","BM3","BM4","M9","M23-SBS","M34-SBS","M34A-SBS","SIM3","SIM6","SIM10","SIM11","SIM31","X37","X38"],"lines":"BM1, BM2, BM3, BM4, M9, M23-SBS, M34-SBS, M34A-SBS, SIM3, SIM6, SIM10, SIM11, SIM31, X37, X38"},"geometry":{"type":"LineString","coordinates":[[-73.979188,40.737168],[-73.978083,40.736699]]}},{"type":"Feature","properties":{"mode":"bus","n":14,"arr":["BM1","BM2","BM3","BM4","M9","M34-SBS","M34A-SBS","SIM3","SIM6","SIM10","SIM11","SIM31","X37","X38"],"lines":"BM1, BM2, BM3, BM4, M9, M34-SBS, M34A-SBS, SIM3, SIM6, SIM10, SIM11, SIM31, X37, X38"},"geometry":{"type":"LineString","coordinates":[[-73.978083,40.736699],[-73.975136,40.735456]]}},{"type":"Feature","properties":{"mode":"bus","n":10,"arr":["BM1","BM2","BM3","BM4","M9","SIM3","SIM6","SIM10","SIM11","SIM31"],"lines":"BM1, BM2, BM3, BM4, M9, SIM3, SIM6, SIM10, SIM11, SIM31"},"geometry":{"type":"LineString","coordinates":[[-73.975136,40.735456],[-73.975143,40.735303]]}},{"type":"Feature","properties":{"mode":"bus","n":13,"arr":["BM1","BM2","BM3","BM4","M9","M23-SBS","SIM3","SIM6","SIM10","SIM11","SIM31","X37","X38"],"lines":"BM1, BM2, BM3, BM4, M9, M23-SBS, SIM3, SIM6, SIM10, SIM11, SIM31, X37, X38"},"geometry":{"type":"LineString","coordinates":[[-73.975143,40.735303],[-73.974567,40.732992]]}},{"type":"Feature","properties":{"mode":"bus","n":13,"arr":["BM1","BM2","BM3","BM4","M9","M23-SBS","SIM3","SIM6","SIM10","SIM11","SIM31","X37","X38"],"lines":"BM1, BM2, BM3, BM4, M9, M23-SBS, SIM3, SIM6, SIM10, SIM11, SIM31, X37, X38"},"geometry":{"type":"LineString","coordinates":[[-73.974441,40.732738],[-73.974516,40.732855]]}},{"type":"Feature","properties":{"mode":"bus","n":20,"arr":["BM1","BM2","BM3","BM4","BxM18","M9","M55","NJ120","SIM1","SIM1C","SIM2","SIM3C","SIM4","SIM4C","SIM15","SIM32","SIM33C","SIM34","X27","X28"],"lines":"BM1, BM2, BM3, BM4, BxM18, M9, M55, 120, SIM1, SIM1C, SIM2, SIM3C, SIM4, SIM4C, SIM15, SIM32, SIM33C, SIM34, X27, X28"},"geometry":{"type":"LineString","coordinates":[[-74.009634,40.712713],[-74.00957,40.712833],[-74.009249,40.71325]]}},{"type":"Feature","properties":{"mode":"bus","n":16,"arr":["BxM18","M9","M55","NJ120","SIM1","SIM1C","SIM2","SIM3C","SIM4","SIM4C","SIM15","SIM32","SIM33C","SIM34","X27","X28"],"lines":"BxM18, M9, M55, 120, SIM1, SIM1C, SIM2, SIM3C, SIM4, SIM4C, SIM15, SIM32, SIM33C, SIM34, X27, X28"},"geometry":{"type":"LineString","coordinates":[[-74.009249,40.71325],[-74.008823,40.713794]]}},{"type":"Feature","properties":{"mode":"bus","n":7,"arr":["M11","M34A-SBS","SIM8","SIM22","SIM25","SIM26","SIM30"],"lines":"M11, M34A-SBS, SIM8, SIM22, SIM25, SIM26, SIM30"},"geometry":{"type":"LineString","coordinates":[[-73.993073,40.75784],[-73.992646,40.758433]]}},{"type":"Feature","properties":{"mode":"bus","n":14,"arr":["BM1","BM2","BM3","BM4","M15","M15-SBS","QM7","QM8","QM11","QM25","QM65","SIM5","SIM15","SIM35"],"lines":"BM1, BM2, BM3, BM4, M15, M15-SBS, QM7, QM8, QM11, QM25, QM65, SIM5, SIM15, SIM35"},"geometry":{"type":"LineString","coordinates":[[-74.001809,40.709374],[-74.002452,40.708887],[-74.003293,40.708197],[-74.004074,40.707443],[-74.005104,40.706794],[-74.008154,40.704652],[-74.010081,40.703368],[-74.010303,40.703278],[-74.01189,40.702861],[-74.012837,40.702442]]}},{"type":"Feature","properties":{"mode":"bus","n":12,"arr":["BM1","BM2","BM3","BM4","M15","M15-SBS","QM7","QM8","QM11","QM25","QM65","SIM15"],"lines":"BM1, BM2, BM3, BM4, M15, M15-SBS, QM7, QM8, QM11, QM25, QM65, SIM15"},"geometry":{"type":"LineString","coordinates":[[-74.001657,40.709492],[-74.001735,40.709429]]}},{"type":"Feature","properties":{"mode":"bus","n":13,"arr":["BM1","BM2","BM3","BM4","M15","M15-SBS","QM7","QM8","QM11","QM25","QM65","SIM15","SIM35"],"lines":"BM1, BM2, BM3, BM4, M15, M15-SBS, QM7, QM8, QM11, QM25, QM65, SIM15, SIM35"},"geometry":{"type":"LineString","coordinates":[[-74.001735,40.709429],[-74.001809,40.709374]]}},{"type":"Feature","properties":{"mode":"bus","n":12,"arr":["BM1","BM2","BM3","BM4","M15","M15-SBS","M22","QM7","QM8","QM11","QM25","QM65"],"lines":"BM1, BM2, BM3, BM4, M15, M15-SBS, M22, QM7, QM8, QM11, QM25, QM65"},"geometry":{"type":"LineString","coordinates":[[-74.001112,40.710193],[-74.001548,40.709604],[-74.001657,40.709492]]}},{"type":"Feature","properties":{"mode":"bus","n":30,"arr":["BM5","M15","M15-SBS","QM1","QM2","QM4","QM5","QM6","QM7","QM8","QM10","QM11","QM12","QM15","QM16","QM17","QM18","QM20","QM21","QM24","QM25","QM31","QM32","QM34","QM35","QM36","QM40","QM42","QM44","QM65"],"lines":"BM5, M15, M15-SBS, QM1, QM2, QM4, QM5, QM6, QM7, QM8, QM10, QM11, QM12, QM15, QM16, QM17, QM18, QM20, QM21, QM24, QM25, QM31, QM32, QM34, QM35, QM36, QM40, QM42, QM44, QM65"},"geometry":{"type":"LineString","coordinates":[[-73.970786,40.747553],[-73.972124,40.745688]]}},{"type":"Feature","properties":{"mode":"bus","n":8,"arr":["BxM6","BxM7","BxM8","BxM9","BxM10","BxM11","M15","M15-SBS"],"lines":"BxM6, BxM7, BxM8, BxM9, BxM10, BxM11, M15, M15-SBS"},"geometry":{"type":"LineString","coordinates":[[-73.93777,40.797016],[-73.933577,40.802764]]}},{"type":"Feature","properties":{"mode":"bus","n":9,"arr":["M15","M15-SBS","QM1","QM4","QM5","QM6","QM10","QM12","QM24"],"lines":"M15, M15-SBS, QM1, QM4, QM5, QM6, QM10, QM12, QM24"},"geometry":{"type":"LineString","coordinates":[[-73.964356,40.760621],[-73.964803,40.759992]]}},{"type":"Feature","properties":{"mode":"bus","n":11,"arr":["M15","M15-SBS","QM1","QM2","QM4","QM5","QM6","QM10","QM12","QM20","QM24"],"lines":"M15, M15-SBS, QM1, QM2, QM4, QM5, QM6, QM10, QM12, QM20, QM24"},"geometry":{"type":"LineString","coordinates":[[-73.975399,40.745455],[-73.974496,40.746685]]}},{"type":"Feature","properties":{"mode":"bus","n":12,"arr":["BM5","M15","M15-SBS","QM1","QM2","QM4","QM5","QM6","QM10","QM12","QM20","QM24"],"lines":"BM5, M15, M15-SBS, QM1, QM2, QM4, QM5, QM6, QM10, QM12, QM20, QM24"},"geometry":{"type":"LineString","coordinates":[[-73.975888,40.744792],[-73.975399,40.745455]]}},{"type":"Feature","properties":{"mode":"bus","n":8,"arr":["M15","M15-SBS","M34-SBS","M34A-SBS","QM21","QM63","QM64","QM68"],"lines":"M15, M15-SBS, M34-SBS, M34A-SBS, QM21, QM63, QM64, QM68"},"geometry":{"type":"LineString","coordinates":[[-73.975888,40.744792],[-73.97817,40.741655]]}},{"type":"Feature","properties":{"mode":"bus","n":15,"arr":["BM1","BM2","BM3","BM4","M15-SBS","M20","M55","QM7","QM8","QM11","QM25","QM65","SIM5","SIM15","SIM35"],"lines":"BM1, BM2, BM3, BM4, M15-SBS, M20, M55, QM7, QM8, QM11, QM25, QM65, SIM5, SIM15, SIM35"},"geometry":{"type":"LineString","coordinates":[[-74.012906,40.702419],[-74.01359,40.70238],[-74.013783,40.702407]]}},{"type":"Feature","properties":{"mode":"bus","n":13,"arr":["BM1","BM2","BM3","BM4","M15-SBS","QM7","QM8","QM11","QM25","QM65","SIM5","SIM15","SIM35"],"lines":"BM1, BM2, BM3, BM4, M15-SBS, QM7, QM8, QM11, QM25, QM65, SIM5, SIM15, SIM35"},"geometry":{"type":"LineString","coordinates":[[-74.012837,40.702442],[-74.012906,40.702419]]}},{"type":"Feature","properties":{"mode":"bus","n":14,"arr":["BM1","BM2","BM3","BM4","M20","M55","QM7","QM8","QM11","QM25","QM65","SIM5","SIM15","SIM35"],"lines":"BM1, BM2, BM3, BM4, M20, M55, QM7, QM8, QM11, QM25, QM65, SIM5, SIM15, SIM35"},"geometry":{"type":"LineString","coordinates":[[-74.013783,40.702407],[-74.013985,40.702534],[-74.014213,40.702749],[-74.014333,40.702911],[-74.014445,40.703194],[-74.014442,40.703401],[-74.014255,40.70434],[-74.014256,40.704542]]}},{"type":"Feature","properties":{"mode":"bus","n":25,"arr":["BM1","BM2","BM3","BM4","M20","M55","QM7","QM8","QM11","QM25","QM65","SIM1","SIM1C","SIM2","SIM3C","SIM4","SIM4C","SIM5","SIM15","SIM32","SIM33C","SIM34","SIM35","X27","X28"],"lines":"BM1, BM2, BM3, BM4, M20, M55, QM7, QM8, QM11, QM25, QM65, SIM1, SIM1C, SIM2, SIM3C, SIM4, SIM4C, SIM5, SIM15, SIM32, SIM33C, SIM34, SIM35, X27, X28"},"geometry":{"type":"LineString","coordinates":[[-74.014947,40.704827],[-74.014607,40.704755],[-74.014336,40.704664],[-74.014276,40.704624],[-74.014256,40.704542]]}},{"type":"Feature","properties":{"mode":"bus","n":19,"arr":["BM1","BM2","BM3","BM4","M20","SIM1","SIM1C","SIM2","SIM3C","SIM4","SIM4C","SIM5","SIM15","SIM32","SIM33C","SIM34","SIM35","X27","X28"],"lines":"BM1, BM2, BM3, BM4, M20, SIM1, SIM1C, SIM2, SIM3C, SIM4, SIM4C, SIM5, SIM15, SIM32, SIM33C, SIM34, SIM35, X27, X28"},"geometry":{"type":"LineString","coordinates":[[-74.01641,40.70488],[-74.015938,40.704934],[-74.015639,40.704942],[-74.014947,40.704827]]}},{"type":"Feature","properties":{"mode":"bus","n":19,"arr":["BM1","BM2","BM3","BM4","M20","SIM1","SIM1C","SIM2","SIM3C","SIM4","SIM4C","SIM5","SIM15","SIM32","SIM33C","SIM34","SIM35","X27","X28"],"lines":"BM1, BM2, BM3, BM4, M20, SIM1, SIM1C, SIM2, SIM3C, SIM4, SIM4C, SIM5, SIM15, SIM32, SIM33C, SIM34, SIM35, X27, X28"},"geometry":{"type":"LineString","coordinates":[[-74.014987,40.704729],[-74.01565,40.704835],[-74.015924,40.704837],[-74.016526,40.704798],[-74.016916,40.704828]]}},{"type":"Feature","properties":{"mode":"bus","n":5,"arr":["BM1","BM2","BM3","BM4","M20"],"lines":"BM1, BM2, BM3, BM4, M20"},"geometry":{"type":"LineString","coordinates":[[-74.01641,40.70488],[-74.01652,40.704854]]}},{"type":"Feature","properties":{"mode":"bus","n":5,"arr":["M20","M22","SIM7","SIM9","SIM33"],"lines":"M20, M22, SIM7, SIM9, SIM33"},"geometry":{"type":"LineString","coordinates":[[-74.014624,40.715453],[-74.013522,40.715278]]}},{"type":"Feature","properties":{"mode":"bus","n":5,"arr":["M20","M22","SIM7","SIM9","SIM33"],"lines":"M20, M22, SIM7, SIM9, SIM33"},"geometry":{"type":"LineString","coordinates":[[-74.015383,40.71583],[-74.016158,40.71482],[-74.016167,40.714801],[-74.016161,40.714784],[-74.016141,40.714771],[-74.013941,40.713791]]}},{"type":"Feature","properties":{"mode":"bus","n":14,"arr":["BxM18","M21","M55","SIM1","SIM1C","SIM3C","SIM4C","SIM7","SIM9","SIM33","SIM33C","SIM34","X27","X28"],"lines":"BxM18, M21, M55, SIM1, SIM1C, SIM3C, SIM4C, SIM7, SIM9, SIM33, SIM33C, SIM34, X27, X28"},"geometry":{"type":"LineString","coordinates":[[-74.004031,40.725513],[-74.002958,40.728144]]}},{"type":"Feature","properties":{"mode":"bus","n":15,"arr":["BxM18","M22","M55","NJ120","SIM1","SIM1C","SIM2","SIM3C","SIM4","SIM4C","SIM32","SIM33C","SIM34","X27","X28"],"lines":"BxM18, M22, M55, 120, SIM1, SIM1C, SIM2, SIM3C, SIM4, SIM4C, SIM32, SIM33C, SIM34, X27, X28"},"geometry":{"type":"LineString","coordinates":[[-74.006753,40.713618],[-74.006304,40.714173]]}},{"type":"Feature","properties":{"mode":"bus","n":11,"arr":["BM1","BM2","BM3","BM4","M22","QM7","QM8","QM11","QM25","QM65","SIM15"],"lines":"BM1, BM2, BM3, BM4, M22, QM7, QM8, QM11, QM25, QM65, SIM15"},"geometry":{"type":"LineString","coordinates":[[-74.001657,40.709492],[-74.002967,40.710518],[-74.004776,40.711727]]}},{"type":"Feature","properties":{"mode":"bus","n":8,"arr":["BxM18","M23-SBS","SIM3","SIM4C","SIM10","SIM33C","X27","X28"],"lines":"BxM18, M23-SBS, SIM3, SIM4C, SIM10, SIM33C, X27, X28"},"geometry":{"type":"LineString","coordinates":[[-73.989138,40.741364],[-73.992798,40.74291]]}},{"type":"Feature","properties":{"mode":"bus","n":22,"arr":["BM1","BM2","BM3","BM4","BxM6","BxM7","BxM8","BxM9","BxM10","BxM18","M23-SBS","SIM1C","SIM3","SIM3C","SIM4C","SIM10","SIM31","SIM33C","X27","X28","X37","X38"],"lines":"BM1, BM2, BM3, BM4, BxM6, BxM7, BxM8, BxM9, BxM10, BxM18, M23-SBS, SIM1C, SIM3, SIM3C, SIM4C, SIM10, SIM31, SIM33C, X27, X28, X37, X38"},"geometry":{"type":"LineString","coordinates":[[-73.988086,40.740924],[-73.989138,40.741364]]}},{"type":"Feature","properties":{"mode":"bus","n":24,"arr":["BM1","BM2","BM3","BM4","BxM6","BxM7","BxM8","BxM9","BxM10","BxM18","M23-SBS","SIM1C","SIM3","SIM3C","SIM4C","SIM6","SIM10","SIM11","SIM31","SIM33C","X27","X28","X37","X38"],"lines":"BM1, BM2, BM3, BM4, BxM6, BxM7, BxM8, BxM9, BxM10, BxM18, M23-SBS, SIM1C, SIM3, SIM3C, SIM4C, SIM6, SIM10, SIM11, SIM31, SIM33C, X27, X28, X37, X38"},"geometry":{"type":"LineString","coordinates":[[-73.987985,40.740881],[-73.988086,40.740924]]}},{"type":"Feature","properties":{"mode":"bus","n":23,"arr":["BM1","BM2","BM3","BM4","BxM7","M23-SBS","QM21","QM63","QM64","QM68","SIM1C","SIM3","SIM3C","SIM4C","SIM6","SIM10","SIM11","SIM31","SIM33C","X27","X28","X37","X38"],"lines":"BM1, BM2, BM3, BM4, BxM7, M23-SBS, QM21, QM63, QM64, QM68, SIM1C, SIM3, SIM3C, SIM4C, SIM6, SIM10, SIM11, SIM31, SIM33C, X27, X28, X37, X38"},"geometry":{"type":"LineString","coordinates":[[-73.986953,40.740444],[-73.987985,40.740881]]}},{"type":"Feature","properties":{"mode":"bus","n":22,"arr":["BM1","BM2","BM3","BM4","M23-SBS","QM21","QM63","QM64","QM68","SIM1C","SIM3","SIM3C","SIM4C","SIM6","SIM10","SIM11","SIM31","SIM33C","X27","X28","X37","X38"],"lines":"BM1, BM2, BM3, BM4, M23-SBS, QM21, QM63, QM64, QM68, SIM1C, SIM3, SIM3C, SIM4C, SIM6, SIM10, SIM11, SIM31, SIM33C, X27, X28, X37, X38"},"geometry":{"type":"LineString","coordinates":[[-73.98641,40.740215],[-73.986953,40.740444]]}},{"type":"Feature","properties":{"mode":"bus","n":16,"arr":["BM1","BM2","BM3","BM4","M23-SBS","QM21","QM63","QM64","QM68","SIM3","SIM6","SIM10","SIM11","SIM31","X37","X38"],"lines":"BM1, BM2, BM3, BM4, M23-SBS, QM21, QM63, QM64, QM68, SIM3, SIM6, SIM10, SIM11, SIM31, X37, X38"},"geometry":{"type":"LineString","coordinates":[[-73.980912,40.737889],[-73.98641,40.740215]]}},{"type":"Feature","properties":{"mode":"bus","n":9,"arr":["M31","M57","SIM1C","SIM3","SIM3C","SIM4C","SIM10","SIM30","SIM33C"],"lines":"M31, M57, SIM1C, SIM3, SIM3C, SIM4C, SIM10, SIM30, SIM33C"},"geometry":{"type":"LineString","coordinates":[[-73.977196,40.764324],[-73.980036,40.765521]]}},{"type":"Feature","properties":{"mode":"bus","n":22,"arr":["M31","M57","QM1","QM2","QM4","QM5","QM6","QM10","QM12","QM15","QM16","QM17","QM18","QM20","QM24","SIM1C","SIM3","SIM3C","SIM4C","SIM10","SIM30","SIM33C"],"lines":"M31, M57, QM1, QM2, QM4, QM5, QM6, QM10, QM12, QM15, QM16, QM17, QM18, QM20, QM24, SIM1C, SIM3, SIM3C, SIM4C, SIM10, SIM30, SIM33C"},"geometry":{"type":"LineString","coordinates":[[-73.973974,40.762972],[-73.977196,40.764324]]}},{"type":"Feature","properties":{"mode":"bus","n":30,"arr":["BM1","BM2","BM3","BM4","BM5","M31","M57","QM1","QM2","QM4","QM5","QM6","QM10","QM12","QM15","QM16","QM17","QM18","QM20","QM24","SIM4C","SIM8","SIM25","SIM30","SIM31","SIM33C","X27","X28","X37","X38"],"lines":"BM1, BM2, BM3, BM4, BM5, M31, M57, QM1, QM2, QM4, QM5, QM6, QM10, QM12, QM15, QM16, QM17, QM18, QM20, QM24, SIM4C, SIM8, SIM25, SIM30, SIM31, SIM33C, X27, X28, X37, X38"},"geometry":{"type":"LineString","coordinates":[[-73.972365,40.762295],[-73.973974,40.762972]]}},{"type":"Feature","properties":{"mode":"bus","n":31,"arr":["BM1","BM2","BM3","BM4","BM5","M31","M57","QM1","QM2","QM4","QM5","QM6","QM10","QM12","QM15","QM16","QM17","QM18","QM20","QM21","QM24","QM63","QM64","QM68","SIM6","SIM8","SIM11","SIM22","SIM25","SIM26","SIM31"],"lines":"BM1, BM2, BM3, BM4, BM5, M31, M57, QM1, QM2, QM4, QM5, QM6, QM10, QM12, QM15, QM16, QM17, QM18, QM20, QM21, QM24, QM63, QM64, QM68, SIM6, SIM8, SIM11, SIM22, SIM25, SIM26, SIM31"},"geometry":{"type":"LineString","coordinates":[[-73.972365,40.762295],[-73.968694,40.760746]]}},{"type":"Feature","properties":{"mode":"bus","n":24,"arr":["BM1","BM2","BM3","BM4","BM5","M31","M57","QM1","QM2","QM4","QM5","QM6","QM10","QM12","QM15","QM16","QM17","QM18","QM20","QM21","QM24","QM63","QM64","QM68"],"lines":"BM1, BM2, BM3, BM4, BM5, M31, M57, QM1, QM2, QM4, QM5, QM6, QM10, QM12, QM15, QM16, QM17, QM18, QM20, QM21, QM24, QM63, QM64, QM68"},"geometry":{"type":"LineString","coordinates":[[-73.968694,40.760746],[-73.96833,40.760593]]}},{"type":"Feature","properties":{"mode":"bus","n":22,"arr":["BM1","BM2","BM3","BM4","BM5","M31","M57","QM1","QM4","QM5","QM6","QM10","QM12","QM15","QM16","QM17","QM18","QM21","QM24","QM63","QM64","QM68"],"lines":"BM1, BM2, BM3, BM4, BM5, M31, M57, QM1, QM4, QM5, QM6, QM10, QM12, QM15, QM16, QM17, QM18, QM21, QM24, QM63, QM64, QM68"},"geometry":{"type":"LineString","coordinates":[[-73.96833,40.760593],[-73.967576,40.760275]]}},{"type":"Feature","properties":{"mode":"bus","n":24,"arr":["BM1","BM2","BM3","BM4","BM5","BxM1","M31","M57","QM15","QM16","QM17","QM18","QM21","QM31","QM32","QM34","QM35","QM36","QM40","QM42","QM44","QM63","QM64","QM68"],"lines":"BM1, BM2, BM3, BM4, BM5, BxM1, M31, M57, QM15, QM16, QM17, QM18, QM21, QM31, QM32, QM34, QM35, QM36, QM40, QM42, QM44, QM63, QM64, QM68"},"geometry":{"type":"LineString","coordinates":[[-73.967576,40.760275],[-73.967454,40.760224]]}},{"type":"Feature","properties":{"mode":"bus","n":22,"arr":["BM1","BM2","BM3","BM4","BM5","M31","M57","QM15","QM16","QM17","QM18","QM21","QM31","QM34","QM35","QM36","QM40","QM42","QM44","QM63","QM64","QM68"],"lines":"BM1, BM2, BM3, BM4, BM5, M31, M57, QM15, QM16, QM17, QM18, QM21, QM31, QM34, QM35, QM36, QM40, QM42, QM44, QM63, QM64, QM68"},"geometry":{"type":"LineString","coordinates":[[-73.967454,40.760224],[-73.965871,40.759555]]}},{"type":"Feature","properties":{"mode":"bus","n":17,"arr":["M31","M57","QM15","QM16","QM17","QM18","QM21","QM31","QM34","QM35","QM36","QM40","QM42","QM44","QM63","QM64","QM68"],"lines":"M31, M57, QM15, QM16, QM17, QM18, QM21, QM31, QM34, QM35, QM36, QM40, QM42, QM44, QM63, QM64, QM68"},"geometry":{"type":"LineString","coordinates":[[-73.965871,40.759555],[-73.964509,40.758983]]}},{"type":"Feature","properties":{"mode":"bus","n":17,"arr":["M34-SBS","M34A-SBS","QM1","QM2","QM4","QM5","QM6","QM10","QM12","QM15","QM16","QM17","QM18","QM20","QM24","SIM23","SIM24"],"lines":"M34-SBS, M34A-SBS, QM1, QM2, QM4, QM5, QM6, QM10, QM12, QM15, QM16, QM17, QM18, QM20, QM24, SIM23, SIM24"},"geometry":{"type":"LineString","coordinates":[[-73.984545,40.748454],[-73.987746,40.749801]]}},{"type":"Feature","properties":{"mode":"bus","n":18,"arr":["BM5","M34-SBS","M34A-SBS","QM1","QM2","QM4","QM5","QM6","QM10","QM12","QM15","QM16","QM17","QM18","QM20","QM24","SIM23","SIM24"],"lines":"BM5, M34-SBS, M34A-SBS, QM1, QM2, QM4, QM5, QM6, QM10, QM12, QM15, QM16, QM17, QM18, QM20, QM24, SIM23, SIM24"},"geometry":{"type":"LineString","coordinates":[[-73.982961,40.747771],[-73.984545,40.748454]]}},{"type":"Feature","properties":{"mode":"bus","n":16,"arr":["BM5","M34-SBS","M34A-SBS","QM1","QM2","QM4","QM5","QM6","QM10","QM12","QM15","QM16","QM17","QM18","QM20","QM24"],"lines":"BM5, M34-SBS, M34A-SBS, QM1, QM2, QM4, QM5, QM6, QM10, QM12, QM15, QM16, QM17, QM18, QM20, QM24"},"geometry":{"type":"LineString","coordinates":[[-73.977335,40.745401],[-73.982961,40.747771]]}},{"type":"Feature","properties":{"mode":"bus","n":21,"arr":["BM5","M34-SBS","M34A-SBS","QM1","QM2","QM4","QM5","QM6","QM7","QM8","QM10","QM11","QM12","QM20","QM21","QM24","QM25","QM63","QM64","QM65","QM68"],"lines":"BM5, M34-SBS, M34A-SBS, QM1, QM2, QM4, QM5, QM6, QM7, QM8, QM10, QM11, QM12, QM20, QM21, QM24, QM25, QM63, QM64, QM65, QM68"},"geometry":{"type":"LineString","coordinates":[[-73.977335,40.745401],[-73.975888,40.744792]]}},{"type":"Feature","properties":{"mode":"bus","n":13,"arr":["BM1","BM2","BM3","BM4","M34-SBS","M34A-SBS","SIM3","SIM6","SIM10","SIM11","SIM31","X37","X38"],"lines":"BM1, BM2, BM3, BM4, M34-SBS, M34A-SBS, SIM3, SIM6, SIM10, SIM11, SIM31, X37, X38"},"geometry":{"type":"LineString","coordinates":[[-73.975136,40.735456],[-73.974957,40.735383],[-73.974788,40.735374]]}},{"type":"Feature","properties":{"mode":"bus","n":9,"arr":["M34-SBS","M34A-SBS","SIM3","SIM6","SIM10","SIM11","SIM31","X37","X38"],"lines":"M34-SBS, M34A-SBS, SIM3, SIM6, SIM10, SIM11, SIM31, X37, X38"},"geometry":{"type":"LineString","coordinates":[[-73.974788,40.735374],[-73.97469,40.735386]]}},{"type":"Feature","properties":{"mode":"bus","n":8,"arr":["M34A-SBS","SIM3","SIM6","SIM10","SIM11","SIM31","X37","X38"],"lines":"M34A-SBS, SIM3, SIM6, SIM10, SIM11, SIM31, X37, X38"},"geometry":{"type":"LineString","coordinates":[[-73.97469,40.735386],[-73.974641,40.735394]]}},{"type":"Feature","properties":{"mode":"bus","n":6,"arr":["BM1","BM2","BM3","BM4","M34-SBS","M34A-SBS"],"lines":"BM1, BM2, BM3, BM4, M34-SBS, M34A-SBS"},"geometry":{"type":"LineString","coordinates":[[-73.974788,40.735374],[-73.974772,40.735456]]}},{"type":"Feature","properties":{"mode":"bus","n":7,"arr":["M34-SBS","M34A-SBS","QM7","QM8","QM11","QM25","QM65"],"lines":"M34-SBS, M34A-SBS, QM7, QM8, QM11, QM25, QM65"},"geometry":{"type":"LineString","coordinates":[[-73.975888,40.744792],[-73.972112,40.743196],[-73.97209,40.743182],[-73.972081,40.743165],[-73.972085,40.743144],[-73.972314,40.742624],[-73.972438,40.742138],[-73.972388,40.741501],[-73.972729,40.739948]]}},{"type":"Feature","properties":{"mode":"bus","n":9,"arr":["BxM6","BxM7","BxM8","BxM9","BxM10","BxM11","M35","M60-SBS","M125"],"lines":"BxM6, BxM7, BxM8, BxM9, BxM10, BxM11, M35, M60-SBS, M125"},"geometry":{"type":"LineString","coordinates":[[-73.933577,40.802764],[-73.93341,40.802694]]}},{"type":"Feature","properties":{"mode":"bus","n":8,"arr":["BxM6","BxM7","BxM8","BxM9","BxM10","BxM11","M35","M60-SBS"],"lines":"BxM6, BxM7, BxM8, BxM9, BxM10, BxM11, M35, M60-SBS"},"geometry":{"type":"LineString","coordinates":[[-73.932893,40.802155],[-73.930681,40.801224],[-73.930419,40.801145],[-73.929828,40.80105],[-73.929059,40.800803],[-73.92455,40.798893],[-73.924067,40.798669],[-73.923219,40.798226]]}},{"type":"Feature","properties":{"mode":"bus","n":8,"arr":["BxM6","BxM7","BxM8","BxM9","BxM10","BxM11","M35","M60-SBS"],"lines":"BxM6, BxM7, BxM8, BxM9, BxM10, BxM11, M35, M60-SBS"},"geometry":{"type":"LineString","coordinates":[[-73.932616,40.80268],[-73.930211,40.801656],[-73.93,40.801517],[-73.929562,40.801167],[-73.929187,40.800967],[-73.926439,40.799808],[-73.924625,40.79908],[-73.923319,40.798499]]}},{"type":"Feature","properties":{"mode":"bus","n":7,"arr":["BxM6","BxM7","BxM8","BxM9","BxM10","BxM11","M35"],"lines":"BxM6, BxM7, BxM8, BxM9, BxM10, BxM11, M35"},"geometry":{"type":"LineString","coordinates":[[-73.923319,40.798499],[-73.922715,40.798167]]}},{"type":"Feature","properties":{"mode":"bus","n":6,"arr":["M42","SIM8","SIM22","SIM25","SIM26","SIM30"],"lines":"M42, SIM8, SIM22, SIM25, SIM26, SIM30"},"geometry":{"type":"LineString","coordinates":[[-73.993937,40.758978],[-73.979287,40.752813]]}},{"type":"Feature","properties":{"mode":"bus","n":16,"arr":["BM1","BM2","BM3","BM4","SIM1","SIM1C","SIM2","SIM3C","SIM4","SIM4C","SIM15","SIM32","SIM33C","SIM34","X27","X28"],"lines":"BM1, BM2, BM3, BM4, SIM1, SIM1C, SIM2, SIM3C, SIM4, SIM4C, SIM15, SIM32, SIM33C, SIM34, X27, X28"},"geometry":{"type":"LineString","coordinates":[[-74.01497,40.704771],[-74.014987,40.704729]]}},{"type":"Feature","properties":{"mode":"bus","n":17,"arr":["BM1","BM2","BM3","BM4","M55","SIM1","SIM1C","SIM2","SIM3C","SIM4","SIM4C","SIM15","SIM32","SIM33C","SIM34","X27","X28"],"lines":"BM1, BM2, BM3, BM4, M55, SIM1, SIM1C, SIM2, SIM3C, SIM4, SIM4C, SIM15, SIM32, SIM33C, SIM34, X27, X28"},"geometry":{"type":"LineString","coordinates":[[-74.014947,40.704827],[-74.01497,40.704771]]}},{"type":"Feature","properties":{"mode":"bus","n":22,"arr":["BM1","BM2","BM3","BM4","M55","QM7","QM8","QM11","QM25","QM65","SIM1","SIM1C","SIM2","SIM3C","SIM4","SIM4C","SIM15","SIM32","SIM33C","SIM34","X27","X28"],"lines":"BM1, BM2, BM3, BM4, M55, QM7, QM8, QM11, QM25, QM65, SIM1, SIM1C, SIM2, SIM3C, SIM4, SIM4C, SIM15, SIM32, SIM33C, SIM34, X27, X28"},"geometry":{"type":"LineString","coordinates":[[-74.014918,40.704899],[-74.014947,40.704827]]}},{"type":"Feature","properties":{"mode":"bus","n":24,"arr":["BM1","BM2","BM3","BM4","BxM18","M55","NJ120","QM7","QM8","QM11","QM25","QM65","SIM1","SIM1C","SIM2","SIM3C","SIM4","SIM4C","SIM15","SIM32","SIM33C","SIM34","X27","X28"],"lines":"BM1, BM2, BM3, BM4, BxM18, M55, 120, QM7, QM8, QM11, QM25, QM65, SIM1, SIM1C, SIM2, SIM3C, SIM4, SIM4C, SIM15, SIM32, SIM33C, SIM34, X27, X28"},"geometry":{"type":"LineString","coordinates":[[-74.010121,40.712059],[-74.010403,40.711582],[-74.011562,40.709808],[-74.011861,40.709369],[-74.011935,40.709311],[-74.013431,40.707063],[-74.013838,40.706539],[-74.014015,40.706423],[-74.014258,40.706304],[-74.014337,40.706237],[-74.014918,40.704899]]}},{"type":"Feature","properties":{"mode":"bus","n":19,"arr":["BM1","BM2","BM3","BM4","BxM18","M55","NJ120","SIM1","SIM1C","SIM2","SIM3C","SIM4","SIM4C","SIM15","SIM32","SIM33C","SIM34","X27","X28"],"lines":"BM1, BM2, BM3, BM4, BxM18, M55, 120, SIM1, SIM1C, SIM2, SIM3C, SIM4, SIM4C, SIM15, SIM32, SIM33C, SIM34, X27, X28"},"geometry":{"type":"LineString","coordinates":[[-74.009634,40.712713],[-74.010121,40.712059]]}},{"type":"Feature","properties":{"mode":"bus","n":15,"arr":["BxM18","M55","NJ120","SIM1","SIM1C","SIM2","SIM3C","SIM4","SIM4C","SIM15","SIM32","SIM33C","SIM34","X27","X28"],"lines":"BxM18, M55, 120, SIM1, SIM1C, SIM2, SIM3C, SIM4, SIM4C, SIM15, SIM32, SIM33C, SIM34, X27, X28"},"geometry":{"type":"LineString","coordinates":[[-74.008823,40.713794],[-74.008378,40.714358]]}},{"type":"Feature","properties":{"mode":"bus","n":14,"arr":["BxM18","M55","NJ120","SIM1","SIM1C","SIM2","SIM3C","SIM4","SIM4C","SIM32","SIM33C","SIM34","X27","X28"],"lines":"BxM18, M55, 120, SIM1, SIM1C, SIM2, SIM3C, SIM4, SIM4C, SIM32, SIM33C, SIM34, X27, X28"},"geometry":{"type":"LineString","coordinates":[[-74.008378,40.714358],[-74.006615,40.716599]]}},{"type":"Feature","properties":{"mode":"bus","n":14,"arr":["BxM18","M55","NJ120","SIM1","SIM1C","SIM2","SIM3C","SIM4","SIM4C","SIM32","SIM33C","SIM34","X27","X28"],"lines":"BxM18, M55, 120, SIM1, SIM1C, SIM2, SIM3C, SIM4, SIM4C, SIM32, SIM33C, SIM34, X27, X28"},"geometry":{"type":"LineString","coordinates":[[-74.006304,40.714173],[-74.004684,40.716105]]}},{"type":"Feature","properties":{"mode":"bus","n":14,"arr":["BxM18","M55","NJ120","SIM1","SIM1C","SIM2","SIM3C","SIM4","SIM4C","SIM32","SIM33C","SIM34","X27","X28"],"lines":"BxM18, M55, 120, SIM1, SIM1C, SIM2, SIM3C, SIM4, SIM4C, SIM32, SIM33C, SIM34, X27, X28"},"geometry":{"type":"LineString","coordinates":[[-74.013357,40.705805],[-74.010492,40.709268],[-74.009131,40.710851],[-74.009064,40.71097],[-74.008745,40.71135],[-74.008655,40.711395]]}},{"type":"Feature","properties":{"mode":"bus","n":11,"arr":["BxM18","M55","NJ120","SIM1","SIM1C","SIM3C","SIM4C","SIM33C","SIM34","X27","X28"],"lines":"BxM18, M55, 120, SIM1, SIM1C, SIM3C, SIM4C, SIM33C, SIM34, X27, X28"},"geometry":{"type":"LineString","coordinates":[[-74.004795,40.723631],[-74.005255,40.722521],[-74.005362,40.722225],[-74.005386,40.722075],[-74.005289,40.721603],[-74.005224,40.720656],[-74.005181,40.720387],[-74.005145,40.719063],[-74.005189,40.718715],[-74.005276,40.718448],[-74.005478,40.718092],[-74.005772,40.717674],[-74.006615,40.716599]]}},{"type":"Feature","properties":{"mode":"bus","n":10,"arr":["BxM18","M55","SIM1","SIM1C","SIM3C","SIM4C","SIM33C","SIM34","X27","X28"],"lines":"BxM18, M55, SIM1, SIM1C, SIM3C, SIM4C, SIM33C, SIM34, X27, X28"},"geometry":{"type":"LineString","coordinates":[[-74.004795,40.723631],[-74.004031,40.725513]]}},{"type":"Feature","properties":{"mode":"bus","n":10,"arr":["BxM18","M55","SIM1","SIM1C","SIM3C","SIM4C","SIM33C","SIM34","X27","X28"],"lines":"BxM18, M55, SIM1, SIM1C, SIM3C, SIM4C, SIM33C, SIM34, X27, X28"},"geometry":{"type":"LineString","coordinates":[[-74.004525,40.716294],[-74.000662,40.720846]]}},{"type":"Feature","properties":{"mode":"bus","n":13,"arr":["BxM18","M55","SIM1","SIM1C","SIM3C","SIM4C","SIM7","SIM9","SIM33","SIM33C","SIM34","X27","X28"],"lines":"BxM18, M55, SIM1, SIM1C, SIM3C, SIM4C, SIM7, SIM9, SIM33, SIM33C, SIM34, X27, X28"},"geometry":{"type":"LineString","coordinates":[[-74.002958,40.728144],[-74.00269,40.728695]]}},{"type":"Feature","properties":{"mode":"bus","n":11,"arr":["BxM18","M55","SIM1C","SIM3C","SIM4C","SIM7","SIM9","SIM33","SIM33C","X27","X28"],"lines":"BxM18, M55, SIM1C, SIM3C, SIM4C, SIM7, SIM9, SIM33, SIM33C, X27, X28"},"geometry":{"type":"LineString","coordinates":[[-74.00269,40.728695],[-74.002107,40.729874],[-74.001411,40.731063],[-73.99684,40.737361]]}},{"type":"Feature","properties":{"mode":"bus","n":13,"arr":["BxM18","M55","NJ120","SIM1","SIM1C","SIM2","SIM3C","SIM4C","SIM32","SIM33C","SIM34","X27","X28"],"lines":"BxM18, M55, 120, SIM1, SIM1C, SIM2, SIM3C, SIM4C, SIM32, SIM33C, SIM34, X27, X28"},"geometry":{"type":"LineString","coordinates":[[-74.004684,40.716105],[-74.004525,40.716294]]}},{"type":"Feature","properties":{"mode":"bus","n":13,"arr":["M55","NJ120","SIM1","SIM1C","SIM2","SIM3C","SIM4","SIM4C","SIM32","SIM33C","SIM34","X27","X28"],"lines":"M55, 120, SIM1, SIM1C, SIM2, SIM3C, SIM4, SIM4C, SIM32, SIM33C, SIM34, X27, X28"},"geometry":{"type":"LineString","coordinates":[[-74.013739,40.70535],[-74.013357,40.705805]]}},{"type":"Feature","properties":{"mode":"bus","n":12,"arr":["M55","SIM1","SIM1C","SIM2","SIM3C","SIM4","SIM4C","SIM32","SIM33C","SIM34","X27","X28"],"lines":"M55, SIM1, SIM1C, SIM2, SIM3C, SIM4, SIM4C, SIM32, SIM33C, SIM34, X27, X28"},"geometry":{"type":"LineString","coordinates":[[-74.014256,40.704542],[-74.014116,40.704711],[-74.013927,40.705108],[-74.013739,40.70535]]}},{"type":"Feature","properties":{"mode":"bus","n":5,"arr":["M60-SBS","M100","M101","M104","M125"],"lines":"M60-SBS, M100, M101, M104, M125"},"geometry":{"type":"LineString","coordinates":[[-73.95401,40.811367],[-73.95475,40.811682],[-73.954826,40.811732],[-73.956272,40.813381]]}},{"type":"Feature","properties":{"mode":"bus","n":7,"arr":["BxM6","BxM7","BxM8","BxM9","BxM10","BxM11","M60-SBS"],"lines":"BxM6, BxM7, BxM8, BxM9, BxM10, BxM11, M60-SBS"},"geometry":{"type":"LineString","coordinates":[[-73.93341,40.802694],[-73.932931,40.802744],[-73.932616,40.80268]]}},{"type":"Feature","properties":{"mode":"bus","n":6,"arr":["BxM6","BxM7","BxM8","BxM9","BxM10","M72"],"lines":"BxM6, BxM7, BxM8, BxM9, BxM10, M72"},"geometry":{"type":"LineString","coordinates":[[-73.965434,40.771783],[-73.960604,40.769747]]}},{"type":"Feature","properties":{"mode":"bus","n":5,"arr":["BxM1","M98","M101","M102","M103"],"lines":"BxM1, M98, M101, M102, M103"},"geometry":{"type":"LineString","coordinates":[[-73.962513,40.767132],[-73.960604,40.769747]]}},{"type":"Feature","properties":{"mode":"bus","n":5,"arr":["BxM1","M98","M101","M102","M103"],"lines":"BxM1, M98, M101, M102, M103"},"geometry":{"type":"LineString","coordinates":[[-73.95093,40.785875],[-73.964115,40.76781]]}},{"type":"Feature","properties":{"mode":"bus","n":10,"arr":["BxM1","BxM6","BxM7","BxM8","BxM9","BxM10","M98","M101","M102","M103"],"lines":"BxM1, BxM6, BxM7, BxM8, BxM9, BxM10, M98, M101, M102, M103"},"geometry":{"type":"LineString","coordinates":[[-73.960604,40.769747],[-73.951196,40.78263],[-73.950296,40.783909],[-73.94787,40.787187],[-73.940027,40.797939]]}},{"type":"Feature","properties":{"mode":"bus","n":9,"arr":["BxM6","BxM7","BxM8","BxM9","BxM10","BxM11","M98","M101","M103"],"lines":"BxM6, BxM7, BxM8, BxM9, BxM10, BxM11, M98, M101, M103"},"geometry":{"type":"LineString","coordinates":[[-73.940027,40.797939],[-73.936313,40.803028]]}},{"type":"Feature","properties":{"mode":"bus","n":6,"arr":["Bx3","Bx11","Bx13","Bx35","Bx36","M98"],"lines":"Bx3, Bx11, Bx13, Bx35, Bx36, M98"},"geometry":{"type":"LineString","coordinates":[[-73.935929,40.848521],[-73.936767,40.848874]]}},{"type":"Feature","properties":{"mode":"bus","n":6,"arr":["Bx3","Bx11","Bx13","Bx35","Bx36","M98"],"lines":"Bx3, Bx11, Bx13, Bx35, Bx36, M98"},"geometry":{"type":"LineString","coordinates":[[-73.936861,40.848909],[-73.936896,40.848919]]}},{"type":"Feature","properties":{"mode":"bus","n":5,"arr":["Bx3","Bx11","Bx35","Bx36","M98"],"lines":"Bx3, Bx11, Bx35, Bx36, M98"},"geometry":{"type":"LineString","coordinates":[[-73.936767,40.848874],[-73.936861,40.848909]]}},{"type":"Feature","properties":{"mode":"bus","n":5,"arr":["Bx3","Bx11","Bx13","Bx36","M98"],"lines":"Bx3, Bx11, Bx13, Bx36, M98"},"geometry":{"type":"LineString","coordinates":[[-73.936896,40.848919],[-73.937062,40.848952]]}},{"type":"Feature","properties":{"mode":"bus","n":7,"arr":["BxM1","M101","M102","M103","QM34","QM40","QM42"],"lines":"BxM1, M101, M102, M103, QM34, QM40, QM42"},"geometry":{"type":"LineString","coordinates":[[-73.976759,40.74764],[-73.976315,40.74825]]}},{"type":"Feature","properties":{"mode":"bus","n":12,"arr":["BxM1","M101","M102","M103","QM31","QM32","QM34","QM35","QM36","QM40","QM42","QM44"],"lines":"BxM1, M101, M102, M103, QM31, QM32, QM34, QM35, QM36, QM40, QM42, QM44"},"geometry":{"type":"LineString","coordinates":[[-73.976315,40.74825],[-73.968491,40.75896],[-73.968332,40.759241],[-73.967576,40.760275]]}},{"type":"Feature","properties":{"mode":"bus","n":10,"arr":["M101","M102","M103","QM1","QM4","QM5","QM6","QM10","QM12","QM24"],"lines":"M101, M102, M103, QM1, QM4, QM5, QM6, QM10, QM12, QM24"},"geometry":{"type":"LineString","coordinates":[[-73.967576,40.760275],[-73.967038,40.76094]]}},{"type":"Feature","properties":{"mode":"bus","n":12,"arr":["BxM1","M101","M102","M103","QM1","QM4","QM5","QM6","QM10","QM12","QM24","QM32"],"lines":"BxM1, M101, M102, M103, QM1, QM4, QM5, QM6, QM10, QM12, QM24, QM32"},"geometry":{"type":"LineString","coordinates":[[-73.967038,40.76094],[-73.966589,40.761562]]}},{"type":"Feature","properties":{"mode":"bus","n":6,"arr":["BxM1","M101","M102","M103","SIM22","SIM26"],"lines":"BxM1, M101, M102, M103, SIM22, SIM26"},"geometry":{"type":"LineString","coordinates":[[-73.969133,40.76093],[-73.970072,40.759637]]}},{"type":"Feature","properties":{"mode":"bus","n":8,"arr":["BxM1","M101","M102","M103","SIM6","SIM11","SIM22","SIM26"],"lines":"BxM1, M101, M102, M103, SIM6, SIM11, SIM22, SIM26"},"geometry":{"type":"LineString","coordinates":[[-73.970072,40.759637],[-73.976055,40.751439]]}},{"type":"Feature","properties":{"mode":"bus","n":6,"arr":["BxM1","M101","M102","M103","SIM6","SIM11"],"lines":"BxM1, M101, M102, M103, SIM6, SIM11"},"geometry":{"type":"LineString","coordinates":[[-73.976055,40.751439],[-73.979805,40.746324]]}},{"type":"Feature","properties":{"mode":"bus","n":5,"arr":["M101","M102","M103","SIM6","SIM11"],"lines":"M101, M102, M103, SIM6, SIM11"},"geometry":{"type":"LineString","coordinates":[[-73.979805,40.746324],[-73.984267,40.740177]]}},{"type":"Feature","properties":{"mode":"bus","n":7,"arr":["BxM6","BxM7","BxM8","BxM9","BxM11","M102","M116"],"lines":"BxM6, BxM7, BxM8, BxM9, BxM11, M102, M116"},"geometry":{"type":"LineString","coordinates":[[-73.940027,40.797939],[-73.940162,40.798017],[-73.946462,40.800665]]}},{"type":"Feature","properties":{"mode":"bus","n":7,"arr":["BxM1","BxM6","BxM7","BxM8","BxM9","BxM11","M116"],"lines":"BxM1, BxM6, BxM7, BxM8, BxM9, BxM11, M116"},"geometry":{"type":"LineString","coordinates":[[-73.940027,40.797939],[-73.93777,40.797016]]}},{"type":"Feature","properties":{"mode":"bus","n":5,"arr":["Bx1","Bx2","Bx21","Bx32","M125"],"lines":"Bx1, Bx2, Bx21, Bx32, M125"},"geometry":{"type":"LineString","coordinates":[[-73.927289,40.811092],[-73.927388,40.810991]]}},{"type":"Feature","properties":{"mode":"bus","n":5,"arr":["Bx3","Bx7","Bx11","Bx13","M100"],"lines":"Bx3, Bx7, Bx11, Bx13, M100"},"geometry":{"type":"LineString","coordinates":[[-73.936459,40.849485],[-73.935776,40.850088],[-73.935723,40.850176]]}},{"type":"Feature","properties":{"mode":"bus","n":5,"arr":["Bx3","Bx7","Bx11","Bx13","M100"],"lines":"Bx3, Bx7, Bx11, Bx13, M100"},"geometry":{"type":"LineString","coordinates":[[-73.937062,40.848952],[-73.936999,40.849008]]}},{"type":"Feature","properties":{"mode":"bus","n":5,"arr":["Bx3","Bx11","Bx13","Bx35","Bx36"],"lines":"Bx3, Bx11, Bx13, Bx35, Bx36"},"geometry":{"type":"LineString","coordinates":[[-73.93088,40.848136],[-73.934918,40.849831],[-73.934938,40.849837],[-73.934955,40.849837],[-73.93497,40.84983],[-73.934983,40.849817],[-73.935929,40.848521]]}},{"type":"Feature","properties":{"mode":"bus","n":5,"arr":["Bx3","Bx11","Bx13","Bx35","Bx36"],"lines":"Bx3, Bx11, Bx13, Bx35, Bx36"},"geometry":{"type":"LineString","coordinates":[[-73.923638,40.844561],[-73.92424,40.845035],[-73.924488,40.845183],[-73.930726,40.848008],[-73.930848,40.848109],[-73.930858,40.848119],[-73.930861,40.848125],[-73.930858,40.848128],[-73.93085,40.848128],[-73.930835,40.848125],[-73.930667,40.848085],[-73.924431,40.84525],[-73.924159,40.845159],[-73.923898,40.845115],[-73.923123,40.845149],[-73.92258,40.84512]]}},{"type":"Feature","properties":{"mode":"bus","n":5,"arr":["Bx3","Bx11","Bx13","Bx35","Bx36"],"lines":"Bx3, Bx11, Bx13, Bx35, Bx36"},"geometry":{"type":"LineString","coordinates":[[-73.922415,40.844963],[-73.922662,40.844365]]}},{"type":"Feature","properties":{"mode":"bus","n":7,"arr":["Bx4","Bx4A","Bx8","Bx24","Bx31","Bx40","Bx42"],"lines":"Bx4, Bx4A, Bx8, Bx24, Bx31, Bx40, Bx42"},"geometry":{"type":"LineString","coordinates":[[-73.84201,40.840666],[-73.842143,40.840713],[-73.843018,40.841247]]}},{"type":"Feature","properties":{"mode":"bus","n":6,"arr":["Bx4A","Bx8","Bx24","Bx31","Bx40","Bx42"],"lines":"Bx4A, Bx8, Bx24, Bx31, Bx40, Bx42"},"geometry":{"type":"LineString","coordinates":[[-73.843018,40.841247],[-73.843176,40.841422],[-73.843496,40.841691],[-73.843522,40.841734],[-73.843533,40.841746],[-73.843549,40.841753],[-73.843583,40.841762],[-73.843857,40.841952],[-73.844485,40.842212]]}},{"type":"Feature","properties":{"mode":"bus","n":5,"arr":["Bx5","Bx12","Bx23","Bx29","Q50"],"lines":"Bx5, Bx12, Bx23, Bx29, Q50"},"geometry":{"type":"LineString","coordinates":[[-73.827148,40.851798],[-73.82717,40.851732]]}},{"type":"Feature","properties":{"mode":"bus","n":6,"arr":["Bx5","Bx12","Bx12-SBS","Bx23","Bx24","Q50"],"lines":"Bx5, Bx12, Bx12-SBS, Bx23, Bx24, Q50"},"geometry":{"type":"LineString","coordinates":[[-73.826558,40.851647],[-73.826027,40.853218]]}},{"type":"Feature","properties":{"mode":"bus","n":6,"arr":["Bx5","Bx12","Bx12-SBS","Bx23","Bx29","Q50"],"lines":"Bx5, Bx12, Bx12-SBS, Bx23, Bx29, Q50"},"geometry":{"type":"LineString","coordinates":[[-73.826027,40.853218],[-73.825961,40.853323],[-73.825735,40.853521]]}},{"type":"Feature","properties":{"mode":"bus","n":5,"arr":["Bx5","Bx12-SBS","Bx23","BxM7","Q50"],"lines":"Bx5, Bx12-SBS, Bx23, BxM7, Q50"},"geometry":{"type":"LineString","coordinates":[[-73.826301,40.856304],[-73.826453,40.857232],[-73.826587,40.857757],[-73.826925,40.858854],[-73.827161,40.859488]]}},{"type":"Feature","properties":{"mode":"bus","n":5,"arr":["Bx5","Bx12-SBS","Bx23","BxM7","Q50"],"lines":"Bx5, Bx12-SBS, Bx23, BxM7, Q50"},"geometry":{"type":"LineString","coordinates":[[-73.82733,40.859474],[-73.826956,40.858448],[-73.826824,40.858011],[-73.826666,40.857372],[-73.82653,40.856586]]}},{"type":"Feature","properties":{"mode":"bus","n":5,"arr":["Bx5","Bx12-SBS","Bx26","Bx28","Bx30"],"lines":"Bx5, Bx12-SBS, Bx26, Bx28, Bx30"},"geometry":{"type":"LineString","coordinates":[[-73.830512,40.869192],[-73.831716,40.868874]]}},{"type":"Feature","properties":{"mode":"bus","n":7,"arr":["Bx5","Bx12-SBS","Bx25","Bx26","Bx28","Bx38","Q50"],"lines":"Bx5, Bx12-SBS, Bx25, Bx26, Bx28, Bx38, Q50"},"geometry":{"type":"LineString","coordinates":[[-73.831839,40.868833],[-73.83319,40.868386]]}},{"type":"Feature","properties":{"mode":"bus","n":6,"arr":["Bx5","Bx12-SBS","Bx23","Bx29","BxM7","Q50"],"lines":"Bx5, Bx12-SBS, Bx23, Bx29, BxM7, Q50"},"geometry":{"type":"LineString","coordinates":[[-73.82653,40.856586],[-73.826425,40.855668]]}},{"type":"Feature","properties":{"mode":"bus","n":5,"arr":["Bx5","Bx12-SBS","Bx23","Bx29","Q50"],"lines":"Bx5, Bx12-SBS, Bx23, Bx29, Q50"},"geometry":{"type":"LineString","coordinates":[[-73.826425,40.855668],[-73.826512,40.854856],[-73.826544,40.853908],[-73.826662,40.853285]]}},{"type":"Feature","properties":{"mode":"bus","n":5,"arr":["Bx7","Bx9","Bx20","BxM2","BxM18"],"lines":"Bx7, Bx9, Bx20, BxM2, BxM18"},"geometry":{"type":"LineString","coordinates":[[-73.906529,40.876675],[-73.906302,40.876866],[-73.906134,40.877082]]}},{"type":"Feature","properties":{"mode":"bus","n":6,"arr":["Bx7","Bx10","Bx20","BxM1","BxM2","BxM18"],"lines":"Bx7, Bx10, Bx20, BxM1, BxM2, BxM18"},"geometry":{"type":"LineString","coordinates":[[-73.908174,40.889335],[-73.908133,40.889917],[-73.908031,40.890468],[-73.907993,40.890909],[-73.907967,40.89224],[-73.907991,40.893528]]}},{"type":"Feature","properties":{"mode":"bus","n":6,"arr":["Bx7","Bx10","Bx20","BxM1","BxM2","BxM18"],"lines":"Bx7, Bx10, Bx20, BxM1, BxM2, BxM18"},"geometry":{"type":"LineString","coordinates":[[-73.909027,40.889495],[-73.908929,40.889655],[-73.908825,40.890135],[-73.908524,40.890711],[-73.90848,40.890874],[-73.908492,40.893194]]}},{"type":"Feature","properties":{"mode":"bus","n":5,"arr":["Bx7","Bx10","BxM1","BxM2","BxM18"],"lines":"Bx7, Bx10, BxM1, BxM2, BxM18"},"geometry":{"type":"LineString","coordinates":[[-73.907991,40.893528],[-73.907844,40.896569],[-73.907685,40.897607],[-73.907475,40.898311],[-73.907313,40.898618],[-73.907111,40.89891],[-73.90677,40.899294],[-73.905999,40.899875],[-73.905828,40.900038],[-73.905755,40.900219],[-73.905712,40.900372],[-73.905724,40.900517],[-73.905817,40.900855],[-73.905986,40.901246],[-73.906034,40.901708]]}},{"type":"Feature","properties":{"mode":"bus","n":5,"arr":["Bx7","Bx10","BxM1","BxM2","BxM18"],"lines":"Bx7, Bx10, BxM1, BxM2, BxM18"},"geometry":{"type":"LineString","coordinates":[[-73.908492,40.893194],[-73.908469,40.894488],[-73.908308,40.895866],[-73.908196,40.897597],[-73.908085,40.898168],[-73.907946,40.898544],[-73.907797,40.898821],[-73.906034,40.901708],[-73.905475,40.902954],[-73.9049,40.904426],[-73.904484,40.905505],[-73.904337,40.905978],[-73.902659,40.912222]]}},{"type":"Feature","properties":{"mode":"bus","n":5,"arr":["Bx7","Bx20","BxM1","BxM2","BxM18"],"lines":"Bx7, Bx20, BxM1, BxM2, BxM18"},"geometry":{"type":"LineString","coordinates":[[-73.906843,40.876903],[-73.907251,40.877524],[-73.907446,40.877759],[-73.908021,40.878305]]}},{"type":"Feature","properties":{"mode":"bus","n":5,"arr":["Bx9","Bx12","Bx12-SBS","Bx17","Bx22"],"lines":"Bx9, Bx12, Bx12-SBS, Bx17, Bx22"},"geometry":{"type":"LineString","coordinates":[[-73.881651,40.857811],[-73.882031,40.857848],[-73.882234,40.857891],[-73.882988,40.8581],[-73.883402,40.858188],[-73.883946,40.858246],[-73.884339,40.858207]]}},{"type":"Feature","properties":{"mode":"bus","n":5,"arr":["Bx9","Bx12","Bx12-SBS","Bx17","Bx22"],"lines":"Bx9, Bx12, Bx12-SBS, Bx17, Bx22"},"geometry":{"type":"LineString","coordinates":[[-73.881898,40.857351],[-73.882351,40.857546],[-73.883614,40.857929],[-73.883832,40.85803],[-73.883879,40.858072],[-73.88428,40.858149],[-73.884339,40.858207],[-73.885212,40.858472],[-73.889889,40.860911],[-73.89027,40.861043]]}},{"type":"Feature","properties":{"mode":"bus","n":6,"arr":["Bx9","Bx12","Bx12-SBS","Bx22","Bx41","Bx41-SBS"],"lines":"Bx9, Bx12, Bx12-SBS, Bx22, Bx41, Bx41-SBS"},"geometry":{"type":"LineString","coordinates":[[-73.891311,40.861759],[-73.891436,40.861649]]}},{"type":"Feature","properties":{"mode":"bus","n":5,"arr":["Bx9","Bx12","Bx12-SBS","Bx22","Bx34"],"lines":"Bx9, Bx12, Bx12-SBS, Bx22, Bx34"},"geometry":{"type":"LineString","coordinates":[[-73.893738,40.861944],[-73.893549,40.861924]]}},{"type":"Feature","properties":{"mode":"bus","n":6,"arr":["Bx10","Bx16","Bx28","Bx34","Bx38","BxM4"],"lines":"Bx10, Bx16, Bx28, Bx34, Bx38, BxM4"},"geometry":{"type":"LineString","coordinates":[[-73.878487,40.881076],[-73.879762,40.877228],[-73.87977,40.877129],[-73.879721,40.876843]]}},{"type":"Feature","properties":{"mode":"bus","n":5,"arr":["Bx10","Bx22","Bx25","Bx26","Bx28"],"lines":"Bx10, Bx22, Bx25, Bx26, Bx28"},"geometry":{"type":"LineString","coordinates":[[-73.89162,40.874483],[-73.889748,40.876823],[-73.889658,40.876974]]}},{"type":"Feature","properties":{"mode":"bus","n":5,"arr":["Bx10","Bx20","BxM1","BxM2","BxM18"],"lines":"Bx10, Bx20, BxM1, BxM2, BxM18"},"geometry":{"type":"LineString","coordinates":[[-73.910864,40.880398],[-73.911138,40.880293],[-73.91141,40.880123],[-73.912369,40.879358],[-73.912603,40.879197],[-73.914051,40.878311],[-73.914559,40.878106],[-73.915053,40.877994],[-73.915506,40.877962],[-73.916173,40.877965],[-73.916408,40.877928],[-73.9166,40.877871],[-73.916787,40.877782],[-73.917739,40.877259],[-73.91777,40.877248],[-73.917805,40.87725],[-73.917871,40.877266],[-73.917931,40.877338],[-73.917947,40.877369],[-73.917944,40.877403],[-73.917908,40.877501],[-73.917741,40.877775],[-73.917542,40.878017],[-73.916952,40.87855],[-73.916805,40.878787],[-73.916729,40.879173],[-73.91673,40.879431],[-73.916758,40.879513],[-73.917172,40.879968],[-73.917474,40.880169],[-73.917783,40.880324],[-73.918145,40.880444],[-73.919144,40.880634],[-73.919267,40.880675],[-73.919284,40.880683],[-73.919292,40.880692],[-73.91929,40.880703],[-73.919279,40.880715],[-73.919147,40.880823],[-73.919125,40.880835],[-73.919102,40.880836],[-73.919077,40.880827],[-73.918861,40.880703],[-73.918674,40.880643],[-73.918491,40.880631],[-73.91831,40.880694],[-73.916718,40.882075],[-73.916169,40.882596],[-73.915792,40.883091],[-73.915422,40.883939],[-73.915049,40.88448],[-73.914818,40.884711],[-73.913401,40.885814],[-73.913163,40.88603],[-73.912743,40.886489],[-73.912269,40.887126],[-73.911978,40.88764],[-73.911748,40.888161],[-73.911734,40.888181],[-73.911714,40.888194],[-73.911686,40.888201],[-73.911222,40.888265],[-73.91109,40.888307],[-73.910775,40.888466],[-73.909878,40.888968],[-73.909797,40.889077],[-73.909773,40.889215]]}},{"type":"Feature","properties":{"mode":"bus","n":5,"arr":["Bx10","Bx20","BxM1","BxM2","BxM18"],"lines":"Bx10, Bx20, BxM1, BxM2, BxM18"},"geometry":{"type":"LineString","coordinates":[[-73.916758,40.879513],[-73.91685,40.879731],[-73.91701,40.879937],[-73.91723,40.880113],[-73.917627,40.880378],[-73.917697,40.880512],[-73.917695,40.880662],[-73.917584,40.880827],[-73.916177,40.882088],[-73.915779,40.882489],[-73.915383,40.883072],[-73.915183,40.883475],[-73.915041,40.883925],[-73.914807,40.884273],[-73.914405,40.884644],[-73.913435,40.885301],[-73.912928,40.885728],[-73.912362,40.886325],[-73.911842,40.886992],[-73.911431,40.88757],[-73.911197,40.887775],[-73.910274,40.88835],[-73.909878,40.888545],[-73.909627,40.888629],[-73.909313,40.888694],[-73.909114,40.888783],[-73.908748,40.889025],[-73.90822,40.889183],[-73.908181,40.889245],[-73.908174,40.889335]]}},{"type":"Feature","properties":{"mode":"bus","n":5,"arr":["Bx10","Bx20","BxM1","BxM2","BxM18"],"lines":"Bx10, Bx20, BxM1, BxM2, BxM18"},"geometry":{"type":"LineString","coordinates":[[-73.90951,40.889471],[-73.90914,40.889454],[-73.909027,40.889495]]}},{"type":"Feature","properties":{"mode":"bus","n":5,"arr":["Bx10","Bx16","Bx28","Bx34","Bx38"],"lines":"Bx10, Bx16, Bx28, Bx34, Bx38"},"geometry":{"type":"LineString","coordinates":[[-73.879721,40.876843],[-73.879465,40.87505]]}},{"type":"Feature","properties":{"mode":"bus","n":5,"arr":["Bx11","Bx36","Bx39","BxM6","Q44-SBS"],"lines":"Bx11, Bx36, Bx39, BxM6, Q44-SBS"},"geometry":{"type":"LineString","coordinates":[[-73.862687,40.832868],[-73.862783,40.832955],[-73.862916,40.833696]]}},{"type":"Feature","properties":{"mode":"bus","n":5,"arr":["Bx23","Bx25","Bx26","Bx28","Bx38"],"lines":"Bx23, Bx25, Bx26, Bx28, Bx38"},"geometry":{"type":"LineString","coordinates":[[-73.833126,40.868272],[-73.831776,40.868701]]}},{"type":"Feature","properties":{"mode":"bus","n":5,"arr":["Bx25","Bx26","Bx28","Bx30","Bx38"],"lines":"Bx25, Bx26, Bx28, Bx30, Bx38"},"geometry":{"type":"LineString","coordinates":[[-73.831776,40.868701],[-73.831642,40.868745]]}},{"type":"Feature","properties":{"mode":"bus","n":5,"arr":["Bx23","Bx25","Bx30","Bx38","Q50"],"lines":"Bx23, Bx25, Bx30, Bx38, Q50"},"geometry":{"type":"LineString","coordinates":[[-73.831716,40.868874],[-73.833509,40.872087],[-73.833715,40.872717],[-73.833787,40.873145],[-73.833848,40.873797],[-73.833862,40.87468],[-73.833799,40.876027],[-73.833747,40.876467],[-73.833601,40.877116],[-73.833375,40.877743],[-73.833049,40.878345],[-73.832709,40.878841],[-73.83232,40.879281]]}},{"type":"Feature","properties":{"mode":"bus","n":5,"arr":["Bx23","Bx25","Bx30","Bx38","Q50"],"lines":"Bx23, Bx25, Bx30, Bx38, Q50"},"geometry":{"type":"LineString","coordinates":[[-73.832003,40.879782],[-73.832704,40.87902],[-73.833011,40.878621],[-73.833361,40.878033],[-73.833628,40.877419],[-73.833807,40.876781],[-73.833895,40.876242],[-73.833968,40.875212],[-73.833982,40.874335],[-73.833919,40.873253],[-73.833811,40.872607],[-73.8337,40.872261],[-73.833529,40.871868],[-73.831839,40.868833]]}},{"type":"Feature","properties":{"mode":"bus","n":5,"arr":["Bx23","Bx25","Bx30","Bx38","Q50"],"lines":"Bx23, Bx25, Bx30, Bx38, Q50"},"geometry":{"type":"LineString","coordinates":[[-73.831525,40.879285],[-73.830951,40.878726],[-73.830667,40.87854],[-73.830177,40.878335],[-73.829856,40.878256],[-73.829563,40.878221]]}},{"type":"Feature","properties":{"mode":"bus","n":5,"arr":["Bx23","Bx25","Bx30","Bx38","BxM7"],"lines":"Bx23, Bx25, Bx30, Bx38, BxM7"},"geometry":{"type":"LineString","coordinates":[[-73.828224,40.878428],[-73.828126,40.878242],[-73.828081,40.877928],[-73.828081,40.877493],[-73.828124,40.87721],[-73.828236,40.876913],[-73.828859,40.875831],[-73.82887,40.875817],[-73.828884,40.87581],[-73.828901,40.875808],[-73.828922,40.875813],[-73.830082,40.876203],[-73.8301,40.876212],[-73.83011,40.876223],[-73.830112,40.876236],[-73.830106,40.876251],[-73.829672,40.876977],[-73.829534,40.877269],[-73.829511,40.877438],[-73.829556,40.878311]]}},{"type":"Feature","properties":{"mode":"bus","n":6,"arr":["Bx23","Bx25","Bx30","Bx38","BxM7","Q50"],"lines":"Bx23, Bx25, Bx30, Bx38, BxM7, Q50"},"geometry":{"type":"LineString","coordinates":[[-73.82336,40.879893],[-73.82361,40.879881],[-73.823807,40.879843],[-73.828224,40.878428]]}},{"type":"Feature","properties":{"mode":"bus","n":5,"arr":["Bx23","Bx25","Bx38","BxM7","Q50"],"lines":"Bx23, Bx25, Bx38, BxM7, Q50"},"geometry":{"type":"LineString","coordinates":[[-73.825942,40.87045],[-73.825448,40.870881],[-73.824929,40.871409],[-73.824747,40.871695],[-73.824607,40.871991],[-73.824434,40.872605],[-73.824389,40.873028],[-73.824398,40.873349],[-73.824574,40.874724],[-73.824553,40.875292],[-73.82445,40.87581],[-73.82429,40.876281],[-73.824088,40.876693],[-73.823772,40.877177],[-73.822948,40.878175],[-73.822786,40.878466],[-73.822657,40.878831],[-73.822598,40.879275],[-73.822685,40.87954],[-73.822784,40.879663],[-73.822999,40.879808],[-73.823186,40.879872],[-73.82336,40.879893]]}},{"type":"Feature","properties":{"mode":"bus","n":5,"arr":["Bx23","Bx25","Bx38","BxM7","Q50"],"lines":"Bx23, Bx25, Bx38, BxM7, Q50"},"geometry":{"type":"LineString","coordinates":[[-73.825821,40.870392],[-73.825205,40.870924],[-73.824839,40.871337],[-73.824587,40.871746],[-73.824452,40.872074],[-73.824366,40.87235],[-73.824276,40.872929],[-73.824274,40.873292],[-73.824432,40.874399],[-73.824463,40.874903],[-73.82444,40.875264],[-73.824328,40.875826],[-73.824162,40.876301],[-73.823881,40.876844],[-73.82355,40.877292],[-73.823032,40.877894],[-73.822817,40.878187],[-73.822635,40.878541],[-73.822517,40.878936],[-73.822488,40.879334],[-73.822501,40.879441],[-73.822579,40.879624],[-73.822766,40.879809],[-73.823023,40.879946],[-73.823172,40.879985],[-73.823422,40.879997]]}},{"type":"Feature","properties":{"mode":"bus","n":6,"arr":["Bx25","Bx26","Bx28","Bx30","Bx38","Q50"],"lines":"Bx25, Bx26, Bx28, Bx30, Bx38, Q50"},"geometry":{"type":"LineString","coordinates":[[-73.826283,40.869446],[-73.826206,40.869989],[-73.826035,40.870341],[-73.825942,40.87045]]}},{"type":"Feature","properties":{"mode":"bus","n":6,"arr":["Bx25","Bx26","Bx28","Bx30","Bx38","Q50"],"lines":"Bx25, Bx26, Bx28, Bx30, Bx38, Q50"},"geometry":{"type":"LineString","coordinates":[[-73.825821,40.870392],[-73.825937,40.870244],[-73.826034,40.870035],[-73.826091,40.869794],[-73.826102,40.869583]]}},{"type":"Feature","properties":{"mode":"bus","n":8,"arr":["Bx23","Bx25","Bx26","Bx28","Bx30","Bx38","BxM7","Q50"],"lines":"Bx23, Bx25, Bx26, Bx28, Bx30, Bx38, BxM7, Q50"},"geometry":{"type":"LineString","coordinates":[[-73.824279,40.869145],[-73.825531,40.869371],[-73.826283,40.869446]]}},{"type":"Feature","properties":{"mode":"bus","n":5,"arr":["Bx23","Bx26","Bx28","Bx30","BxM7"],"lines":"Bx23, Bx26, Bx28, Bx30, BxM7"},"geometry":{"type":"LineString","coordinates":[[-73.830435,40.869066],[-73.830734,40.869708],[-73.83075,40.869807],[-73.830906,40.870186],[-73.830941,40.870358],[-73.830938,40.870602],[-73.830882,40.870828],[-73.830532,40.871449],[-73.830521,40.871462],[-73.830507,40.87147],[-73.83049,40.871472],[-73.830469,40.871467],[-73.8297,40.871209],[-73.829365,40.871125],[-73.829082,40.871086],[-73.827615,40.87099],[-73.827254,40.870929],[-73.826238,40.870581],[-73.825821,40.870392]]}},{"type":"Feature","properties":{"mode":"bus","n":6,"arr":["Bx23","Bx26","Bx28","Bx30","BxM7","Q50"],"lines":"Bx23, Bx26, Bx28, Bx30, BxM7, Q50"},"geometry":{"type":"LineString","coordinates":[[-73.823119,40.868925],[-73.824279,40.869145]]}},{"type":"Feature","properties":{"mode":"bus","n":6,"arr":["Bx23","Bx26","Bx28","Bx30","BxM7","Q50"],"lines":"Bx23, Bx26, Bx28, Bx30, BxM7, Q50"},"geometry":{"type":"LineString","coordinates":[[-73.823082,40.86606],[-73.822909,40.86631],[-73.82259,40.866693],[-73.822348,40.866899],[-73.822102,40.86702],[-73.821897,40.867081],[-73.821615,40.867118],[-73.821347,40.867117],[-73.821168,40.867153],[-73.821023,40.867231],[-73.820901,40.867372],[-73.820868,40.867497],[-73.820878,40.867678],[-73.820934,40.867858],[-73.821044,40.868026],[-73.821322,40.868307],[-73.821892,40.868651]]}},{"type":"Feature","properties":{"mode":"bus","n":6,"arr":["Bx23","Bx26","Bx28","Bx30","BxM7","Q50"],"lines":"Bx23, Bx26, Bx28, Bx30, BxM7, Q50"},"geometry":{"type":"LineString","coordinates":[[-73.826102,40.869583],[-73.824994,40.869407],[-73.822346,40.8689],[-73.822117,40.868839],[-73.821922,40.86875],[-73.821369,40.868404],[-73.821037,40.868147],[-73.820846,40.867883],[-73.820761,40.86757],[-73.82078,40.867422],[-73.82084,40.867292],[-73.820952,40.867177],[-73.821046,40.86712],[-73.821303,40.867044],[-73.821737,40.867033],[-73.821967,40.86699],[-73.822258,40.866875],[-73.822433,40.866747],[-73.82284,40.866292],[-73.823082,40.86606],[-73.824968,40.863924],[-73.826009,40.862791]]}},{"type":"Feature","properties":{"mode":"bus","n":5,"arr":["Bx23","Bx26","Bx28","Bx30","Q50"],"lines":"Bx23, Bx26, Bx28, Bx30, Q50"},"geometry":{"type":"LineString","coordinates":[[-73.826009,40.862791],[-73.825934,40.862712],[-73.825823,40.862506],[-73.824557,40.861984],[-73.824478,40.86191],[-73.824365,40.861705],[-73.824355,40.861692],[-73.824341,40.861684],[-73.824323,40.861682],[-73.824303,40.861686],[-73.823304,40.862002],[-73.823244,40.862005],[-73.823148,40.861973],[-73.823074,40.861896],[-73.822625,40.861094]]}},{"type":"Feature","properties":{"mode":"bus","n":5,"arr":["Bx23","Bx26","Bx28","Bx30","Q50"],"lines":"Bx23, Bx26, Bx28, Bx30, Q50"},"geometry":{"type":"LineString","coordinates":[[-73.822554,40.860966],[-73.823722,40.86057]]}},{"type":"Feature","properties":{"mode":"bus","n":5,"arr":["Bx33","BxM2","BxM3","BxM4","BxM18"],"lines":"Bx33, BxM2, BxM3, BxM4, BxM18"},"geometry":{"type":"LineString","coordinates":[[-73.931047,40.813527],[-73.932106,40.814017],[-73.932258,40.814065],[-73.934018,40.814123],[-73.934302,40.814096],[-73.934478,40.81403],[-73.934604,40.813932],[-73.935963,40.812081],[-73.935973,40.81207],[-73.935986,40.812065],[-73.936,40.812065],[-73.936016,40.812069],[-73.93608,40.812096]]}},{"type":"Feature","properties":{"mode":"bus","n":5,"arr":["Bx33","BxM2","BxM3","BxM4","BxM18"],"lines":"Bx33, BxM2, BxM3, BxM4, BxM18"},"geometry":{"type":"LineString","coordinates":[[-73.931376,40.813789],[-73.932092,40.814113],[-73.932233,40.814148],[-73.934195,40.814211]]}},{"type":"Feature","properties":{"mode":"bus","n":5,"arr":["B1","B16","S53","S79-SBS","S93"],"lines":"B1, B16, S53, S79-SBS, S93"},"geometry":{"type":"LineString","coordinates":[[-74.028359,40.622778],[-74.024451,40.620429]]}},{"type":"Feature","properties":{"mode":"bus","n":5,"arr":["B2","B9","B46","B46-SBS","Q35"],"lines":"B2, B9, B46, B46-SBS, Q35"},"geometry":{"type":"LineString","coordinates":[[-73.926302,40.613013],[-73.922666,40.609796],[-73.920817,40.608125]]}},{"type":"Feature","properties":{"mode":"bus","n":5,"arr":["B2","B9","B46","B46-SBS","Q35"],"lines":"B2, B9, B46, B46-SBS, Q35"},"geometry":{"type":"LineString","coordinates":[[-73.920822,40.608464],[-73.921496,40.609093]]}},{"type":"Feature","properties":{"mode":"bus","n":5,"arr":["B2","B9","B46","B46-SBS","Q35"],"lines":"B2, B9, B46, B46-SBS, Q35"},"geometry":{"type":"LineString","coordinates":[[-73.922003,40.609557],[-73.922336,40.609851]]}},{"type":"Feature","properties":{"mode":"bus","n":5,"arr":["B2","B9","B46","B46-SBS","Q35"],"lines":"B2, B9, B46, B46-SBS, Q35"},"geometry":{"type":"LineString","coordinates":[[-73.922449,40.60995],[-73.924251,40.611534],[-73.925166,40.612277]]}},{"type":"Feature","properties":{"mode":"bus","n":6,"arr":["B2","B3","B9","B46","B46-SBS","Q35"],"lines":"B2, B3, B9, B46, B46-SBS, Q35"},"geometry":{"type":"LineString","coordinates":[[-73.922336,40.609851],[-73.922449,40.60995]]}},{"type":"Feature","properties":{"mode":"bus","n":5,"arr":["B6","B82","B82-SBS","X28","X38"],"lines":"B6, B82, B82-SBS, X28, X38"},"geometry":{"type":"LineString","coordinates":[[-73.998656,40.597279],[-73.997703,40.596442],[-73.997487,40.596354],[-73.996728,40.595727],[-73.996714,40.595709],[-73.996713,40.59569],[-73.996726,40.595672],[-73.996766,40.595634],[-73.996779,40.595616],[-73.996778,40.595597],[-73.996764,40.595579],[-73.995379,40.594428],[-73.995363,40.594418],[-73.995347,40.594414],[-73.995331,40.594418],[-73.995316,40.594428],[-73.99527,40.594467],[-73.995255,40.594477],[-73.995239,40.594481],[-73.995223,40.594477],[-73.995207,40.594467],[-73.994762,40.59409],[-73.994672,40.593987],[-73.994286,40.593691]]}},{"type":"Feature","properties":{"mode":"bus","n":6,"arr":["B6","B11","B41","B44-SBS","B103","BM2"],"lines":"B6, B11, B41, B44-SBS, B103, BM2"},"geometry":{"type":"LineString","coordinates":[[-73.948848,40.633951],[-73.949449,40.634508]]}},{"type":"Feature","properties":{"mode":"bus","n":5,"arr":["B6","B42","B60","B82","B82-SBS"],"lines":"B6, B42, B60, B82, B82-SBS"},"geometry":{"type":"LineString","coordinates":[[-73.901433,40.645703],[-73.902277,40.645157],[-73.902295,40.645149],[-73.902312,40.645147],[-73.902328,40.645151],[-73.902344,40.645162],[-73.902574,40.645369]]}},{"type":"Feature","properties":{"mode":"bus","n":6,"arr":["B6","B17","B42","B60","B82","B82-SBS"],"lines":"B6, B17, B42, B60, B82, B82-SBS"},"geometry":{"type":"LineString","coordinates":[[-73.90067,40.64366],[-73.902313,40.645134]]}},{"type":"Feature","properties":{"mode":"bus","n":5,"arr":["B8","B70","S53","S79-SBS","S93"],"lines":"B8, B70, S53, S79-SBS, S93"},"geometry":{"type":"LineString","coordinates":[[-74.027486,40.616964],[-74.027103,40.616737],[-74.025741,40.616061]]}},{"type":"Feature","properties":{"mode":"bus","n":5,"arr":["B8","B41","B49","B103","BM2"],"lines":"B8, B41, B49, B103, BM2"},"geometry":{"type":"LineString","coordinates":[[-73.953743,40.638566],[-73.953605,40.638427]]}},{"type":"Feature","properties":{"mode":"bus","n":5,"arr":["B11","B41","B44-SBS","B103","BM2"],"lines":"B11, B41, B44-SBS, B103, BM2"},"geometry":{"type":"LineString","coordinates":[[-73.948848,40.633951],[-73.947659,40.632846]]}},{"type":"Feature","properties":{"mode":"bus","n":6,"arr":["B12","B20","B25","B83","Q24","Q56"],"lines":"B12, B20, B25, B83, Q24, Q56"},"geometry":{"type":"LineString","coordinates":[[-73.900128,40.676784],[-73.900847,40.676489]]}},{"type":"Feature","properties":{"mode":"bus","n":6,"arr":["B12","B20","B25","B83","Q24","Q56"],"lines":"B12, B20, B25, B83, Q24, Q56"},"geometry":{"type":"LineString","coordinates":[[-73.900849,40.676633],[-73.900724,40.676689]]}},{"type":"Feature","properties":{"mode":"bus","n":5,"arr":["B12","B20","B83","Q24","Q56"],"lines":"B12, B20, B83, Q24, Q56"},"geometry":{"type":"LineString","coordinates":[[-73.900032,40.676823],[-73.900128,40.676784]]}},{"type":"Feature","properties":{"mode":"bus","n":5,"arr":["B13","B14","B15","B20","BM5"],"lines":"B13, B14, B15, B20, BM5"},"geometry":{"type":"LineString","coordinates":[[-73.862866,40.66961],[-73.865579,40.669224]]}},{"type":"Feature","properties":{"mode":"bus","n":5,"arr":["B13","Q55","QM24","QM25","QM34"],"lines":"B13, Q55, QM24, QM25, QM34"},"geometry":{"type":"LineString","coordinates":[[-73.893353,40.7009],[-73.894553,40.700785]]}},{"type":"Feature","properties":{"mode":"bus","n":5,"arr":["B13","B20","QM24","QM25","QM34"],"lines":"B13, B20, QM24, QM25, QM34"},"geometry":{"type":"LineString","coordinates":[[-73.894553,40.700785],[-73.895673,40.703908],[-73.896573,40.705766]]}},{"type":"Feature","properties":{"mode":"bus","n":7,"arr":["B13","B20","Q58","Q98","QM24","QM25","QM34"],"lines":"B13, B20, Q58, Q98, QM24, QM25, QM34"},"geometry":{"type":"LineString","coordinates":[[-73.896573,40.705766],[-73.89694,40.706499]]}},{"type":"Feature","properties":{"mode":"bus","n":6,"arr":["B13","B20","Q14","Q39","Q58","Q98"],"lines":"B13, B20, Q14, Q39, Q58, Q98"},"geometry":{"type":"LineString","coordinates":[[-73.90201,40.704861],[-73.902119,40.705149]]}},{"type":"Feature","properties":{"mode":"bus","n":5,"arr":["B15","BM5","Q11","Q41","QM15"],"lines":"B15, BM5, Q11, Q41, QM15"},"geometry":{"type":"LineString","coordinates":[[-73.846348,40.669568],[-73.846014,40.66947]]}},{"type":"Feature","properties":{"mode":"bus","n":5,"arr":["B16","B37","B63","X27","X37"],"lines":"B16, B37, B63, X27, X37"},"geometry":{"type":"LineString","coordinates":[[-74.035162,40.611673],[-74.034911,40.611426],[-74.034897,40.611415],[-74.034883,40.611412],[-74.034869,40.611416],[-74.034856,40.611427],[-74.032669,40.613993],[-74.032659,40.614012],[-74.032664,40.614028],[-74.032683,40.614043],[-74.034495,40.614938],[-74.034514,40.614945],[-74.034529,40.614945],[-74.034542,40.614938],[-74.034552,40.614924],[-74.034599,40.614827],[-74.036036,40.612652],[-74.036094,40.612608],[-74.036109,40.612593],[-74.03611,40.612576],[-74.036098,40.612559],[-74.036029,40.612497]]}},{"type":"Feature","properties":{"mode":"bus","n":5,"arr":["B20","B25","B83","Q24","Q56"],"lines":"B20, B25, B83, Q24, Q56"},"geometry":{"type":"LineString","coordinates":[[-73.900429,40.677127],[-73.900134,40.676939]]}},{"type":"Feature","properties":{"mode":"bus","n":5,"arr":["B20","B25","B83","Q24","Q56"],"lines":"B20, B25, B83, Q24, Q56"},"geometry":{"type":"LineString","coordinates":[[-73.900724,40.676689],[-73.900994,40.677054],[-73.901213,40.67722],[-73.902841,40.677802],[-73.903051,40.677845],[-73.903337,40.677866]]}},{"type":"Feature","properties":{"mode":"bus","n":5,"arr":["B20","B25","B83","Q24","Q56"],"lines":"B20, B25, B83, Q24, Q56"},"geometry":{"type":"LineString","coordinates":[[-73.900847,40.676489],[-73.900849,40.676633]]}},{"type":"Feature","properties":{"mode":"bus","n":6,"arr":["B24","B32","B44","B44-SBS","B46","Q59"],"lines":"B24, B32, B44, B44-SBS, B46, Q59"},"geometry":{"type":"LineString","coordinates":[[-73.959369,40.709268],[-73.959409,40.70912],[-73.959491,40.708965]]}},{"type":"Feature","properties":{"mode":"bus","n":5,"arr":["B24","B46","B60","B62","Q54"],"lines":"B24, B46, B60, B62, Q54"},"geometry":{"type":"LineString","coordinates":[[-73.959263,40.708886],[-73.959491,40.708965]]}},{"type":"Feature","properties":{"mode":"bus","n":9,"arr":["B24","B32","B44","B44-SBS","B46","B60","B62","Q54","Q59"],"lines":"B24, B32, B44, B44-SBS, B46, B60, B62, Q54, Q59"},"geometry":{"type":"LineString","coordinates":[[-73.959491,40.708965],[-73.960111,40.709173]]}},{"type":"Feature","properties":{"mode":"bus","n":9,"arr":["B24","B32","B44","B44-SBS","B46","B60","B62","Q54","Q59"],"lines":"B24, B32, B44, B44-SBS, B46, B60, B62, Q54, Q59"},"geometry":{"type":"LineString","coordinates":[[-73.960519,40.709311],[-73.960783,40.709407]]}},{"type":"Feature","properties":{"mode":"bus","n":7,"arr":["B24","B44","B44-SBS","B46","B60","B62","Q54"],"lines":"B24, B44, B44-SBS, B46, B60, B62, Q54"},"geometry":{"type":"LineString","coordinates":[[-73.960111,40.709173],[-73.960519,40.709311]]}},{"type":"Feature","properties":{"mode":"bus","n":8,"arr":["B24","B32","B44","B44-SBS","B46","B60","Q54","Q59"],"lines":"B24, B32, B44, B44-SBS, B46, B60, Q54, Q59"},"geometry":{"type":"LineString","coordinates":[[-73.960783,40.709407],[-73.960667,40.709459],[-73.960495,40.70966],[-73.960416,40.709701],[-73.960289,40.709715],[-73.960034,40.709662]]}},{"type":"Feature","properties":{"mode":"bus","n":6,"arr":["B24","B32","B44","B44-SBS","Q54","Q59"],"lines":"B24, B32, B44, B44-SBS, Q54, Q59"},"geometry":{"type":"LineString","coordinates":[[-73.960034,40.709662],[-73.959887,40.709461]]}},{"type":"Feature","properties":{"mode":"bus","n":6,"arr":["B25","B26","B38","B41","B52","B103"],"lines":"B25, B26, B38, B41, B52, B103"},"geometry":{"type":"LineString","coordinates":[[-73.991039,40.695978],[-73.991101,40.696176],[-73.991103,40.696191],[-73.991097,40.696202],[-73.991084,40.696208],[-73.991064,40.69621],[-73.990701,40.696202]]}},{"type":"Feature","properties":{"mode":"bus","n":6,"arr":["B25","B26","B38","B41","B52","B103"],"lines":"B25, B26, B38, B41, B52, B103"},"geometry":{"type":"LineString","coordinates":[[-73.990592,40.696187],[-73.988883,40.696123]]}},{"type":"Feature","properties":{"mode":"bus","n":6,"arr":["B25","B26","B38","B41","B52","B103"],"lines":"B25, B26, B38, B41, B52, B103"},"geometry":{"type":"LineString","coordinates":[[-73.990425,40.693756],[-73.99043,40.693654],[-73.990813,40.692848],[-73.990825,40.692759],[-73.990826,40.692671],[-73.99078,40.692588],[-73.990675,40.692523],[-73.990567,40.692492]]}},{"type":"Feature","properties":{"mode":"bus","n":5,"arr":["B25","B26","B41","B52","B103"],"lines":"B25, B26, B41, B52, B103"},"geometry":{"type":"LineString","coordinates":[[-73.990701,40.696202],[-73.990592,40.696187]]}},{"type":"Feature","properties":{"mode":"bus","n":5,"arr":["B25","B38","B41","B52","B103"],"lines":"B25, B38, B41, B52, B103"},"geometry":{"type":"LineString","coordinates":[[-73.988883,40.696123],[-73.988947,40.694956],[-73.989024,40.694622],[-73.98911,40.693317],[-73.989106,40.692822],[-73.98906,40.692534],[-73.989126,40.69217]]}},{"type":"Feature","properties":{"mode":"bus","n":9,"arr":["B25","B26","B38","B41","B45","B52","B61","B65","B103"],"lines":"B25, B26, B38, B41, B45, B52, B61, B65, B103"},"geometry":{"type":"LineString","coordinates":[[-73.988949,40.692096],[-73.989126,40.69217]]}},{"type":"Feature","properties":{"mode":"bus","n":6,"arr":["B25","B26","B38","B52","B61","B65"],"lines":"B25, B26, B38, B52, B61, B65"},"geometry":{"type":"LineString","coordinates":[[-73.987339,40.691455],[-73.988949,40.692096]]}},{"type":"Feature","properties":{"mode":"bus","n":7,"arr":["B25","B26","B38","B41","B45","B52","B103"],"lines":"B25, B26, B38, B41, B45, B52, B103"},"geometry":{"type":"LineString","coordinates":[[-73.990567,40.692492],[-73.989611,40.692341],[-73.989126,40.69217]]}},{"type":"Feature","properties":{"mode":"bus","n":5,"arr":["B26","B54","B57","B62","B67"],"lines":"B26, B54, B57, B62, B67"},"geometry":{"type":"LineString","coordinates":[[-73.987263,40.692859],[-73.987108,40.696055]]}},{"type":"Feature","properties":{"mode":"bus","n":6,"arr":["B35","B103","BM1","BM2","BM3","BM4"],"lines":"B35, B103, BM1, BM2, BM3, BM4"},"geometry":{"type":"LineString","coordinates":[[-73.974331,40.644936],[-73.970841,40.646378]]}},{"type":"Feature","properties":{"mode":"bus","n":5,"arr":["B57","B61","B62","B65","B67"],"lines":"B57, B61, B62, B65, B67"},"geometry":{"type":"LineString","coordinates":[[-73.987339,40.691455],[-73.987347,40.691385]]}},{"type":"Feature","properties":{"mode":"bus","n":5,"arr":["B60","B82","B82-SBS","B103","BM2"],"lines":"B60, B82, B82-SBS, B103, BM2"},"geometry":{"type":"LineString","coordinates":[[-73.891402,40.649998],[-73.892598,40.648945],[-73.894727,40.647569]]}},{"type":"Feature","properties":{"mode":"bus","n":5,"arr":["B61","BM1","BM2","BM3","BM4"],"lines":"B61, BM1, BM2, BM3, BM4"},"geometry":{"type":"LineString","coordinates":[[-74.006666,40.682658],[-74.006116,40.683147],[-74.005962,40.683356]]}},{"type":"Feature","properties":{"mode":"bus","n":5,"arr":["B62","Q66","Q69","Q100","Q103"],"lines":"B62, Q66, Q69, Q100, Q103"},"geometry":{"type":"LineString","coordinates":[[-73.941239,40.755234],[-73.944235,40.752108]]}},{"type":"Feature","properties":{"mode":"bus","n":5,"arr":["B67","B69","B103","BM3","BM4"],"lines":"B67, B69, B103, BM3, BM4"},"geometry":{"type":"LineString","coordinates":[[-73.979442,40.642796],[-73.980292,40.647303]]}},{"type":"Feature","properties":{"mode":"bus","n":7,"arr":["B67","B69","B103","BM1","BM2","BM3","BM4"],"lines":"B67, B69, B103, BM1, BM2, BM3, BM4"},"geometry":{"type":"LineString","coordinates":[[-73.980292,40.647303],[-73.981769,40.655156],[-73.9818,40.655235],[-73.981802,40.655268],[-73.981784,40.655298],[-73.981229,40.655835]]}},{"type":"Feature","properties":{"mode":"bus","n":6,"arr":["B68","B103","BM1","BM2","BM3","BM4"],"lines":"B68, B103, BM1, BM2, BM3, BM4"},"geometry":{"type":"LineString","coordinates":[[-73.970841,40.646378],[-73.968787,40.639257]]}},{"type":"Feature","properties":{"mode":"bus","n":12,"arr":["BM5","Q11","Q14","Q29","Q52-SBS","Q53-SBS","QM15","QM16","QM17","QM24","QM25","QM34"],"lines":"BM5, Q11, Q14, Q29, Q52-SBS, Q53-SBS, QM15, QM16, QM17, QM24, QM25, QM34"},"geometry":{"type":"LineString","coordinates":[[-73.87144,40.729745],[-73.871533,40.730754],[-73.871501,40.731102]]}},{"type":"Feature","properties":{"mode":"bus","n":12,"arr":["BM5","Q11","Q14","Q29","Q52-SBS","Q53-SBS","QM15","QM16","QM17","QM24","QM25","QM34"],"lines":"BM5, Q11, Q14, Q29, Q52-SBS, Q53-SBS, QM15, QM16, QM17, QM24, QM25, QM34"},"geometry":{"type":"LineString","coordinates":[[-73.87171,40.731127],[-73.871746,40.730805],[-73.871699,40.730254],[-73.871482,40.729193]]}},{"type":"Feature","properties":{"mode":"bus","n":30,"arr":["BM5","Q11","Q14","Q29","Q52-SBS","Q53-SBS","QM1","QM4","QM5","QM6","QM7","QM8","QM10","QM11","QM12","QM15","QM16","QM17","QM18","QM21","QM24","QM25","QM31","QM34","QM35","QM36","QM40","QM42","QM44","QM65"],"lines":"BM5, Q11, Q14, Q29, Q52-SBS, Q53-SBS, QM1, QM4, QM5, QM6, QM7, QM8, QM10, QM11, QM12, QM15, QM16, QM17, QM18, QM21, QM24, QM25, QM31, QM34, QM35, QM36, QM40, QM42, QM44, QM65"},"geometry":{"type":"LineString","coordinates":[[-73.871501,40.731102],[-73.871297,40.731579],[-73.870706,40.732661]]}},{"type":"Feature","properties":{"mode":"bus","n":6,"arr":["Q11","Q14","Q29","Q52-SBS","Q53-SBS","QM11"],"lines":"Q11, Q14, Q29, Q52-SBS, Q53-SBS, QM11"},"geometry":{"type":"LineString","coordinates":[[-73.870706,40.732661],[-73.870192,40.733586],[-73.870138,40.73364]]}},{"type":"Feature","properties":{"mode":"bus","n":5,"arr":["Q14","Q72","Q88","QM10","QM40"],"lines":"Q14, Q72, Q88, QM10, QM40"},"geometry":{"type":"LineString","coordinates":[[-73.865792,40.736567],[-73.86583,40.736643]]}},{"type":"Feature","properties":{"mode":"bus","n":5,"arr":["Q14","Q88","QM10","QM11","QM40"],"lines":"Q14, Q88, QM10, QM11, QM40"},"geometry":{"type":"LineString","coordinates":[[-73.86583,40.736643],[-73.869733,40.735501]]}},{"type":"Feature","properties":{"mode":"bus","n":5,"arr":["Q14","Q29","QM10","QM11","QM40"],"lines":"Q14, Q29, QM10, QM11, QM40"},"geometry":{"type":"LineString","coordinates":[[-73.872262,40.734743],[-73.869733,40.735501]]}},{"type":"Feature","properties":{"mode":"bus","n":8,"arr":["Q11","Q14","Q29","Q52-SBS","Q98","QM10","QM11","QM40"],"lines":"Q11, Q14, Q29, Q52-SBS, Q98, QM10, QM11, QM40"},"geometry":{"type":"LineString","coordinates":[[-73.872262,40.734743],[-73.873314,40.734431]]}},{"type":"Feature","properties":{"mode":"bus","n":7,"arr":["Q11","Q14","Q29","Q52-SBS","QM10","QM11","QM40"],"lines":"Q11, Q14, Q29, Q52-SBS, QM10, QM11, QM40"},"geometry":{"type":"LineString","coordinates":[[-73.873314,40.734431],[-73.873757,40.734313],[-73.874001,40.734179]]}},{"type":"Feature","properties":{"mode":"bus","n":8,"arr":["Q11","Q14","Q29","Q52-SBS","Q53-SBS","QM10","QM11","QM40"],"lines":"Q11, Q14, Q29, Q52-SBS, Q53-SBS, QM10, QM11, QM40"},"geometry":{"type":"LineString","coordinates":[[-73.874001,40.734179],[-73.873466,40.733604],[-73.873051,40.733402],[-73.872787,40.733331],[-73.871785,40.733249],[-73.871218,40.733224]]}},{"type":"Feature","properties":{"mode":"bus","n":8,"arr":["Q11","Q14","Q29","Q52-SBS","Q53-SBS","QM10","QM11","QM40"],"lines":"Q11, Q14, Q29, Q52-SBS, Q53-SBS, QM10, QM11, QM40"},"geometry":{"type":"LineString","coordinates":[[-73.870995,40.733208],[-73.870858,40.733162],[-73.870742,40.733027]]}},{"type":"Feature","properties":{"mode":"bus","n":6,"arr":["Q14","Q29","Q53-SBS","QM10","QM11","QM40"],"lines":"Q14, Q29, Q53-SBS, QM10, QM11, QM40"},"geometry":{"type":"LineString","coordinates":[[-73.871218,40.733224],[-73.871089,40.733215]]}},{"type":"Feature","properties":{"mode":"bus","n":7,"arr":["Q11","Q14","Q29","Q53-SBS","QM10","QM11","QM40"],"lines":"Q11, Q14, Q29, Q53-SBS, QM10, QM11, QM40"},"geometry":{"type":"LineString","coordinates":[[-73.871089,40.733215],[-73.870995,40.733208]]}},{"type":"Feature","properties":{"mode":"bus","n":10,"arr":["Q11","Q14","Q29","Q52-SBS","Q53-SBS","QM10","QM11","QM12","QM40","QM42"],"lines":"Q11, Q14, Q29, Q52-SBS, Q53-SBS, QM10, QM11, QM12, QM40, QM42"},"geometry":{"type":"LineString","coordinates":[[-73.870742,40.733027],[-73.870996,40.732557]]}},{"type":"Feature","properties":{"mode":"bus","n":12,"arr":["Q11","Q14","Q29","Q52-SBS","Q53-SBS","QM4","QM6","QM8","QM35","QM36","QM44","QM65"],"lines":"Q11, Q14, Q29, Q52-SBS, Q53-SBS, QM4, QM6, QM8, QM35, QM36, QM44, QM65"},"geometry":{"type":"LineString","coordinates":[[-73.870996,40.732557],[-73.871324,40.731972]]}},{"type":"Feature","properties":{"mode":"bus","n":18,"arr":["Q11","Q14","Q29","Q52-SBS","Q53-SBS","QM1","QM4","QM5","QM6","QM7","QM8","QM18","QM21","QM31","QM35","QM36","QM44","QM65"],"lines":"Q11, Q14, Q29, Q52-SBS, Q53-SBS, QM1, QM4, QM5, QM6, QM7, QM8, QM18, QM21, QM31, QM35, QM36, QM44, QM65"},"geometry":{"type":"LineString","coordinates":[[-73.871324,40.731972],[-73.871527,40.731614],[-73.871684,40.731227]]}},{"type":"Feature","properties":{"mode":"bus","n":19,"arr":["BM5","Q11","Q14","Q29","Q52-SBS","Q53-SBS","QM1","QM4","QM5","QM6","QM7","QM8","QM18","QM21","QM31","QM35","QM36","QM44","QM65"],"lines":"BM5, Q11, Q14, Q29, Q52-SBS, Q53-SBS, QM1, QM4, QM5, QM6, QM7, QM8, QM18, QM21, QM31, QM35, QM36, QM44, QM65"},"geometry":{"type":"LineString","coordinates":[[-73.871684,40.731227],[-73.87171,40.731127]]}},{"type":"Feature","properties":{"mode":"bus","n":8,"arr":["Q6","Q8","Q9","Q24","Q25","Q40","Q41","Q60"],"lines":"Q6, Q8, Q9, Q24, Q25, Q40, Q41, Q60"},"geometry":{"type":"LineString","coordinates":[[-73.806955,40.699029],[-73.806466,40.698408]]}},{"type":"Feature","properties":{"mode":"bus","n":9,"arr":["Q6","Q8","Q9","Q24","Q25","Q40","Q41","Q60","Q65"],"lines":"Q6, Q8, Q9, Q24, Q25, Q40, Q41, Q60, Q65"},"geometry":{"type":"LineString","coordinates":[[-73.806955,40.699029],[-73.807186,40.699457],[-73.807706,40.700585]]}},{"type":"Feature","properties":{"mode":"bus","n":6,"arr":["Q20","Q24","Q30","Q31","Q44-SBS","Q75"],"lines":"Q20, Q24, Q30, Q31, Q44-SBS, Q75"},"geometry":{"type":"LineString","coordinates":[[-73.807706,40.700585],[-73.80683,40.700812],[-73.806104,40.70093],[-73.80417,40.701484]]}},{"type":"Feature","properties":{"mode":"bus","n":15,"arr":["Q4","Q5","Q20","Q24","Q30","Q31","Q42","Q44-SBS","Q75","Q83","Q84","Q85","Q86","Q87","Q89"],"lines":"Q4, Q5, Q20, Q24, Q30, Q31, Q42, Q44-SBS, Q75, Q83, Q84, Q85, Q86, Q87, Q89"},"geometry":{"type":"LineString","coordinates":[[-73.802534,40.701777],[-73.803729,40.701514],[-73.80417,40.701484]]}},{"type":"Feature","properties":{"mode":"bus","n":15,"arr":["Q4","Q5","Q20","Q24","Q30","Q31","Q42","Q44-SBS","Q75","Q83","Q84","Q85","Q86","Q87","Q89"],"lines":"Q4, Q5, Q20, Q24, Q30, Q31, Q42, Q44-SBS, Q75, Q83, Q84, Q85, Q86, Q87, Q89"},"geometry":{"type":"LineString","coordinates":[[-73.799968,40.702502],[-73.799945,40.702423]]}},{"type":"Feature","properties":{"mode":"bus","n":19,"arr":["n4","n4X","Q4","Q5","Q20","Q24","Q25","Q30","Q31","Q42","Q44-SBS","Q65","Q75","Q83","Q84","Q85","Q86","Q87","Q89"],"lines":"n4, n4X, Q4, Q5, Q20, Q24, Q25, Q30, Q31, Q42, Q44-SBS, Q65, Q75, Q83, Q84, Q85, Q86, Q87, Q89"},"geometry":{"type":"LineString","coordinates":[[-73.802323,40.701825],[-73.802534,40.701777]]}},{"type":"Feature","properties":{"mode":"bus","n":7,"arr":["Q24","Q83","Q111","Q112","Q113","Q114","Q115"],"lines":"Q24, Q83, Q111, Q112, Q113, Q114, Q115"},"geometry":{"type":"LineString","coordinates":[[-73.802292,40.702742],[-73.801941,40.701993]]}},{"type":"Feature","properties":{"mode":"bus","n":8,"arr":["Q24","Q83","Q110","Q111","Q112","Q113","Q114","Q115"],"lines":"Q24, Q83, Q110, Q111, Q112, Q113, Q114, Q115"},"geometry":{"type":"LineString","coordinates":[[-73.803681,40.705467],[-73.80314,40.704304],[-73.802292,40.702742]]}},{"type":"Feature","properties":{"mode":"bus","n":8,"arr":["Q24","Q83","Q110","Q111","Q112","Q113","Q114","Q115"],"lines":"Q24, Q83, Q110, Q111, Q112, Q113, Q114, Q115"},"geometry":{"type":"LineString","coordinates":[[-73.804048,40.706255],[-73.803902,40.705942]]}},{"type":"Feature","properties":{"mode":"bus","n":7,"arr":["Q24","Q110","Q111","Q112","Q113","Q114","Q115"],"lines":"Q24, Q110, Q111, Q112, Q113, Q114, Q115"},"geometry":{"type":"LineString","coordinates":[[-73.803902,40.705942],[-73.803681,40.705467]]}},{"type":"Feature","properties":{"mode":"bus","n":6,"arr":["Q24","Q25","Q65","Q110","Q111","Q115"],"lines":"Q24, Q25, Q65, Q110, Q111, Q115"},"geometry":{"type":"LineString","coordinates":[[-73.802093,40.706515],[-73.802228,40.706749]]}},{"type":"Feature","properties":{"mode":"bus","n":8,"arr":["Q24","Q25","Q65","Q110","Q111","Q113","Q114","Q115"],"lines":"Q24, Q25, Q65, Q110, Q111, Q113, Q114, Q115"},"geometry":{"type":"LineString","coordinates":[[-73.801694,40.705824],[-73.802093,40.706515]]}},{"type":"Feature","properties":{"mode":"bus","n":9,"arr":["Q24","Q25","Q65","Q110","Q111","Q112","Q113","Q114","Q115"],"lines":"Q24, Q25, Q65, Q110, Q111, Q112, Q113, Q114, Q115"},"geometry":{"type":"LineString","coordinates":[[-73.800206,40.703334],[-73.800422,40.703773],[-73.801077,40.704793],[-73.801694,40.705824]]}},{"type":"Feature","properties":{"mode":"bus","n":7,"arr":["Q24","Q25","Q65","Q111","Q113","Q114","Q115"],"lines":"Q24, Q25, Q65, Q111, Q113, Q114, Q115"},"geometry":{"type":"LineString","coordinates":[[-73.800206,40.703334],[-73.799968,40.702502]]}},{"type":"Feature","properties":{"mode":"bus","n":17,"arr":["n4","n4X","Q4","Q5","Q20","Q24","Q30","Q31","Q42","Q44-SBS","Q75","Q83","Q84","Q85","Q86","Q87","Q89"],"lines":"n4, n4X, Q4, Q5, Q20, Q24, Q30, Q31, Q42, Q44-SBS, Q75, Q83, Q84, Q85, Q86, Q87, Q89"},"geometry":{"type":"LineString","coordinates":[[-73.799945,40.702423],[-73.802323,40.701825]]}},{"type":"Feature","properties":{"mode":"bus","n":8,"arr":["BM5","Q11","Q29","Q52-SBS","Q53-SBS","QM15","QM16","QM17"],"lines":"BM5, Q11, Q29, Q52-SBS, Q53-SBS, QM15, QM16, QM17"},"geometry":{"type":"LineString","coordinates":[[-73.870918,40.727979],[-73.871103,40.728592],[-73.871256,40.728943],[-73.871249,40.729037],[-73.87144,40.729745]]}},{"type":"Feature","properties":{"mode":"bus","n":8,"arr":["BM5","Q11","Q29","Q52-SBS","Q53-SBS","QM15","QM16","QM17"],"lines":"BM5, Q11, Q29, Q52-SBS, Q53-SBS, QM15, QM16, QM17"},"geometry":{"type":"LineString","coordinates":[[-73.871482,40.729193],[-73.87108,40.727846]]}},{"type":"Feature","properties":{"mode":"bus","n":9,"arr":["Q11","Q29","Q52-SBS","Q53-SBS","Q59","Q60","Q98","QM12","QM42"],"lines":"Q11, Q29, Q52-SBS, Q53-SBS, Q59, Q60, Q98, QM12, QM42"},"geometry":{"type":"LineString","coordinates":[[-73.870138,40.73364],[-73.870365,40.733706]]}},{"type":"Feature","properties":{"mode":"bus","n":7,"arr":["Q11","Q29","Q52-SBS","Q53-SBS","Q59","Q60","Q98"],"lines":"Q11, Q29, Q52-SBS, Q53-SBS, Q59, Q60, Q98"},"geometry":{"type":"LineString","coordinates":[[-73.870365,40.733706],[-73.871525,40.734062]]}},{"type":"Feature","properties":{"mode":"bus","n":5,"arr":["Q11","Q29","Q52-SBS","Q59","Q98"],"lines":"Q11, Q29, Q52-SBS, Q59, Q98"},"geometry":{"type":"LineString","coordinates":[[-73.871525,40.734062],[-73.871698,40.734169],[-73.872046,40.734288],[-73.872082,40.734308],[-73.872103,40.734338],[-73.872262,40.734743]]}},{"type":"Feature","properties":{"mode":"bus","n":12,"arr":["Q39","QM10","QM12","QM15","QM16","QM17","QM18","QM21","QM24","QM34","QM40","QM42"],"lines":"Q39, QM10, QM12, QM15, QM16, QM17, QM18, QM21, QM24, QM34, QM40, QM42"},"geometry":{"type":"LineString","coordinates":[[-73.933554,40.744725],[-73.934311,40.741039]]}},{"type":"Feature","properties":{"mode":"bus","n":23,"arr":["Q39","QM1","QM4","QM5","QM6","QM10","QM12","QM15","QM16","QM17","QM18","QM21","QM24","QM31","QM34","QM35","QM36","QM40","QM42","QM44","QM63","QM64","QM68"],"lines":"Q39, QM1, QM4, QM5, QM6, QM10, QM12, QM15, QM16, QM17, QM18, QM21, QM24, QM31, QM34, QM35, QM36, QM40, QM42, QM44, QM63, QM64, QM68"},"geometry":{"type":"LineString","coordinates":[[-73.939933,40.74575],[-73.937586,40.745225],[-73.933717,40.74477],[-73.933554,40.744725]]}},{"type":"Feature","properties":{"mode":"bus","n":6,"arr":["Q32","Q39","Q60","Q63","Q101","Q102"],"lines":"Q32, Q39, Q60, Q63, Q101, Q102"},"geometry":{"type":"LineString","coordinates":[[-73.937643,40.748832],[-73.93755,40.748868]]}},{"type":"Feature","properties":{"mode":"bus","n":5,"arr":["Q32","Q60","Q63","Q101","Q102"],"lines":"Q32, Q60, Q63, Q101, Q102"},"geometry":{"type":"LineString","coordinates":[[-73.93755,40.748868],[-73.937395,40.748928]]}},{"type":"Feature","properties":{"mode":"bus","n":5,"arr":["Q39","Q63","Q100","Q101","Q102"],"lines":"Q39, Q63, Q100, Q101, Q102"},"geometry":{"type":"LineString","coordinates":[[-73.93904,40.748329],[-73.939178,40.74828]]}},{"type":"Feature","properties":{"mode":"bus","n":7,"arr":["Q20","Q30","Q31","Q54","Q56","Q60","Q75"],"lines":"Q20, Q30, Q31, Q54, Q56, Q60, Q75"},"geometry":{"type":"LineString","coordinates":[[-73.808996,40.70184],[-73.811419,40.702246],[-73.812452,40.702441],[-73.812979,40.702493]]}},{"type":"Feature","properties":{"mode":"bus","n":8,"arr":["Q20","Q30","Q31","Q43","Q54","Q56","Q60","Q75"],"lines":"Q20, Q30, Q31, Q43, Q54, Q56, Q60, Q75"},"geometry":{"type":"LineString","coordinates":[[-73.807942,40.701759],[-73.808996,40.70184]]}},{"type":"Feature","properties":{"mode":"bus","n":12,"arr":["Q1","Q6","Q8","Q9","Q25","Q30","Q31","Q41","Q54","Q56","Q65","Q75"],"lines":"Q1, Q6, Q8, Q9, Q25, Q30, Q31, Q41, Q54, Q56, Q65, Q75"},"geometry":{"type":"LineString","coordinates":[[-73.807942,40.701759],[-73.807798,40.701761]]}},{"type":"Feature","properties":{"mode":"bus","n":11,"arr":["Q6","Q8","Q9","Q25","Q30","Q31","Q41","Q54","Q56","Q65","Q75"],"lines":"Q6, Q8, Q9, Q25, Q30, Q31, Q41, Q54, Q56, Q65, Q75"},"geometry":{"type":"LineString","coordinates":[[-73.807798,40.701761],[-73.806341,40.701789],[-73.805515,40.701881],[-73.804088,40.702226],[-73.802292,40.702742]]}},{"type":"Feature","properties":{"mode":"bus","n":12,"arr":["Q6","Q8","Q9","Q25","Q30","Q31","Q41","Q54","Q56","Q65","Q75","Q110"],"lines":"Q6, Q8, Q9, Q25, Q30, Q31, Q41, Q54, Q56, Q65, Q75, Q110"},"geometry":{"type":"LineString","coordinates":[[-73.802292,40.702742],[-73.80076,40.703146],[-73.80033,40.703274],[-73.800206,40.703334]]}},{"type":"Feature","properties":{"mode":"bus","n":11,"arr":["Q6","Q8","Q9","Q30","Q31","Q41","Q54","Q56","Q75","Q110","Q112"],"lines":"Q6, Q8, Q9, Q30, Q31, Q41, Q54, Q56, Q75, Q110, Q112"},"geometry":{"type":"LineString","coordinates":[[-73.800206,40.703334],[-73.799081,40.703806],[-73.797012,40.704619]]}},{"type":"Feature","properties":{"mode":"bus","n":10,"arr":["Q6","Q8","Q9","Q30","Q31","Q41","Q54","Q56","Q75","Q110"],"lines":"Q6, Q8, Q9, Q30, Q31, Q41, Q54, Q56, Q75, Q110"},"geometry":{"type":"LineString","coordinates":[[-73.797012,40.704619],[-73.793965,40.705833]]}},{"type":"Feature","properties":{"mode":"bus","n":10,"arr":["Q6","Q8","Q9","Q17","Q20","Q41","Q44-SBS","Q54","Q56","Q110"],"lines":"Q6, Q8, Q9, Q17, Q20, Q41, Q44-SBS, Q54, Q56, Q110"},"geometry":{"type":"LineString","coordinates":[[-73.792494,40.706389],[-73.793965,40.705833]]}},{"type":"Feature","properties":{"mode":"bus","n":7,"arr":["Q6","Q8","Q9","Q41","Q54","Q56","Q110"],"lines":"Q6, Q8, Q9, Q41, Q54, Q56, Q110"},"geometry":{"type":"LineString","coordinates":[[-73.792494,40.706389],[-73.790797,40.706879]]}},{"type":"Feature","properties":{"mode":"bus","n":7,"arr":["Q53-SBS","Q59","Q60","Q98","QM63","QM64","QM68"],"lines":"Q53-SBS, Q59, Q60, Q98, QM63, QM64, QM68"},"geometry":{"type":"LineString","coordinates":[[-73.877828,40.736587],[-73.877561,40.736463],[-73.875536,40.735038],[-73.874857,40.734666],[-73.874235,40.734418]]}},{"type":"Feature","properties":{"mode":"bus","n":6,"arr":["Q59","Q60","Q98","QM63","QM64","QM68"],"lines":"Q59, Q60, Q98, QM63, QM64, QM68"},"geometry":{"type":"LineString","coordinates":[[-73.874235,40.734418],[-73.873703,40.734224],[-73.869515,40.73302],[-73.868843,40.732772],[-73.86826,40.732505]]}},{"type":"Feature","properties":{"mode":"bus","n":5,"arr":["Q59","Q60","QM12","QM18","QM42"],"lines":"Q59, Q60, QM12, QM18, QM42"},"geometry":{"type":"LineString","coordinates":[[-73.864598,40.731164],[-73.865431,40.731455],[-73.865555,40.731477]]}},{"type":"Feature","properties":{"mode":"bus","n":20,"arr":["Q59","Q60","QM1","QM4","QM5","QM6","QM7","QM8","QM12","QM18","QM21","QM31","QM35","QM36","QM42","QM44","QM63","QM64","QM65","QM68"],"lines":"Q59, Q60, QM1, QM4, QM5, QM6, QM7, QM8, QM12, QM18, QM21, QM31, QM35, QM36, QM42, QM44, QM63, QM64, QM65, QM68"},"geometry":{"type":"LineString","coordinates":[[-73.865555,40.731477],[-73.866067,40.731701],[-73.867071,40.732291]]}},{"type":"Feature","properties":{"mode":"bus","n":5,"arr":["Q59","Q60","Q98","QM12","QM42"],"lines":"Q59, Q60, Q98, QM12, QM42"},"geometry":{"type":"LineString","coordinates":[[-73.869262,40.733338],[-73.870138,40.73364]]}},{"type":"Feature","properties":{"mode":"bus","n":6,"arr":["Q67","QM15","QM16","QM17","QM18","QM21"],"lines":"Q67, QM15, QM16, QM17, QM18, QM21"},"geometry":{"type":"LineString","coordinates":[[-73.935236,40.73753],[-73.935053,40.737495]]}},{"type":"Feature","properties":{"mode":"bus","n":12,"arr":["Q67","QM10","QM12","QM15","QM16","QM17","QM18","QM21","QM24","QM34","QM40","QM42"],"lines":"Q67, QM10, QM12, QM15, QM16, QM17, QM18, QM21, QM24, QM34, QM40, QM42"},"geometry":{"type":"LineString","coordinates":[[-73.935053,40.737495],[-73.933396,40.737171],[-73.932811,40.73708],[-73.926413,40.735831],[-73.925748,40.735672]]}},{"type":"Feature","properties":{"mode":"bus","n":23,"arr":["SIM1","SIM1C","SIM2","SIM3","SIM3C","SIM4","SIM4C","SIM5","SIM6","SIM7","SIM9","SIM11","SIM15","SIM31","SIM32","SIM33","SIM33C","SIM34","SIM35","X27","X28","X37","X38"],"lines":"SIM1, SIM1C, SIM2, SIM3, SIM3C, SIM4, SIM4C, SIM5, SIM6, SIM7, SIM9, SIM11, SIM15, SIM31, SIM32, SIM33, SIM33C, SIM34, SIM35, X27, X28, X37, X38"},"geometry":{"type":"LineString","coordinates":[[-73.997519,40.670323],[-73.996293,40.668359],[-73.996045,40.667844],[-73.995895,40.667333],[-73.995834,40.666754],[-73.995887,40.666218],[-73.995988,40.665861],[-73.996137,40.665491],[-73.9964,40.665091],[-73.99703,40.664419],[-73.998482,40.663056],[-74.007954,40.653979],[-74.01448,40.647705],[-74.017427,40.644826]]}},{"type":"Feature","properties":{"mode":"bus","n":27,"arr":["BM1","BM2","BM3","BM4","SIM1","SIM1C","SIM2","SIM3","SIM3C","SIM4","SIM4C","SIM5","SIM6","SIM7","SIM9","SIM11","SIM15","SIM31","SIM32","SIM33","SIM33C","SIM34","SIM35","X27","X28","X37","X38"],"lines":"BM1, BM2, BM3, BM4, SIM1, SIM1C, SIM2, SIM3, SIM3C, SIM4, SIM4C, SIM5, SIM6, SIM7, SIM9, SIM11, SIM15, SIM31, SIM32, SIM33, SIM33C, SIM34, SIM35, X27, X28, X37, X38"},"geometry":{"type":"LineString","coordinates":[[-74.002831,40.678486],[-74.002051,40.677465],[-74.001233,40.676209],[-74.001105,40.676066],[-73.998528,40.671892],[-73.997519,40.670323]]}},{"type":"Feature","properties":{"mode":"bus","n":28,"arr":["BM1","BM2","BM3","BM4","SIM1","SIM1C","SIM2","SIM3","SIM3C","SIM4","SIM4C","SIM5","SIM6","SIM7","SIM9","SIM10","SIM11","SIM15","SIM31","SIM32","SIM33","SIM33C","SIM34","SIM35","X27","X28","X37","X38"],"lines":"BM1, BM2, BM3, BM4, SIM1, SIM1C, SIM2, SIM3, SIM3C, SIM4, SIM4C, SIM5, SIM6, SIM7, SIM9, SIM10, SIM11, SIM15, SIM31, SIM32, SIM33, SIM33C, SIM34, SIM35, X27, X28, X37, X38"},"geometry":{"type":"LineString","coordinates":[[-74.006003,40.683031],[-74.00574,40.682282],[-74.005516,40.681875],[-74.004566,40.680537],[-74.002831,40.678486]]}},{"type":"Feature","properties":{"mode":"bus","n":28,"arr":["BM1","BM2","BM3","BM4","SIM1","SIM1C","SIM2","SIM3","SIM3C","SIM4","SIM4C","SIM5","SIM6","SIM7","SIM9","SIM10","SIM11","SIM15","SIM31","SIM32","SIM33","SIM33C","SIM34","SIM35","X27","X28","X37","X38"],"lines":"BM1, BM2, BM3, BM4, SIM1, SIM1C, SIM2, SIM3, SIM3C, SIM4, SIM4C, SIM5, SIM6, SIM7, SIM9, SIM10, SIM11, SIM15, SIM31, SIM32, SIM33, SIM33C, SIM34, SIM35, X27, X28, X37, X38"},"geometry":{"type":"LineString","coordinates":[[-74.015686,40.707309],[-74.015501,40.70734],[-74.015361,40.707332],[-74.015204,40.707302],[-74.014923,40.707202],[-74.014774,40.70705],[-74.014657,40.706861],[-74.014602,40.706711],[-74.014572,40.7065],[-74.01459,40.706359],[-74.014708,40.706031],[-74.015356,40.704576],[-74.015518,40.703968],[-74.015604,40.703386],[-74.01563,40.703002],[-74.015607,40.702535],[-74.01549,40.70183],[-74.015184,40.70089],[-74.012021,40.692264],[-74.011703,40.691558],[-74.01105,40.690521]]}},{"type":"Feature","properties":{"mode":"bus","n":28,"arr":["BM1","BM2","BM3","BM4","SIM1","SIM1C","SIM2","SIM3","SIM3C","SIM4","SIM4C","SIM5","SIM6","SIM7","SIM9","SIM10","SIM11","SIM15","SIM31","SIM32","SIM33","SIM33C","SIM34","SIM35","X27","X28","X37","X38"],"lines":"BM1, BM2, BM3, BM4, SIM1, SIM1C, SIM2, SIM3, SIM3C, SIM4, SIM4C, SIM5, SIM6, SIM7, SIM9, SIM10, SIM11, SIM15, SIM31, SIM32, SIM33, SIM33C, SIM34, SIM35, X27, X28, X37, X38"},"geometry":{"type":"LineString","coordinates":[[-74.011116,40.690325],[-74.011693,40.691212],[-74.012049,40.691925],[-74.015308,40.7007],[-74.015666,40.701811],[-74.015784,40.702524],[-74.015805,40.702852],[-74.01576,40.703576],[-74.015585,40.70445],[-74.015053,40.705864]]}},{"type":"Feature","properties":{"mode":"bus","n":28,"arr":["BM1","BM2","BM3","BM4","SIM1","SIM1C","SIM2","SIM3","SIM3C","SIM4","SIM4C","SIM5","SIM6","SIM7","SIM9","SIM10","SIM11","SIM15","SIM31","SIM32","SIM33","SIM33C","SIM34","SIM35","X27","X28","X37","X38"],"lines":"BM1, BM2, BM3, BM4, SIM1, SIM1C, SIM2, SIM3, SIM3C, SIM4, SIM4C, SIM5, SIM6, SIM7, SIM9, SIM10, SIM11, SIM15, SIM31, SIM32, SIM33, SIM33C, SIM34, SIM35, X27, X28, X37, X38"},"geometry":{"type":"LineString","coordinates":[[-73.996394,40.667954],[-73.996755,40.668624],[-74.002162,40.677386],[-74.002777,40.678199],[-74.004359,40.680076]]}},{"type":"Feature","properties":{"mode":"bus","n":24,"arr":["SIM1","SIM1C","SIM2","SIM3","SIM3C","SIM4","SIM4C","SIM5","SIM6","SIM7","SIM9","SIM10","SIM11","SIM15","SIM31","SIM32","SIM33","SIM33C","SIM34","SIM35","X27","X28","X37","X38"],"lines":"SIM1, SIM1C, SIM2, SIM3, SIM3C, SIM4, SIM4C, SIM5, SIM6, SIM7, SIM9, SIM10, SIM11, SIM15, SIM31, SIM32, SIM33, SIM33C, SIM34, SIM35, X27, X28, X37, X38"},"geometry":{"type":"LineString","coordinates":[[-74.01105,40.690521],[-74.01072,40.69005],[-74.008106,40.686839],[-74.007795,40.686421],[-74.006662,40.684616],[-74.006388,40.684133],[-74.006158,40.683572],[-74.006003,40.683031]]}},{"type":"Feature","properties":{"mode":"bus","n":24,"arr":["SIM1","SIM1C","SIM2","SIM3","SIM3C","SIM4","SIM4C","SIM5","SIM6","SIM7","SIM9","SIM10","SIM11","SIM15","SIM31","SIM32","SIM33","SIM33C","SIM34","SIM35","X27","X28","X37","X38"],"lines":"SIM1, SIM1C, SIM2, SIM3, SIM3C, SIM4, SIM4C, SIM5, SIM6, SIM7, SIM9, SIM10, SIM11, SIM15, SIM31, SIM32, SIM33, SIM33C, SIM34, SIM35, X27, X28, X37, X38"},"geometry":{"type":"LineString","coordinates":[[-74.004359,40.680076],[-74.00485,40.68057],[-74.005325,40.681116],[-74.005543,40.681415],[-74.005863,40.681964],[-74.00608,40.682435],[-74.006453,40.683668],[-74.006725,40.684353],[-74.007804,40.686152],[-74.008333,40.686877],[-74.010358,40.68935],[-74.011116,40.690325]]}},{"type":"Feature","properties":{"mode":"bus","n":24,"arr":["SIM1","SIM1C","SIM2","SIM3","SIM3C","SIM4","SIM4C","SIM5","SIM6","SIM7","SIM9","SIM10","SIM11","SIM15","SIM31","SIM32","SIM33","SIM33C","SIM34","SIM35","X27","X28","X37","X38"],"lines":"SIM1, SIM1C, SIM2, SIM3, SIM3C, SIM4, SIM4C, SIM5, SIM6, SIM7, SIM9, SIM10, SIM11, SIM15, SIM31, SIM32, SIM33, SIM33C, SIM34, SIM35, X27, X28, X37, X38"},"geometry":{"type":"LineString","coordinates":[[-74.017021,40.645465],[-73.998526,40.663261],[-73.997196,40.664505],[-73.996849,40.664861],[-73.996572,40.665198],[-73.996341,40.665556],[-73.996267,40.665745],[-73.996165,40.666371],[-73.996143,40.666623],[-73.996172,40.667131],[-73.996233,40.667447],[-73.996394,40.667954]]}},{"type":"Feature","properties":{"mode":"bus","n":25,"arr":["BM1","BM2","BM3","BM4","SIM1","SIM1C","SIM2","SIM3","SIM3C","SIM4","SIM4C","SIM5","SIM6","SIM10","SIM11","SIM15","SIM31","SIM32","SIM33C","SIM34","SIM35","X27","X28","X37","X38"],"lines":"BM1, BM2, BM3, BM4, SIM1, SIM1C, SIM2, SIM3, SIM3C, SIM4, SIM4C, SIM5, SIM6, SIM10, SIM11, SIM15, SIM31, SIM32, SIM33C, SIM34, SIM35, X27, X28, X37, X38"},"geometry":{"type":"LineString","coordinates":[[-74.016278,40.706467],[-74.016009,40.707161],[-74.015686,40.707309]]}},{"type":"Feature","properties":{"mode":"bus","n":25,"arr":["BM1","BM2","BM3","BM4","SIM1","SIM1C","SIM2","SIM3","SIM3C","SIM4","SIM4C","SIM5","SIM6","SIM10","SIM11","SIM15","SIM31","SIM32","SIM33C","SIM34","SIM35","X27","X28","X37","X38"],"lines":"BM1, BM2, BM3, BM4, SIM1, SIM1C, SIM2, SIM3, SIM3C, SIM4, SIM4C, SIM5, SIM6, SIM10, SIM11, SIM15, SIM31, SIM32, SIM33C, SIM34, SIM35, X27, X28, X37, X38"},"geometry":{"type":"LineString","coordinates":[[-74.015773,40.707075],[-74.015938,40.706674]]}},{"type":"Feature","properties":{"mode":"bus","n":18,"arr":["BM1","BM2","BM3","BM4","SIM1","SIM1C","SIM2","SIM3C","SIM4","SIM4C","SIM5","SIM15","SIM32","SIM33C","SIM34","SIM35","X27","X28"],"lines":"BM1, BM2, BM3, BM4, SIM1, SIM1C, SIM2, SIM3C, SIM4, SIM4C, SIM5, SIM15, SIM32, SIM33C, SIM34, SIM35, X27, X28"},"geometry":{"type":"LineString","coordinates":[[-74.016916,40.704828],[-74.016895,40.70493],[-74.016278,40.706467]]}},{"type":"Feature","properties":{"mode":"bus","n":18,"arr":["BM1","BM2","BM3","BM4","SIM1","SIM1C","SIM2","SIM3C","SIM4","SIM4C","SIM5","SIM15","SIM32","SIM33C","SIM34","SIM35","X27","X28"],"lines":"BM1, BM2, BM3, BM4, SIM1, SIM1C, SIM2, SIM3C, SIM4, SIM4C, SIM5, SIM15, SIM32, SIM33C, SIM34, SIM35, X27, X28"},"geometry":{"type":"LineString","coordinates":[[-74.015938,40.706674],[-74.01609,40.706121],[-74.016451,40.705158],[-74.016459,40.705074],[-74.01641,40.70488]]}},{"type":"Feature","properties":{"mode":"bus","n":23,"arr":["BM1","BM2","BM3","BM4","BxM6","BxM7","BxM8","BxM9","BxM10","BxM18","QM21","QM63","QM64","QM68","SIM4C","SIM6","SIM11","SIM31","SIM33C","X27","X28","X37","X38"],"lines":"BM1, BM2, BM3, BM4, BxM6, BxM7, BxM8, BxM9, BxM10, BxM18, QM21, QM63, QM64, QM68, SIM4C, SIM6, SIM11, SIM31, SIM33C, X27, X28, X37, X38"},"geometry":{"type":"LineString","coordinates":[[-73.987985,40.740881],[-73.98754,40.741499]]}},{"type":"Feature","properties":{"mode":"bus","n":23,"arr":["BM1","BM2","BM3","BM4","BxM6","BxM7","BxM8","BxM9","BxM10","BxM18","QM21","QM63","QM64","QM68","SIM4C","SIM6","SIM11","SIM31","SIM33C","X27","X28","X37","X38"],"lines":"BM1, BM2, BM3, BM4, BxM6, BxM7, BxM8, BxM9, BxM10, BxM18, QM21, QM63, QM64, QM68, SIM4C, SIM6, SIM11, SIM31, SIM33C, X27, X28, X37, X38"},"geometry":{"type":"LineString","coordinates":[[-73.987145,40.742024],[-73.987045,40.742157]]}},{"type":"Feature","properties":{"mode":"bus","n":21,"arr":["BM1","BM2","BM3","BM4","BxM6","BxM7","BxM10","BxM18","QM21","QM63","QM64","QM68","SIM4C","SIM6","SIM11","SIM31","SIM33C","X27","X28","X37","X38"],"lines":"BM1, BM2, BM3, BM4, BxM6, BxM7, BxM10, BxM18, QM21, QM63, QM64, QM68, SIM4C, SIM6, SIM11, SIM31, SIM33C, X27, X28, X37, X38"},"geometry":{"type":"LineString","coordinates":[[-73.98754,40.741499],[-73.987145,40.742024]]}},{"type":"Feature","properties":{"mode":"bus","n":10,"arr":["SIM1C","SIM3","SIM3C","SIM4C","SIM10","SIM33C","X27","X28","X37","X38"],"lines":"SIM1C, SIM3, SIM3C, SIM4C, SIM10, SIM33C, X27, X28, X37, X38"},"geometry":{"type":"LineString","coordinates":[[-73.988577,40.742797],[-73.988442,40.74301],[-73.988325,40.743275]]}},{"type":"Feature","properties":{"mode":"bus","n":20,"arr":["BM1","BM2","BM3","BM4","BxM6","BxM7","BxM8","BxM9","BxM10","SIM1C","SIM3","SIM3C","SIM4C","SIM10","SIM31","SIM33C","X27","X28","X37","X38"],"lines":"BM1, BM2, BM3, BM4, BxM6, BxM7, BxM8, BxM9, BxM10, SIM1C, SIM3, SIM3C, SIM4C, SIM10, SIM31, SIM33C, X27, X28, X37, X38"},"geometry":{"type":"LineString","coordinates":[[-73.988577,40.742797],[-73.988942,40.742274],[-73.988942,40.742018],[-73.989138,40.741364]]}},{"type":"Feature","properties":{"mode":"bus","n":6,"arr":["SIM1C","SIM3C","SIM4C","SIM33C","X27","X28"],"lines":"SIM1C, SIM3C, SIM4C, SIM33C, X27, X28"},"geometry":{"type":"LineString","coordinates":[[-73.98898,40.736541],[-73.989035,40.736561],[-73.989047,40.736567],[-73.989054,40.736575],[-73.989054,40.736584],[-73.989049,40.736594],[-73.98641,40.740215]]}},{"type":"Feature","properties":{"mode":"bus","n":6,"arr":["SIM1C","SIM3C","SIM4C","SIM33C","X27","X28"],"lines":"SIM1C, SIM3C, SIM4C, SIM33C, X27, X28"},"geometry":{"type":"LineString","coordinates":[[-73.990959,40.733916],[-73.990826,40.734602],[-73.99076,40.734769],[-73.990652,40.734863],[-73.990179,40.735136],[-73.989995,40.735334],[-73.989978,40.735346],[-73.989959,40.73535],[-73.989937,40.735344],[-73.989871,40.735317]]}},{"type":"Feature","properties":{"mode":"bus","n":9,"arr":["SIM1C","SIM3C","SIM4C","SIM7","SIM9","SIM33","SIM33C","X27","X28"],"lines":"SIM1C, SIM3C, SIM4C, SIM7, SIM9, SIM33, SIM33C, X27, X28"},"geometry":{"type":"LineString","coordinates":[[-73.992414,40.730601],[-73.991505,40.731683],[-73.991446,40.731784],[-73.990959,40.733916]]}},{"type":"Feature","properties":{"mode":"bus","n":12,"arr":["BM1","BM2","BM3","BM4","SIM1","SIM1C","SIM2","SIM35","X27","X28","X37","X38"],"lines":"BM1, BM2, BM3, BM4, SIM1, SIM1C, SIM2, SIM35, X27, X28, X37, X38"},"geometry":{"type":"LineString","coordinates":[[-74.015018,40.705962],[-74.015031,40.706067],[-74.014985,40.706289],[-74.01498,40.706481],[-74.015006,40.706677],[-74.01507,40.706827],[-74.015183,40.706967],[-74.015325,40.707064],[-74.015504,40.707101],[-74.015773,40.707075]]}},{"type":"Feature","properties":{"mode":"bus","n":15,"arr":["BM1","BM2","BM3","BM4","SIM1","SIM1C","SIM2","SIM7","SIM9","SIM33","SIM35","X27","X28","X37","X38"],"lines":"BM1, BM2, BM3, BM4, SIM1, SIM1C, SIM2, SIM7, SIM9, SIM33, SIM35, X27, X28, X37, X38"},"geometry":{"type":"LineString","coordinates":[[-74.015053,40.705864],[-74.015018,40.705962]]}},{"type":"Feature","properties":{"mode":"bus","n":22,"arr":["SIM1","SIM1C","SIM2","SIM3","SIM3C","SIM4","SIM4C","SIM5","SIM6","SIM7","SIM9","SIM10","SIM11","SIM15","SIM31","SIM32","SIM33","SIM33C","SIM34","SIM35","X28","X38"],"lines":"SIM1, SIM1C, SIM2, SIM3, SIM3C, SIM4, SIM4C, SIM5, SIM6, SIM7, SIM9, SIM10, SIM11, SIM15, SIM31, SIM32, SIM33, SIM33C, SIM34, SIM35, X28, X38"},"geometry":{"type":"LineString","coordinates":[[-74.017894,40.627414],[-74.018592,40.625764]]}},{"type":"Feature","properties":{"mode":"bus","n":22,"arr":["SIM1","SIM1C","SIM2","SIM3","SIM3C","SIM4","SIM4C","SIM5","SIM6","SIM7","SIM9","SIM10","SIM11","SIM15","SIM31","SIM32","SIM33","SIM33C","SIM34","SIM35","X28","X38"],"lines":"SIM1, SIM1C, SIM2, SIM3, SIM3C, SIM4, SIM4C, SIM5, SIM6, SIM7, SIM9, SIM10, SIM11, SIM15, SIM31, SIM32, SIM33, SIM33C, SIM34, SIM35, X28, X38"},"geometry":{"type":"LineString","coordinates":[[-74.019042,40.625282],[-74.018643,40.626178],[-74.017968,40.627822],[-74.017134,40.630224],[-74.016459,40.631954],[-74.016337,40.632332],[-74.016149,40.633197],[-74.016106,40.633591],[-74.016113,40.633894],[-74.01619,40.634226],[-74.016319,40.634552],[-74.016518,40.63489],[-74.016737,40.635159],[-74.016933,40.635343],[-74.017505,40.635759],[-74.019798,40.637091],[-74.020417,40.63749],[-74.021072,40.638019],[-74.021302,40.638258],[-74.02155,40.638596],[-74.021705,40.638925],[-74.021771,40.639139],[-74.021831,40.639376],[-74.021801,40.640163],[-74.021685,40.640558],[-74.021484,40.640976],[-74.020932,40.64177],[-74.020535,40.642176],[-74.018216,40.64439],[-74.017524,40.645041],[-74.017021,40.645465]]}},{"type":"Feature","properties":{"mode":"bus","n":21,"arr":["SIM1","SIM1C","SIM2","SIM3","SIM3C","SIM4","SIM4C","SIM5","SIM6","SIM7","SIM9","SIM11","SIM15","SIM31","SIM32","SIM33","SIM33C","SIM34","SIM35","X28","X38"],"lines":"SIM1, SIM1C, SIM2, SIM3, SIM3C, SIM4, SIM4C, SIM5, SIM6, SIM7, SIM9, SIM11, SIM15, SIM31, SIM32, SIM33, SIM33C, SIM34, SIM35, X28, X38"},"geometry":{"type":"LineString","coordinates":[[-74.017427,40.644826],[-74.018749,40.643453],[-74.020611,40.641668],[-74.02098,40.641277],[-74.021298,40.640874],[-74.021494,40.640493],[-74.021619,40.640082],[-74.021637,40.639747],[-74.021557,40.639179],[-74.021403,40.638802],[-74.021158,40.638419],[-74.020915,40.638174],[-74.020712,40.637986],[-74.02014,40.637572],[-74.017183,40.635771],[-74.01682,40.635468],[-74.016339,40.634974],[-74.016125,40.634613],[-74.015984,40.634266],[-74.0159,40.633862],[-74.015873,40.633248],[-74.015904,40.632953],[-74.015988,40.63256],[-74.016643,40.630746],[-74.017365,40.628927],[-74.017894,40.627414]]}},{"type":"Feature","properties":{"mode":"bus","n":16,"arr":["SIM1","SIM1C","SIM3","SIM3C","SIM5","SIM6","SIM7","SIM9","SIM10","SIM11","SIM31","SIM32","SIM33","SIM33C","X28","X38"],"lines":"SIM1, SIM1C, SIM3, SIM3C, SIM5, SIM6, SIM7, SIM9, SIM10, SIM11, SIM31, SIM32, SIM33, SIM33C, X28, X38"},"geometry":{"type":"LineString","coordinates":[[-74.023657,40.619948],[-74.023376,40.620139],[-74.023131,40.620388],[-74.021396,40.622453],[-74.020948,40.622892],[-74.020368,40.623524],[-74.019983,40.623997],[-74.019042,40.625282]]}},{"type":"Feature","properties":{"mode":"bus","n":7,"arr":["SIM3","SIM6","SIM10","SIM11","SIM31","X37","X38"],"lines":"SIM3, SIM6, SIM10, SIM11, SIM31, X37, X38"},"geometry":{"type":"LineString","coordinates":[[-73.99358,40.709366],[-73.994215,40.70932],[-73.997334,40.708887],[-73.99784,40.708779],[-73.998496,40.708551],[-73.998971,40.708323],[-73.999959,40.707753],[-74.001311,40.707079],[-74.002958,40.70614],[-74.006726,40.703729],[-74.009145,40.702236],[-74.009459,40.702069],[-74.009876,40.701911],[-74.012544,40.70131],[-74.013396,40.70117],[-74.014015,40.701159],[-74.014565,40.701251],[-74.014844,40.701332],[-74.01514,40.701479],[-74.015407,40.701642],[-74.015552,40.701762],[-74.015859,40.702086],[-74.016038,40.702341],[-74.016631,40.703829],[-74.016717,40.704104],[-74.01679,40.704532],[-74.016762,40.704902],[-74.016298,40.706095],[-74.016264,40.706267],[-74.016278,40.706467]]}},{"type":"Feature","properties":{"mode":"bus","n":7,"arr":["SIM3","SIM6","SIM10","SIM11","SIM31","X37","X38"],"lines":"SIM3, SIM6, SIM10, SIM11, SIM31, X37, X38"},"geometry":{"type":"LineString","coordinates":[[-74.015938,40.706674],[-74.016045,40.70651],[-74.016646,40.704884],[-74.016672,40.704534],[-74.016601,40.704122],[-74.016517,40.703854],[-74.015927,40.702373],[-74.015758,40.702134],[-74.015462,40.70182],[-74.015325,40.701708],[-74.01486,40.701443],[-74.014549,40.701329],[-74.014132,40.701247],[-74.01379,40.701223],[-74.013408,40.70124],[-74.012569,40.701378],[-74.010542,40.701831],[-74.009881,40.702018],[-74.009484,40.70219],[-74.006812,40.703802],[-74.003424,40.705982],[-74.002759,40.706383],[-74.001621,40.707027],[-74.000107,40.707791],[-73.999161,40.708319],[-73.998567,40.708608]]}},{"type":"Feature","properties":{"mode":"bus","n":7,"arr":["SIM3","SIM6","SIM10","SIM11","SIM31","X37","X38"],"lines":"SIM3, SIM6, SIM10, SIM11, SIM31, X37, X38"},"geometry":{"type":"LineString","coordinates":[[-73.974231,40.732763],[-73.974441,40.732738]]}},{"type":"Feature","properties":{"mode":"bus","n":7,"arr":["SIM3","SIM6","SIM10","SIM11","SIM31","X37","X38"],"lines":"SIM3, SIM6, SIM10, SIM11, SIM31, X37, X38"},"geometry":{"type":"LineString","coordinates":[[-73.974641,40.735394],[-73.97456,40.73528],[-73.974498,40.735017],[-73.974512,40.73493],[-73.97459,40.734815],[-73.974617,40.734791],[-73.974655,40.734777],[-73.974702,40.734769],[-73.974723,40.734768],[-73.974741,40.734774],[-73.974755,40.734785],[-73.974791,40.734827],[-73.97493,40.734901]]}},{"type":"Feature","properties":{"mode":"bus","n":7,"arr":["SIM3","SIM6","SIM10","SIM11","SIM31","X37","X38"],"lines":"SIM3, SIM6, SIM10, SIM11, SIM31, X37, X38"},"geometry":{"type":"LineString","coordinates":[[-73.97236,40.729881],[-73.972608,40.730015],[-73.97329,40.730482],[-73.973496,40.730637],[-73.973742,40.730876],[-73.973937,40.730962]]}},{"type":"Feature","properties":{"mode":"bus","n":16,"arr":["BM1","BM2","BM3","BM4","QM7","QM8","QM11","QM25","QM65","SIM3","SIM6","SIM10","SIM11","SIM31","X37","X38"],"lines":"BM1, BM2, BM3, BM4, QM7, QM8, QM11, QM25, QM65, SIM3, SIM6, SIM10, SIM11, SIM31, X37, X38"},"geometry":{"type":"LineString","coordinates":[[-73.971679,40.728],[-73.971877,40.726704],[-73.972108,40.726069],[-73.972425,40.725467],[-73.974121,40.722759],[-73.974397,40.722147],[-73.974478,40.721832],[-73.974607,40.720996],[-73.974936,40.718417],[-73.975082,40.717783],[-73.975366,40.716944],[-73.976196,40.715234],[-73.977593,40.712526],[-73.977917,40.712049],[-73.978172,40.711787],[-73.978682,40.711405],[-73.979153,40.71116],[-73.979675,40.710974],[-73.98021,40.710856],[-73.980491,40.710819],[-73.984877,40.710499],[-73.9896,40.709951],[-73.99358,40.709366]]}},{"type":"Feature","properties":{"mode":"bus","n":16,"arr":["BM1","BM2","BM3","BM4","QM7","QM8","QM11","QM25","QM65","SIM3","SIM6","SIM10","SIM11","SIM31","X37","X38"],"lines":"BM1, BM2, BM3, BM4, QM7, QM8, QM11, QM25, QM65, SIM3, SIM6, SIM10, SIM11, SIM31, X37, X38"},"geometry":{"type":"LineString","coordinates":[[-73.998567,40.708608],[-73.997834,40.70885],[-73.997438,40.708938],[-73.993228,40.709517],[-73.989805,40.710029],[-73.984742,40.710617],[-73.980304,40.710946],[-73.979764,40.711058],[-73.979257,40.711236],[-73.978789,40.711474],[-73.978377,40.711768],[-73.978119,40.712011],[-73.977832,40.712386],[-73.975543,40.716817],[-73.975305,40.71744],[-73.975079,40.71829],[-73.975011,40.71867],[-73.974632,40.721742],[-73.974531,40.722169],[-73.97436,40.722587],[-73.974191,40.722896],[-73.972536,40.725534],[-73.972216,40.726142],[-73.972054,40.726548],[-73.971977,40.726853],[-73.97182,40.727949],[-73.97177,40.728372],[-73.971778,40.728693],[-73.971843,40.72901],[-73.971962,40.729316],[-73.972206,40.729705],[-73.97236,40.729881]]}},{"type":"Feature","properties":{"mode":"bus","n":11,"arr":["BM1","BM2","BM3","BM4","SIM3","SIM6","SIM10","SIM11","SIM31","X37","X38"],"lines":"BM1, BM2, BM3, BM4, SIM3, SIM6, SIM10, SIM11, SIM31, X37, X38"},"geometry":{"type":"LineString","coordinates":[[-73.974013,40.731289],[-73.9739,40.731259],[-73.973676,40.731274],[-73.973564,40.731248],[-73.973471,40.731197],[-73.973075,40.730768],[-73.972588,40.730376],[-73.972166,40.730075],[-73.971867,40.729736],[-73.971639,40.729329],[-73.97153,40.728905],[-73.971534,40.72849],[-73.971679,40.728]]}},{"type":"Feature","properties":{"mode":"bus","n":11,"arr":["BM1","BM2","BM3","BM4","SIM3","SIM6","SIM10","SIM11","SIM31","X37","X38"],"lines":"BM1, BM2, BM3, BM4, SIM3, SIM6, SIM10, SIM11, SIM31, X37, X38"},"geometry":{"type":"LineString","coordinates":[[-73.97493,40.734901],[-73.974435,40.732935],[-73.974441,40.732738]]}},{"type":"Feature","properties":{"mode":"bus","n":11,"arr":["BM1","BM2","BM3","BM4","SIM3","SIM6","SIM10","SIM11","SIM31","X37","X38"],"lines":"BM1, BM2, BM3, BM4, SIM3, SIM6, SIM10, SIM11, SIM31, X37, X38"},"geometry":{"type":"LineString","coordinates":[[-73.974788,40.735374],[-73.974836,40.735271]]}},{"type":"Feature","properties":{"mode":"bus","n":7,"arr":["Q1","Q43","Q111","Q113","Q114","Q115","QM68"],"lines":"Q1, Q43, Q111, Q113, Q114, Q115, QM68"},"geometry":{"type":"LineString","coordinates":[[-73.804503,40.707236],[-73.803751,40.707449]]}},{"type":"Feature","properties":{"mode":"bus","n":5,"arr":["Q1","Q43","Q111","Q115","QM68"],"lines":"Q1, Q43, Q111, Q115, QM68"},"geometry":{"type":"LineString","coordinates":[[-73.803751,40.707449],[-73.803356,40.707562]]}},{"type":"Feature","properties":{"mode":"bus","n":7,"arr":["Q1","Q17","Q30","Q31","Q43","Q75","QM68"],"lines":"Q1, Q17, Q30, Q31, Q43, Q75, QM68"},"geometry":{"type":"LineString","coordinates":[[-73.796402,40.70954],[-73.794733,40.710016]]}},{"type":"Feature","properties":{"mode":"bus","n":19,"arr":["n1","n6","n6X","n22","n22X","n24","Q1","Q2","Q3","Q17","Q30","Q31","Q36","Q43","Q75","Q76","Q77","Q82","QM68"],"lines":"n1, n6, n6X, n22, n22X, n24, Q1, Q2, Q3, Q17, Q30, Q31, Q36, Q43, Q75, Q76, Q77, Q82, QM68"},"geometry":{"type":"LineString","coordinates":[[-73.794733,40.710016],[-73.793057,40.710708]]}},{"type":"Feature","properties":{"mode":"bus","n":20,"arr":["n1","n6","n6X","n22","n22X","n24","n26","Q1","Q2","Q3","Q17","Q30","Q31","Q36","Q43","Q75","Q76","Q77","Q82","QM68"],"lines":"n1, n6, n6X, n22, n22X, n24, n26, Q1, Q2, Q3, Q17, Q30, Q31, Q36, Q43, Q75, Q76, Q77, Q82, QM68"},"geometry":{"type":"LineString","coordinates":[[-73.793057,40.710708],[-73.792936,40.710755]]}},{"type":"Feature","properties":{"mode":"bus","n":17,"arr":["n1","n6","n6X","n22","n22X","n24","n26","Q1","Q2","Q3","Q17","Q36","Q43","Q76","Q77","Q82","QM68"],"lines":"n1, n6, n6X, n22, n22X, n24, n26, Q1, Q2, Q3, Q17, Q36, Q43, Q76, Q77, Q82, QM68"},"geometry":{"type":"LineString","coordinates":[[-73.792936,40.710755],[-73.789293,40.712039],[-73.788861,40.712077],[-73.787996,40.711813],[-73.787671,40.71177],[-73.787319,40.711786],[-73.783459,40.712694],[-73.781768,40.713113]]}},{"type":"Feature","properties":{"mode":"bus","n":17,"arr":["n1","n6","n6X","n22","n22X","n24","n26","Q1","Q2","Q3","Q17","Q36","Q43","Q76","Q77","Q82","QM68"],"lines":"n1, n6, n6X, n22, n22X, n24, n26, Q1, Q2, Q3, Q17, Q36, Q43, Q76, Q77, Q82, QM68"},"geometry":{"type":"LineString","coordinates":[[-73.78181,40.713205],[-73.780861,40.71343],[-73.780688,40.71346],[-73.780589,40.713428],[-73.773573,40.715122]]}},{"type":"Feature","properties":{"mode":"bus","n":10,"arr":["Q1","Q2","Q3","Q17","Q36","Q43","Q76","Q77","Q82","QM68"],"lines":"Q1, Q2, Q3, Q17, Q36, Q43, Q76, Q77, Q82, QM68"},"geometry":{"type":"LineString","coordinates":[[-73.781768,40.713113],[-73.78181,40.713205]]}},{"type":"Feature","properties":{"mode":"bus","n":12,"arr":["n1","n6","n6X","n22","n22X","n24","n26","Q3","Q17","Q36","Q82","QM68"],"lines":"n1, n6, n6X, n22, n22X, n24, n26, Q3, Q17, Q36, Q82, QM68"},"geometry":{"type":"LineString","coordinates":[[-73.782313,40.713077],[-73.78181,40.713205]]}},{"type":"Feature","properties":{"mode":"bus","n":14,"arr":["n1","n6","n6X","n22","n22X","n24","n26","Q1","Q36","Q43","Q76","Q77","Q82","QM68"],"lines":"n1, n6, n6X, n22, n22X, n24, n26, Q1, Q36, Q43, Q76, Q77, Q82, QM68"},"geometry":{"type":"LineString","coordinates":[[-73.773573,40.715122],[-73.773467,40.715112],[-73.773289,40.715167],[-73.77313,40.71523],[-73.773069,40.715291],[-73.767328,40.71729],[-73.766637,40.717647],[-73.764464,40.718905],[-73.761928,40.720021],[-73.759831,40.72085],[-73.759483,40.721041]]}},{"type":"Feature","properties":{"mode":"bus","n":13,"arr":["n1","n6","n6X","n22","n22X","n24","n26","Q1","Q36","Q43","Q76","Q82","QM68"],"lines":"n1, n6, n6X, n22, n22X, n24, n26, Q1, Q36, Q43, Q76, Q82, QM68"},"geometry":{"type":"LineString","coordinates":[[-73.759483,40.721041],[-73.759382,40.721111]]}},{"type":"Feature","properties":{"mode":"bus","n":8,"arr":["n22","n22X","n26","Q1","Q36","Q43","Q82","QM68"],"lines":"n22, n22X, n26, Q1, Q36, Q43, Q82, QM68"},"geometry":{"type":"LineString","coordinates":[[-73.759382,40.721111],[-73.755568,40.72378],[-73.753359,40.72515]]}},{"type":"Feature","properties":{"mode":"bus","n":7,"arr":["n22","n22X","n26","Q1","Q36","Q43","QM68"],"lines":"n22, n22X, n26, Q1, Q36, Q43, QM68"},"geometry":{"type":"LineString","coordinates":[[-73.753359,40.72515],[-73.752609,40.72559],[-73.748427,40.727584],[-73.747237,40.728271]]}},{"type":"Feature","properties":{"mode":"bus","n":7,"arr":["n22","n22X","n26","Q1","Q36","Q43","QM68"],"lines":"n22, n22X, n26, Q1, Q36, Q43, QM68"},"geometry":{"type":"LineString","coordinates":[[-73.744799,40.729937],[-73.745502,40.729502],[-73.746859,40.728605],[-73.747065,40.728464],[-73.74721,40.728301],[-73.747218,40.728291],[-73.74722,40.728283],[-73.747216,40.72828],[-73.747207,40.728279],[-73.747191,40.728281],[-73.747079,40.728307],[-73.746084,40.728816],[-73.744585,40.729728]]}},{"type":"Feature","properties":{"mode":"bus","n":6,"arr":["n22","n22X","n26","Q1","Q43","QM68"],"lines":"n22, n22X, n26, Q1, Q43, QM68"},"geometry":{"type":"LineString","coordinates":[[-73.744585,40.729728],[-73.74382,40.730185]]}},{"type":"Feature","properties":{"mode":"bus","n":6,"arr":["n22","n22X","n26","Q1","Q43","QM68"],"lines":"n22, n22X, n26, Q1, Q43, QM68"},"geometry":{"type":"LineString","coordinates":[[-73.744102,40.730361],[-73.744799,40.729937]]}},{"type":"Feature","properties":{"mode":"bus","n":12,"arr":["n1","n6","n6X","n22","n22X","n24","Q2","Q3","Q36","Q76","Q77","Q82"],"lines":"n1, n6, n6X, n22, n22X, n24, Q2, Q3, Q36, Q76, Q77, Q82"},"geometry":{"type":"LineString","coordinates":[[-73.793083,40.707694],[-73.793292,40.707622]]}},{"type":"Feature","properties":{"mode":"bus","n":16,"arr":["n1","n6","n6X","n22","n22X","n24","Q2","Q3","Q17","Q30","Q31","Q36","Q75","Q76","Q77","Q82"],"lines":"n1, n6, n6X, n22, n22X, n24, Q2, Q3, Q17, Q30, Q31, Q36, Q75, Q76, Q77, Q82"},"geometry":{"type":"LineString","coordinates":[[-73.793292,40.707622],[-73.793931,40.708627],[-73.794733,40.710016]]}},{"type":"Feature","properties":{"mode":"bus","n":5,"arr":["n1","n6","n6X","Q2","Q82"],"lines":"n1, n6, n6X, Q2, Q82"},"geometry":{"type":"LineString","coordinates":[[-73.735822,40.71325],[-73.73492,40.712986],[-73.734441,40.712878],[-73.734034,40.712826],[-73.731263,40.712149],[-73.729494,40.71167],[-73.728853,40.711458]]}},{"type":"Feature","properties":{"mode":"bus","n":5,"arr":["n1","n6","n6X","Q2","Q82"],"lines":"n1, n6, n6X, Q2, Q82"},"geometry":{"type":"LineString","coordinates":[[-73.727383,40.710936],[-73.728565,40.711407],[-73.728807,40.71145],[-73.72882,40.711452],[-73.728828,40.711452],[-73.728832,40.71145],[-73.728831,40.711447],[-73.728826,40.711442],[-73.728816,40.711435],[-73.728619,40.711312],[-73.727071,40.7107]]}},{"type":"Feature","properties":{"mode":"bus","n":13,"arr":["n1","n6","n6X","n22","n22X","n24","n26","Q2","Q3","Q36","Q76","Q77","Q82"],"lines":"n1, n6, n6X, n22, n22X, n24, n26, Q2, Q3, Q36, Q76, Q77, Q82"},"geometry":{"type":"LineString","coordinates":[[-73.791562,40.708188],[-73.793057,40.710708]]}},{"type":"Feature","properties":{"mode":"bus","n":17,"arr":["n1","n6","n6X","n22","n22X","n24","n26","Q2","Q3","Q6","Q8","Q9","Q36","Q41","Q76","Q77","Q82"],"lines":"n1, n6, n6X, n22, n22X, n24, n26, Q2, Q3, Q6, Q8, Q9, Q36, Q41, Q76, Q77, Q82"},"geometry":{"type":"LineString","coordinates":[[-73.791757,40.708121],[-73.791562,40.708188]]}},{"type":"Feature","properties":{"mode":"bus","n":11,"arr":["n1","n6","n6X","n22","n22X","n24","n26","Q6","Q8","Q9","Q41"],"lines":"n1, n6, n6X, n22, n22X, n24, n26, Q6, Q8, Q9, Q41"},"geometry":{"type":"LineString","coordinates":[[-73.792079,40.708025],[-73.792091,40.708047],[-73.792092,40.708054],[-73.792089,40.70806],[-73.792081,40.708064],[-73.7918,40.708157],[-73.791791,40.708158],[-73.791784,40.708158],[-73.791777,40.708154],[-73.791773,40.708148],[-73.791757,40.708121]]}},{"type":"Feature","properties":{"mode":"bus","n":6,"arr":["Q2","Q3","Q36","Q76","Q77","Q82"],"lines":"Q2, Q3, Q36, Q76, Q77, Q82"},"geometry":{"type":"LineString","coordinates":[[-73.791715,40.708048],[-73.791757,40.708121]]}},{"type":"Feature","properties":{"mode":"bus","n":5,"arr":["Q3","Q17","Q36","Q82","QM68"],"lines":"Q3, Q17, Q36, Q82, QM68"},"geometry":{"type":"LineString","coordinates":[[-73.78243,40.712952],[-73.782338,40.713005],[-73.782321,40.71302],[-73.782315,40.713039],[-73.782313,40.713077]]}},{"type":"Feature","properties":{"mode":"bus","n":10,"arr":["Q4","Q5","Q25","Q42","Q65","Q84","Q85","Q86","Q87","Q89"],"lines":"Q4, Q5, Q25, Q42, Q65, Q84, Q85, Q86, Q87, Q89"},"geometry":{"type":"LineString","coordinates":[[-73.803993,40.701126],[-73.804011,40.701162],[-73.804014,40.701173],[-73.804009,40.701182],[-73.803996,40.701188],[-73.803929,40.701208]]}},{"type":"Feature","properties":{"mode":"bus","n":12,"arr":["n4","n4X","Q4","Q5","Q25","Q42","Q65","Q84","Q85","Q86","Q87","Q89"],"lines":"n4, n4X, Q4, Q5, Q25, Q42, Q65, Q84, Q85, Q86, Q87, Q89"},"geometry":{"type":"LineString","coordinates":[[-73.803929,40.701208],[-73.802651,40.701592],[-73.80257,40.701674],[-73.802534,40.701777]]}},{"type":"Feature","properties":{"mode":"bus","n":21,"arr":["n4","n4X","Q4","Q5","Q20","Q30","Q31","Q42","Q44-SBS","Q75","Q83","Q84","Q85","Q86","Q87","Q89","Q111","Q112","Q113","Q114","Q115"],"lines":"n4, n4X, Q4, Q5, Q20, Q30, Q31, Q42, Q44-SBS, Q75, Q83, Q84, Q85, Q86, Q87, Q89, Q111, Q112, Q113, Q114, Q115"},"geometry":{"type":"LineString","coordinates":[[-73.799283,40.702613],[-73.79859,40.702739],[-73.798402,40.70275],[-73.796094,40.703318]]}},{"type":"Feature","properties":{"mode":"bus","n":19,"arr":["Q4","Q5","Q20","Q30","Q31","Q42","Q44-SBS","Q75","Q83","Q84","Q85","Q86","Q87","Q89","Q111","Q112","Q113","Q114","Q115"],"lines":"Q4, Q5, Q20, Q30, Q31, Q42, Q44-SBS, Q75, Q83, Q84, Q85, Q86, Q87, Q89, Q111, Q112, Q113, Q114, Q115"},"geometry":{"type":"LineString","coordinates":[[-73.799968,40.702502],[-73.799283,40.702613]]}},{"type":"Feature","properties":{"mode":"bus","n":16,"arr":["n4","n4X","Q4","Q5","Q20","Q30","Q31","Q42","Q44-SBS","Q75","Q83","Q84","Q85","Q86","Q87","Q89"],"lines":"n4, n4X, Q4, Q5, Q20, Q30, Q31, Q42, Q44-SBS, Q75, Q83, Q84, Q85, Q86, Q87, Q89"},"geometry":{"type":"LineString","coordinates":[[-73.796094,40.703318],[-73.794655,40.703677],[-73.793809,40.704053]]}},{"type":"Feature","properties":{"mode":"bus","n":14,"arr":["n4","n4X","Q4","Q5","Q20","Q30","Q31","Q44-SBS","Q75","Q84","Q85","Q86","Q87","Q89"],"lines":"n4, n4X, Q4, Q5, Q20, Q30, Q31, Q44-SBS, Q75, Q84, Q85, Q86, Q87, Q89"},"geometry":{"type":"LineString","coordinates":[[-73.793809,40.704053],[-73.793336,40.704267],[-73.79166,40.704865]]}},{"type":"Feature","properties":{"mode":"bus","n":9,"arr":["n4","n4X","Q4","Q5","Q84","Q85","Q86","Q87","Q89"],"lines":"n4, n4X, Q4, Q5, Q84, Q85, Q86, Q87, Q89"},"geometry":{"type":"LineString","coordinates":[[-73.779272,40.691644],[-73.781024,40.693843],[-73.781809,40.69474],[-73.78218,40.695217],[-73.782889,40.696043],[-73.783228,40.696324],[-73.784203,40.697018],[-73.784915,40.697493],[-73.785351,40.697697],[-73.786456,40.698092],[-73.786996,40.698363],[-73.787708,40.698984],[-73.788746,40.699949],[-73.790693,40.701921],[-73.791278,40.702415],[-73.792861,40.704438]]}},{"type":"Feature","properties":{"mode":"bus","n":9,"arr":["n4","n4X","Q4","Q5","Q84","Q85","Q86","Q87","Q89"],"lines":"n4, n4X, Q4, Q5, Q84, Q85, Q86, Q87, Q89"},"geometry":{"type":"LineString","coordinates":[[-73.79166,40.704865],[-73.790895,40.703733],[-73.790818,40.703582],[-73.79056,40.702866],[-73.79055,40.702691],[-73.790591,40.702201],[-73.790543,40.701995],[-73.790429,40.701816],[-73.789486,40.700848],[-73.788623,40.700022],[-73.787585,40.699052],[-73.786862,40.69842],[-73.78637,40.69818],[-73.785265,40.697784],[-73.784798,40.697565],[-73.783455,40.696656],[-73.783023,40.696322],[-73.782723,40.696034],[-73.782068,40.695321],[-73.781462,40.694557],[-73.780858,40.693873],[-73.779124,40.691684]]}},{"type":"Feature","properties":{"mode":"bus","n":8,"arr":["Q4","Q5","Q42","Q84","Q85","Q86","Q87","Q89"],"lines":"Q4, Q5, Q42, Q84, Q85, Q86, Q87, Q89"},"geometry":{"type":"LineString","coordinates":[[-73.80417,40.701484],[-73.804021,40.701181]]}},{"type":"Feature","properties":{"mode":"bus","n":9,"arr":["n4","n4X","Q5","Q84","Q85","Q86","Q87","Q89","QM63"],"lines":"n4, n4X, Q5, Q84, Q85, Q86, Q87, Q89, QM63"},"geometry":{"type":"LineString","coordinates":[[-73.769753,40.68372],[-73.769969,40.683823],[-73.77222,40.685097],[-73.775801,40.687593],[-73.776694,40.688338],[-73.77731,40.689052],[-73.779272,40.691644]]}},{"type":"Feature","properties":{"mode":"bus","n":9,"arr":["n4","n4X","Q5","Q84","Q85","Q86","Q87","Q89","QM63"],"lines":"n4, n4X, Q5, Q84, Q85, Q86, Q87, Q89, QM63"},"geometry":{"type":"LineString","coordinates":[[-73.769725,40.683825],[-73.772165,40.685194],[-73.774389,40.686758],[-73.774873,40.687126],[-73.775698,40.687688],[-73.776529,40.68839],[-73.777194,40.689151],[-73.779124,40.691684]]}},{"type":"Feature","properties":{"mode":"bus","n":6,"arr":["n4","n4X","Q5","Q86","Q87","QM63"],"lines":"n4, n4X, Q5, Q86, Q87, QM63"},"geometry":{"type":"LineString","coordinates":[[-73.761039,40.679374],[-73.761622,40.679692],[-73.764651,40.6811],[-73.766007,40.681789],[-73.767394,40.682431],[-73.769753,40.68372]]}},{"type":"Feature","properties":{"mode":"bus","n":6,"arr":["n4","n4X","Q5","Q86","Q87","QM63"],"lines":"n4, n4X, Q5, Q86, Q87, QM63"},"geometry":{"type":"LineString","coordinates":[[-73.735065,40.67399],[-73.73516,40.673992],[-73.735634,40.674218],[-73.736625,40.674761],[-73.737028,40.674903]]}},{"type":"Feature","properties":{"mode":"bus","n":6,"arr":["n4","n4X","Q5","Q86","Q87","QM63"],"lines":"n4, n4X, Q5, Q86, Q87, QM63"},"geometry":{"type":"LineString","coordinates":[[-73.733392,40.673616],[-73.733712,40.673597],[-73.734183,40.673686],[-73.735005,40.673963],[-73.735065,40.67399],[-73.735102,40.674059],[-73.735258,40.674157],[-73.736605,40.674877],[-73.737305,40.675117]]}},{"type":"Feature","properties":{"mode":"bus","n":6,"arr":["n4","n4X","Q5","Q86","Q87","QM63"],"lines":"n4, n4X, Q5, Q86, Q87, QM63"},"geometry":{"type":"LineString","coordinates":[[-73.761588,40.679814],[-73.76458,40.681188],[-73.765935,40.681872],[-73.767327,40.682518],[-73.769725,40.683825]]}},{"type":"Feature","properties":{"mode":"bus","n":7,"arr":["n4","n4X","Q5","Q86","Q87","QM63","QM65"],"lines":"n4, n4X, Q5, Q86, Q87, QM63, QM65"},"geometry":{"type":"LineString","coordinates":[[-73.737028,40.674903],[-73.743031,40.676913],[-73.745703,40.677862],[-73.749196,40.678933],[-73.752194,40.679924],[-73.753077,40.680056],[-73.754535,40.680195],[-73.75482,40.680203],[-73.755351,40.680148],[-73.755873,40.680032],[-73.758493,40.679001],[-73.758626,40.678964],[-73.759106,40.678895],[-73.7596,40.678891],[-73.760047,40.678955],[-73.760465,40.679079],[-73.761039,40.679374]]}},{"type":"Feature","properties":{"mode":"bus","n":7,"arr":["n4","n4X","Q5","Q86","Q87","QM63","QM65"],"lines":"n4, n4X, Q5, Q86, Q87, QM63, QM65"},"geometry":{"type":"LineString","coordinates":[[-73.737305,40.675117],[-73.742975,40.677013],[-73.745662,40.677963],[-73.750085,40.679326],[-73.751165,40.679679],[-73.75214,40.68003],[-73.752991,40.680172],[-73.754604,40.680298],[-73.754832,40.680296],[-73.755439,40.680237],[-73.756155,40.680044],[-73.756965,40.679695],[-73.758075,40.679271],[-73.758695,40.679062],[-73.759176,40.678997],[-73.759513,40.678995],[-73.759833,40.679021],[-73.760185,40.679096],[-73.760441,40.679179],[-73.761086,40.679516],[-73.761588,40.679814]]}},{"type":"Feature","properties":{"mode":"bus","n":5,"arr":["n4","n4X","Q5","Q87","QM63"],"lines":"n4, n4X, Q5, Q87, QM63"},"geometry":{"type":"LineString","coordinates":[[-73.733523,40.673598],[-73.733445,40.67357],[-73.733211,40.673543],[-73.732999,40.673554],[-73.730031,40.674041],[-73.729192,40.674144],[-73.727646,40.674124],[-73.727575,40.674143],[-73.727563,40.674147],[-73.727556,40.674152],[-73.727556,40.674157],[-73.727561,40.674162],[-73.727572,40.674168],[-73.72768,40.674212],[-73.728291,40.674242],[-73.728901,40.67425],[-73.729588,40.674201],[-73.731177,40.673972],[-73.733042,40.673649],[-73.733392,40.673616]]}},{"type":"Feature","properties":{"mode":"bus","n":8,"arr":["Q5","Q25","Q42","Q65","Q85","Q86","Q87","Q89"],"lines":"Q5, Q25, Q42, Q65, Q85, Q86, Q87, Q89"},"geometry":{"type":"LineString","coordinates":[[-73.803903,40.700946],[-73.803993,40.701126]]}},{"type":"Feature","properties":{"mode":"bus","n":7,"arr":["n20G","n20X","Q12","Q13","Q15","Q61","Q90"],"lines":"n20G, n20X, Q12, Q13, Q15, Q61, Q90"},"geometry":{"type":"LineString","coordinates":[[-73.826541,40.760464],[-73.826646,40.760438]]}},{"type":"Feature","properties":{"mode":"bus","n":6,"arr":["n20G","n20X","Q13","Q15","Q61","Q90"],"lines":"n20G, n20X, Q13, Q15, Q61, Q90"},"geometry":{"type":"LineString","coordinates":[[-73.826646,40.760438],[-73.82747,40.760232]]}},{"type":"Feature","properties":{"mode":"bus","n":6,"arr":["n20G","n20X","Q13","Q15","Q61","Q90"],"lines":"n20G, n20X, Q13, Q15, Q61, Q90"},"geometry":{"type":"LineString","coordinates":[[-73.829699,40.759679],[-73.830136,40.759561]]}},{"type":"Feature","properties":{"mode":"bus","n":5,"arr":["n20G","n20X","Q12","Q13","Q15"],"lines":"n20G, n20X, Q12, Q13, Q15"},"geometry":{"type":"LineString","coordinates":[[-73.824422,40.760994],[-73.826541,40.760464]]}},{"type":"Feature","properties":{"mode":"bus","n":6,"arr":["Q12","Q20","Q25","Q44-SBS","Q50","Q61"],"lines":"Q12, Q20, Q25, Q44-SBS, Q50, Q61"},"geometry":{"type":"LineString","coordinates":[[-73.830208,40.763566],[-73.832052,40.763127]]}},{"type":"Feature","properties":{"mode":"bus","n":10,"arr":["Q12","Q19","Q20","Q25","Q26","Q44-SBS","Q50","Q61","Q63","Q66"],"lines":"Q12, Q19, Q20, Q25, Q26, Q44-SBS, Q50, Q61, Q63, Q66"},"geometry":{"type":"LineString","coordinates":[[-73.832052,40.763127],[-73.831119,40.761548]]}},{"type":"Feature","properties":{"mode":"bus","n":11,"arr":["Q17","Q19","Q20","Q25","Q26","Q44-SBS","Q50","Q61","Q63","Q65","Q66"],"lines":"Q17, Q19, Q20, Q25, Q26, Q44-SBS, Q50, Q61, Q63, Q65, Q66"},"geometry":{"type":"LineString","coordinates":[[-73.830783,40.760889],[-73.830463,40.760236]]}},{"type":"Feature","properties":{"mode":"bus","n":11,"arr":["Q12","Q19","Q20","Q25","Q26","Q44-SBS","Q50","Q61","Q63","Q65","Q66"],"lines":"Q12, Q19, Q20, Q25, Q26, Q44-SBS, Q50, Q61, Q63, Q65, Q66"},"geometry":{"type":"LineString","coordinates":[[-73.831119,40.761548],[-73.830783,40.760889]]}},{"type":"Feature","properties":{"mode":"bus","n":6,"arr":["n20G","n20X","Q13","Q26","Q27","Q65"],"lines":"n20G, n20X, Q13, Q26, Q27, Q65"},"geometry":{"type":"LineString","coordinates":[[-73.823209,40.758188],[-73.820672,40.758873]]}},{"type":"Feature","properties":{"mode":"bus","n":16,"arr":["n20X","Q13","Q15","Q17","Q19","Q20","Q25","Q26","Q27","Q44-SBS","Q50","Q61","Q63","Q65","Q66","Q90"],"lines":"n20X, Q13, Q15, Q17, Q19, Q20, Q25, Q26, Q27, Q44-SBS, Q50, Q61, Q63, Q65, Q66, Q90"},"geometry":{"type":"LineString","coordinates":[[-73.83018,40.759647],[-73.830136,40.759561]]}},{"type":"Feature","properties":{"mode":"bus","n":15,"arr":["Q13","Q15","Q17","Q19","Q20","Q25","Q26","Q27","Q44-SBS","Q50","Q61","Q63","Q65","Q66","Q90"],"lines":"Q13, Q15, Q17, Q19, Q20, Q25, Q26, Q27, Q44-SBS, Q50, Q61, Q63, Q65, Q66, Q90"},"geometry":{"type":"LineString","coordinates":[[-73.830463,40.760236],[-73.83018,40.759647]]}},{"type":"Feature","properties":{"mode":"bus","n":7,"arr":["Q13","Q15","Q19","Q27","Q50","Q63","Q66"],"lines":"Q13, Q15, Q19, Q27, Q50, Q63, Q66"},"geometry":{"type":"LineString","coordinates":[[-73.830599,40.760233],[-73.830463,40.760236]]}},{"type":"Feature","properties":{"mode":"bus","n":6,"arr":["Q13","Q15","Q19","Q27","Q63","Q66"],"lines":"Q13, Q15, Q19, Q27, Q63, Q66"},"geometry":{"type":"LineString","coordinates":[[-73.831057,40.760088],[-73.830599,40.760233]]}},{"type":"Feature","properties":{"mode":"bus","n":6,"arr":["Q13","Q15","Q19","Q63","Q66","Q90"],"lines":"Q13, Q15, Q19, Q63, Q66, Q90"},"geometry":{"type":"LineString","coordinates":[[-73.830136,40.759561],[-73.830781,40.75935]]}},{"type":"Feature","properties":{"mode":"bus","n":8,"arr":["Q6","Q8","Q9","Q17","Q30","Q31","Q41","Q75"],"lines":"Q6, Q8, Q9, Q17, Q30, Q31, Q41, Q75"},"geometry":{"type":"LineString","coordinates":[[-73.792494,40.706389],[-73.79299,40.707161]]}},{"type":"Feature","properties":{"mode":"bus","n":9,"arr":["n26","Q6","Q8","Q9","Q17","Q30","Q31","Q41","Q75"],"lines":"n26, Q6, Q8, Q9, Q17, Q30, Q31, Q41, Q75"},"geometry":{"type":"LineString","coordinates":[[-73.79299,40.707161],[-73.793136,40.707383]]}},{"type":"Feature","properties":{"mode":"bus","n":8,"arr":["Q17","Q45","QM1","QM5","QM7","QM8","QM31","QM35"],"lines":"Q17, Q45, QM1, QM5, QM7, QM8, QM31, QM35"},"geometry":{"type":"LineString","coordinates":[[-73.781143,40.729165],[-73.783041,40.733131]]}},{"type":"Feature","properties":{"mode":"bus","n":5,"arr":["Q17","Q30","Q74","Q75","Q88"],"lines":"Q17, Q30, Q74, Q75, Q88"},"geometry":{"type":"LineString","coordinates":[[-73.792868,40.738893],[-73.791037,40.739412],[-73.786498,40.740646]]}},{"type":"Feature","properties":{"mode":"bus","n":5,"arr":["Q17","Q30","Q74","Q75","Q88"],"lines":"Q17, Q30, Q74, Q75, Q88"},"geometry":{"type":"LineString","coordinates":[[-73.786819,40.741133],[-73.792827,40.739476]]}},{"type":"Feature","properties":{"mode":"bus","n":7,"arr":["n20G","n20X","Q17","Q25","Q26","Q27","Q65"],"lines":"n20G, n20X, Q17, Q25, Q26, Q27, Q65"},"geometry":{"type":"LineString","coordinates":[[-73.829623,40.758515],[-73.829368,40.758342],[-73.828575,40.757951],[-73.827096,40.75715]]}},{"type":"Feature","properties":{"mode":"bus","n":9,"arr":["n20G","n20X","Q17","Q20","Q25","Q26","Q27","Q44-SBS","Q65"],"lines":"n20G, n20X, Q17, Q20, Q25, Q26, Q27, Q44-SBS, Q65"},"geometry":{"type":"LineString","coordinates":[[-73.829842,40.758962],[-73.829623,40.758515]]}},{"type":"Feature","properties":{"mode":"bus","n":10,"arr":["n20G","n20X","Q17","Q20","Q25","Q26","Q27","Q44-SBS","Q50","Q65"],"lines":"n20G, n20X, Q17, Q20, Q25, Q26, Q27, Q44-SBS, Q50, Q65"},"geometry":{"type":"LineString","coordinates":[[-73.830136,40.759561],[-73.829842,40.758962]]}},{"type":"Feature","properties":{"mode":"bus","n":11,"arr":["Q6","Q8","Q9","Q20","Q25","Q40","Q41","Q43","Q44-SBS","Q60","Q65"],"lines":"Q6, Q8, Q9, Q20, Q25, Q40, Q41, Q43, Q44-SBS, Q60, Q65"},"geometry":{"type":"LineString","coordinates":[[-73.807942,40.701759],[-73.807932,40.701465],[-73.807706,40.700585]]}},{"type":"Feature","properties":{"mode":"bus","n":6,"arr":["Q20","Q44-SBS","Q60","QM21","QM65","QM68"],"lines":"Q20, Q44-SBS, Q60, QM21, QM65, QM68"},"geometry":{"type":"LineString","coordinates":[[-73.81861,40.708926],[-73.819117,40.709285]]}},{"type":"Feature","properties":{"mode":"bus","n":6,"arr":["Q20","Q44-SBS","Q60","QM21","QM65","QM68"],"lines":"Q20, Q44-SBS, Q60, QM21, QM65, QM68"},"geometry":{"type":"LineString","coordinates":[[-73.820103,40.709609],[-73.819524,40.709295],[-73.81913,40.709053],[-73.818795,40.70881]]}},{"type":"Feature","properties":{"mode":"bus","n":5,"arr":["Q20","Q25","Q44-SBS","Q50","Q61"],"lines":"Q20, Q25, Q44-SBS, Q50, Q61"},"geometry":{"type":"LineString","coordinates":[[-73.831868,40.762819],[-73.831708,40.76283],[-73.83062,40.763146]]}},{"type":"Feature","properties":{"mode":"bus","n":5,"arr":["Q20","Q44-SBS","Q61","QM2","QM20"],"lines":"Q20, Q44-SBS, Q61, QM2, QM20"},"geometry":{"type":"LineString","coordinates":[[-73.824271,40.776741],[-73.824578,40.77673],[-73.825536,40.776143],[-73.825648,40.776066],[-73.825793,40.775917],[-73.825863,40.775796],[-73.826337,40.774208],[-73.826478,40.773061]]}},{"type":"Feature","properties":{"mode":"bus","n":5,"arr":["Q20","Q30","Q31","Q44-SBS","Q75"],"lines":"Q20, Q30, Q31, Q44-SBS, Q75"},"geometry":{"type":"LineString","coordinates":[[-73.79166,40.704865],[-73.792056,40.705471],[-73.792117,40.705707],[-73.792494,40.706389]]}},{"type":"Feature","properties":{"mode":"bus","n":6,"arr":["Q27","Q74","Q75","QM5","QM8","QM35"],"lines":"Q27, Q74, Q75, QM5, QM8, QM35"},"geometry":{"type":"LineString","coordinates":[[-73.756699,40.749092],[-73.75699,40.749575]]}},{"type":"Feature","properties":{"mode":"bus","n":5,"arr":["n20G","n20X","Q26","Q27","Q65"],"lines":"n20G, n20X, Q26, Q27, Q65"},"geometry":{"type":"LineString","coordinates":[[-73.827096,40.75715],[-73.823209,40.758188]]}},{"type":"Feature","properties":{"mode":"bus","n":5,"arr":["Q30","Q36","QM5","QM8","QM35"],"lines":"Q30, Q36, QM5, QM8, QM35"},"geometry":{"type":"LineString","coordinates":[[-73.723981,40.763889],[-73.724279,40.764573]]}},{"type":"Feature","properties":{"mode":"bus","n":6,"arr":["Q38","Q58","Q98","QM24","QM25","QM34"],"lines":"Q38, Q58, Q98, QM24, QM25, QM34"},"geometry":{"type":"LineString","coordinates":[[-73.900594,40.712701],[-73.901158,40.714622]]}},{"type":"Feature","properties":{"mode":"bus","n":5,"arr":["Q38","Q60","QM63","QM64","QM68"],"lines":"Q38, Q60, QM63, QM64, QM68"},"geometry":{"type":"LineString","coordinates":[[-73.864678,40.730767],[-73.863491,40.730336]]}},{"type":"Feature","properties":{"mode":"bus","n":6,"arr":["Q38","Q60","QM18","QM63","QM64","QM68"],"lines":"Q38, Q60, QM18, QM63, QM64, QM68"},"geometry":{"type":"LineString","coordinates":[[-73.863491,40.730336],[-73.862428,40.729944]]}},{"type":"Feature","properties":{"mode":"bus","n":5,"arr":["n22","n22X","n26","Q43","QM68"],"lines":"n22, n22X, n26, Q43, QM68"},"geometry":{"type":"LineString","coordinates":[[-73.74382,40.730185],[-73.740495,40.732141],[-73.739022,40.732911],[-73.738905,40.733026]]}},{"type":"Feature","properties":{"mode":"bus","n":5,"arr":["n22","n22X","n26","Q43","QM68"],"lines":"n22, n22X, n26, Q43, QM68"},"geometry":{"type":"LineString","coordinates":[[-73.723249,40.734088],[-73.72376,40.733979],[-73.724013,40.733963],[-73.729266,40.732826],[-73.730078,40.732674],[-73.730398,40.732643],[-73.730941,40.732651],[-73.731443,40.732701],[-73.733775,40.733229],[-73.734969,40.733444],[-73.735407,40.733494],[-73.736607,40.733474],[-73.737062,40.733422],[-73.738008,40.733265],[-73.738528,40.73315],[-73.738905,40.733026],[-73.739087,40.733026],[-73.740534,40.73248],[-73.74285,40.731132],[-73.744102,40.730361]]}},{"type":"Feature","properties":{"mode":"bus","n":5,"arr":["n22","n22X","n26","Q43","QM68"],"lines":"n22, n22X, n26, Q43, QM68"},"geometry":{"type":"LineString","coordinates":[[-73.701539,40.738803],[-73.722208,40.734354]]}},{"type":"Feature","properties":{"mode":"bus","n":6,"arr":["Q60","QM18","QM63","QM64","QM65","QM68"],"lines":"Q60, QM18, QM63, QM64, QM65, QM68"},"geometry":{"type":"LineString","coordinates":[[-73.831165,40.714615],[-73.831988,40.715211]]}},{"type":"Feature","properties":{"mode":"bus","n":6,"arr":["Q60","QM18","QM63","QM64","QM65","QM68"],"lines":"Q60, QM18, QM63, QM64, QM65, QM68"},"geometry":{"type":"LineString","coordinates":[[-73.849586,40.723932],[-73.850054,40.72431],[-73.85082,40.72514],[-73.851284,40.725563],[-73.851798,40.725914],[-73.852321,40.726224],[-73.852812,40.726438],[-73.855332,40.727355]]}},{"type":"Feature","properties":{"mode":"bus","n":6,"arr":["Q60","QM18","QM63","QM64","QM65","QM68"],"lines":"Q60, QM18, QM63, QM64, QM65, QM68"},"geometry":{"type":"LineString","coordinates":[[-73.831523,40.714362],[-73.831736,40.714492],[-73.835158,40.717066],[-73.836332,40.717778],[-73.837175,40.718212],[-73.837899,40.71854],[-73.844087,40.721279],[-73.845008,40.721714],[-73.845302,40.721822],[-73.84769,40.722864]]}},{"type":"Feature","properties":{"mode":"bus","n":6,"arr":["Q60","QM18","QM63","QM64","QM65","QM68"],"lines":"Q60, QM18, QM63, QM64, QM65, QM68"},"geometry":{"type":"LineString","coordinates":[[-73.830607,40.714252],[-73.831009,40.714524]]}},{"type":"Feature","properties":{"mode":"bus","n":6,"arr":["Q60","QM18","QM63","QM64","QM65","QM68"],"lines":"Q60, QM18, QM63, QM64, QM65, QM68"},"geometry":{"type":"LineString","coordinates":[[-73.833398,40.716277],[-73.833855,40.716648],[-73.834596,40.717191],[-73.835449,40.717728],[-73.836315,40.718229],[-73.837095,40.718617],[-73.839656,40.719763]]}},{"type":"Feature","properties":{"mode":"bus","n":9,"arr":["Q45","Q46","Q48","Q60","QM18","QM63","QM64","QM65","QM68"],"lines":"Q45, Q46, Q48, Q60, QM18, QM63, QM64, QM65, QM68"},"geometry":{"type":"LineString","coordinates":[[-73.831988,40.715211],[-73.833398,40.716277]]}},{"type":"Feature","properties":{"mode":"bus","n":9,"arr":["Q45","Q46","Q48","Q60","QM18","QM63","QM64","QM65","QM68"],"lines":"Q45, Q46, Q48, Q60, QM18, QM63, QM64, QM65, QM68"},"geometry":{"type":"LineString","coordinates":[[-73.831009,40.714524],[-73.831165,40.714615]]}},{"type":"Feature","properties":{"mode":"bus","n":12,"arr":["Q45","Q46","Q48","QM1","QM5","QM6","QM7","QM8","QM21","QM31","QM35","QM36"],"lines":"Q45, Q46, Q48, QM1, QM5, QM6, QM7, QM8, QM21, QM31, QM35, QM36"},"geometry":{"type":"LineString","coordinates":[[-73.833619,40.716093],[-73.831639,40.714592],[-73.831317,40.714388],[-73.830844,40.714178]]}},{"type":"Feature","properties":{"mode":"bus","n":11,"arr":["Q45","Q46","Q48","QM1","QM5","QM6","QM7","QM8","QM31","QM35","QM36"],"lines":"Q45, Q46, Q48, QM1, QM5, QM6, QM7, QM8, QM31, QM35, QM36"},"geometry":{"type":"LineString","coordinates":[[-73.830844,40.714178],[-73.828878,40.714697],[-73.827215,40.715093],[-73.825683,40.715511],[-73.823066,40.716166],[-73.822565,40.716238],[-73.82204,40.716283],[-73.821086,40.716299],[-73.82079,40.71633]]}},{"type":"Feature","properties":{"mode":"bus","n":11,"arr":["Q45","Q46","Q48","QM1","QM5","QM6","QM7","QM8","QM31","QM35","QM36"],"lines":"Q45, Q46, Q48, QM1, QM5, QM6, QM7, QM8, QM31, QM35, QM36"},"geometry":{"type":"LineString","coordinates":[[-73.81986,40.716717],[-73.819377,40.717067],[-73.819199,40.717173],[-73.818996,40.717246],[-73.817542,40.717518],[-73.81718,40.717607],[-73.808592,40.719995],[-73.807205,40.720461],[-73.803335,40.72182],[-73.792547,40.725502],[-73.791512,40.72579],[-73.79001,40.726257],[-73.781143,40.729165]]}},{"type":"Feature","properties":{"mode":"bus","n":11,"arr":["Q45","Q46","Q48","QM1","QM5","QM6","QM7","QM8","QM31","QM35","QM36"],"lines":"Q45, Q46, Q48, QM1, QM5, QM6, QM7, QM8, QM31, QM35, QM36"},"geometry":{"type":"LineString","coordinates":[[-73.781188,40.729263],[-73.78477,40.728108],[-73.790001,40.726371],[-73.79087,40.726094],[-73.792027,40.72579],[-73.795913,40.72448],[-73.796404,40.724296],[-73.805015,40.721359],[-73.808844,40.720029],[-73.817344,40.717669],[-73.81889,40.717385],[-73.81949,40.717336]]}},{"type":"Feature","properties":{"mode":"bus","n":11,"arr":["Q45","Q46","Q48","QM1","QM5","QM6","QM7","QM8","QM31","QM35","QM36"],"lines":"Q45, Q46, Q48, QM1, QM5, QM6, QM7, QM8, QM31, QM35, QM36"},"geometry":{"type":"LineString","coordinates":[[-73.821682,40.717318],[-73.822997,40.717415],[-73.823886,40.717397],[-73.824475,40.717339],[-73.825453,40.717204],[-73.826272,40.717128],[-73.826835,40.716998],[-73.827131,40.716876],[-73.827358,40.716746],[-73.827936,40.716307],[-73.828294,40.715942],[-73.828766,40.715389],[-73.829142,40.715087],[-73.82934,40.714978],[-73.829664,40.714852],[-73.831009,40.714524]]}},{"type":"Feature","properties":{"mode":"bus","n":11,"arr":["Q45","Q46","Q48","QM1","QM5","QM6","QM7","QM8","QM31","QM35","QM36"],"lines":"Q45, Q46, Q48, QM1, QM5, QM6, QM7, QM8, QM31, QM35, QM36"},"geometry":{"type":"LineString","coordinates":[[-73.820627,40.716359],[-73.820397,40.716461]]}},{"type":"Feature","properties":{"mode":"bus","n":6,"arr":["Q45","Q46","Q48","QM31","QM35","QM36"],"lines":"Q45, Q46, Q48, QM31, QM35, QM36"},"geometry":{"type":"LineString","coordinates":[[-73.82079,40.71633],[-73.820627,40.716359]]}},{"type":"Feature","properties":{"mode":"bus","n":6,"arr":["Q45","Q46","Q48","QM31","QM35","QM36"],"lines":"Q45, Q46, Q48, QM31, QM35, QM36"},"geometry":{"type":"LineString","coordinates":[[-73.820437,40.716452],[-73.820227,40.716497],[-73.820035,40.7166]]}},{"type":"Feature","properties":{"mode":"bus","n":8,"arr":["Q45","Q46","Q48","QM7","QM8","QM31","QM35","QM36"],"lines":"Q45, Q46, Q48, QM7, QM8, QM31, QM35, QM36"},"geometry":{"type":"LineString","coordinates":[[-73.820035,40.7166],[-73.81986,40.716717]]}},{"type":"Feature","properties":{"mode":"bus","n":8,"arr":["Q45","Q46","Q48","QM5","QM6","QM8","QM35","QM36"],"lines":"Q45, Q46, Q48, QM5, QM6, QM8, QM35, QM36"},"geometry":{"type":"LineString","coordinates":[[-73.81949,40.717336],[-73.819932,40.717383],[-73.821603,40.71741],[-73.821629,40.717407],[-73.821648,40.717396],[-73.82166,40.717378],[-73.821682,40.717318]]}},{"type":"Feature","properties":{"mode":"bus","n":6,"arr":["Q46","QM5","QM6","QM8","QM35","QM36"],"lines":"Q46, QM5, QM6, QM8, QM35, QM36"},"geometry":{"type":"LineString","coordinates":[[-73.711916,40.747004],[-73.711127,40.747427]]}},{"type":"Feature","properties":{"mode":"bus","n":6,"arr":["n25","n25/58","n26","Q46","QM6","QM36"],"lines":"n25, n25/58, n26, Q46, QM6, QM36"},"geometry":{"type":"LineString","coordinates":[[-73.70158,40.752462],[-73.702161,40.752898],[-73.703101,40.753514],[-73.703493,40.753917],[-73.703755,40.754274],[-73.703974,40.754657],[-73.704125,40.755143],[-73.704223,40.755753]]}},{"type":"Feature","properties":{"mode":"bus","n":5,"arr":["Q58","Q98","QM24","QM25","QM34"],"lines":"Q58, Q98, QM24, QM25, QM34"},"geometry":{"type":"LineString","coordinates":[[-73.89694,40.706499],[-73.897598,40.707818],[-73.899356,40.710323],[-73.900594,40.712701]]}},{"type":"Feature","properties":{"mode":"bus","n":5,"arr":["Q23","Q58","QM10","QM11","QM40"],"lines":"Q23, Q58, QM10, QM11, QM40"},"geometry":{"type":"LineString","coordinates":[[-73.852039,40.737686],[-73.851842,40.737305]]}},{"type":"Feature","properties":{"mode":"bus","n":6,"arr":["Q58","Q88","Q98","QM2","QM20","QM32"],"lines":"Q58, Q88, Q98, QM2, QM20, QM32"},"geometry":{"type":"LineString","coordinates":[[-73.846098,40.739934],[-73.846676,40.73968]]}},{"type":"Feature","properties":{"mode":"bus","n":5,"arr":["n1","n6","n6X","n24","Q77"],"lines":"n1, n6, n6X, n24, Q77"},"geometry":{"type":"LineString","coordinates":[[-73.757214,40.718153],[-73.75399,40.713845]]}},{"type":"Feature","properties":{"mode":"bus","n":5,"arr":["n1","n6","n6X","n24","Q77"],"lines":"n1, n6, n6X, n24, Q77"},"geometry":{"type":"LineString","coordinates":[[-73.759483,40.721041],[-73.757293,40.718118]]}},{"type":"Feature","properties":{"mode":"bus","n":5,"arr":["n1","n6","n6X","n24","Q77"],"lines":"n1, n6, n6X, n24, Q77"},"geometry":{"type":"LineString","coordinates":[[-73.75594,40.716293],[-73.754737,40.714694]]}},{"type":"Feature","properties":{"mode":"bus","n":6,"arr":["n1","n6","n6X","n24","Q82","Q110"],"lines":"n1, n6, n6X, n24, Q82, Q110"},"geometry":{"type":"LineString","coordinates":[[-73.745627,40.715911],[-73.745388,40.715972]]}},{"type":"Feature","properties":{"mode":"bus","n":6,"arr":["n1","n6","n6X","n24","Q82","Q110"],"lines":"n1, n6, n6X, n24, Q82, Q110"},"geometry":{"type":"LineString","coordinates":[[-73.74657,40.715799],[-73.745674,40.715996]]}},{"type":"Feature","properties":{"mode":"bus","n":5,"arr":["n1","n6","n6X","n24","Q110"],"lines":"n1, n6, n6X, n24, Q110"},"geometry":{"type":"LineString","coordinates":[[-73.745674,40.715996],[-73.744795,40.716198]]}},{"type":"Feature","properties":{"mode":"bus","n":5,"arr":["n1","n6","n6X","n24","Q110"],"lines":"n1, n6, n6X, n24, Q110"},"geometry":{"type":"LineString","coordinates":[[-73.75399,40.713845],[-73.753053,40.714074],[-73.75042,40.71484],[-73.748392,40.715311],[-73.745627,40.715911]]}},{"type":"Feature","properties":{"mode":"bus","n":5,"arr":["n1","n6","n6X","n24","Q110"],"lines":"n1, n6, n6X, n24, Q110"},"geometry":{"type":"LineString","coordinates":[[-73.754051,40.71391],[-73.753097,40.714142],[-73.751342,40.714686],[-73.749376,40.715199],[-73.74657,40.715799]]}},{"type":"Feature","properties":{"mode":"bus","n":5,"arr":["Q83","Q111","Q113","Q114","Q115"],"lines":"Q83, Q111, Q113, Q114, Q115"},"geometry":{"type":"LineString","coordinates":[[-73.804503,40.707236],[-73.804048,40.706255]]}},{"type":"Feature","properties":{"mode":"bus","n":8,"arr":["Q25","Q65","Q83","Q111","Q112","Q113","Q114","Q115"],"lines":"Q25, Q65, Q83, Q111, Q112, Q113, Q114, Q115"},"geometry":{"type":"LineString","coordinates":[[-73.799968,40.702502],[-73.801941,40.701993]]}},{"type":"Feature","properties":{"mode":"bus","n":5,"arr":["Q88","Q98","QM11","QM12","QM42"],"lines":"Q88, Q98, QM11, QM12, QM42"},"geometry":{"type":"LineString","coordinates":[[-73.854247,40.736557],[-73.854043,40.736573]]}},{"type":"Feature","properties":{"mode":"bus","n":5,"arr":["Q88","Q98","QM10","QM11","QM40"],"lines":"Q88, Q98, QM10, QM11, QM40"},"geometry":{"type":"LineString","coordinates":[[-73.852039,40.737686],[-73.853084,40.737425],[-73.854348,40.737206],[-73.855448,40.736963],[-73.858829,40.735953]]}},{"type":"Feature","properties":{"mode":"bus","n":6,"arr":["Q63","Q66","Q90","QM2","QM20","QM32"],"lines":"Q63, Q66, Q90, QM2, QM20, QM32"},"geometry":{"type":"LineString","coordinates":[[-73.85165,40.757709],[-73.852353,40.757551],[-73.852571,40.757537],[-73.852859,40.757557],[-73.85308,40.757601],[-73.853348,40.757697],[-73.854162,40.758156],[-73.854497,40.758287],[-73.854727,40.758329],[-73.854974,40.758343],[-73.855582,40.758276]]}},{"type":"Feature","properties":{"mode":"bus","n":15,"arr":["QM15","QM16","QM17","QM18","QM21","QM31","QM34","QM35","QM36","QM40","QM42","QM44","QM63","QM64","QM68"],"lines":"QM15, QM16, QM17, QM18, QM21, QM31, QM34, QM35, QM36, QM40, QM42, QM44, QM63, QM64, QM68"},"geometry":{"type":"LineString","coordinates":[[-73.964509,40.758983],[-73.964038,40.759589],[-73.963753,40.760013]]}},{"type":"Feature","properties":{"mode":"bus","n":22,"arr":["QM1","QM4","QM5","QM6","QM10","QM12","QM15","QM16","QM17","QM18","QM21","QM24","QM31","QM34","QM35","QM36","QM40","QM42","QM44","QM63","QM64","QM68"],"lines":"QM1, QM4, QM5, QM6, QM10, QM12, QM15, QM16, QM17, QM18, QM21, QM24, QM31, QM34, QM35, QM36, QM40, QM42, QM44, QM63, QM64, QM68"},"geometry":{"type":"LineString","coordinates":[[-73.963753,40.760013],[-73.963474,40.760434],[-73.963377,40.760487],[-73.963235,40.760499],[-73.963007,40.760423],[-73.961637,40.75983],[-73.960606,40.759483],[-73.945587,40.752943],[-73.944425,40.752301],[-73.942988,40.751676],[-73.942877,40.751576]]}},{"type":"Feature","properties":{"mode":"bus","n":22,"arr":["QM1","QM4","QM5","QM6","QM10","QM12","QM15","QM16","QM17","QM18","QM21","QM24","QM31","QM34","QM35","QM36","QM40","QM42","QM44","QM63","QM64","QM68"],"lines":"QM1, QM4, QM5, QM6, QM10, QM12, QM15, QM16, QM17, QM18, QM21, QM24, QM31, QM34, QM35, QM36, QM40, QM42, QM44, QM63, QM64, QM68"},"geometry":{"type":"LineString","coordinates":[[-73.943396,40.750807],[-73.943467,40.750694],[-73.943489,40.750588],[-73.943466,40.750469],[-73.943366,40.750343],[-73.942178,40.749677],[-73.941844,40.749402],[-73.941563,40.749076],[-73.940687,40.747652],[-73.939933,40.74575]]}},{"type":"Feature","properties":{"mode":"bus","n":21,"arr":["QM1","QM4","QM5","QM6","QM10","QM12","QM15","QM16","QM17","QM18","QM21","QM24","QM31","QM34","QM35","QM36","QM40","QM42","QM63","QM64","QM68"],"lines":"QM1, QM4, QM5, QM6, QM10, QM12, QM15, QM16, QM17, QM18, QM21, QM24, QM31, QM34, QM35, QM36, QM40, QM42, QM63, QM64, QM68"},"geometry":{"type":"LineString","coordinates":[[-73.942877,40.751576],[-73.942859,40.751536]]}},{"type":"Feature","properties":{"mode":"bus","n":18,"arr":["QM1","QM4","QM5","QM6","QM10","QM12","QM15","QM16","QM17","QM18","QM21","QM24","QM34","QM40","QM42","QM63","QM64","QM68"],"lines":"QM1, QM4, QM5, QM6, QM10, QM12, QM15, QM16, QM17, QM18, QM21, QM24, QM34, QM40, QM42, QM63, QM64, QM68"},"geometry":{"type":"LineString","coordinates":[[-73.942859,40.751536],[-73.942845,40.751453],[-73.942891,40.751345],[-73.943396,40.750807]]}},{"type":"Feature","properties":{"mode":"bus","n":11,"arr":["QM1","QM4","QM5","QM6","QM31","QM35","QM36","QM44","QM63","QM64","QM68"],"lines":"QM1, QM4, QM5, QM6, QM31, QM35, QM36, QM44, QM63, QM64, QM68"},"geometry":{"type":"LineString","coordinates":[[-73.933554,40.744725],[-73.933381,40.744686],[-73.93279,40.744615],[-73.932647,40.744622]]}},{"type":"Feature","properties":{"mode":"bus","n":13,"arr":["Q32","Q60","QM1","QM4","QM5","QM6","QM31","QM35","QM36","QM44","QM63","QM64","QM68"],"lines":"Q32, Q60, QM1, QM4, QM5, QM6, QM31, QM35, QM36, QM44, QM63, QM64, QM68"},"geometry":{"type":"LineString","coordinates":[[-73.932647,40.744622],[-73.91692,40.742801]]}},{"type":"Feature","properties":{"mode":"bus","n":12,"arr":["Q60","QM1","QM4","QM5","QM6","QM31","QM35","QM36","QM44","QM63","QM64","QM68"],"lines":"Q60, QM1, QM4, QM5, QM6, QM31, QM35, QM36, QM44, QM63, QM64, QM68"},"geometry":{"type":"LineString","coordinates":[[-73.91692,40.742801],[-73.915952,40.742691]]}},{"type":"Feature","properties":{"mode":"bus","n":8,"arr":["Q60","QM7","QM8","QM18","QM21","QM63","QM64","QM68"],"lines":"Q60, QM7, QM8, QM18, QM21, QM63, QM64, QM68"},"geometry":{"type":"LineString","coordinates":[[-73.86826,40.732505],[-73.867984,40.732367]]}},{"type":"Feature","properties":{"mode":"bus","n":11,"arr":["Q60","QM7","QM8","QM10","QM18","QM21","QM40","QM63","QM64","QM65","QM68"],"lines":"Q60, QM7, QM8, QM10, QM18, QM21, QM40, QM63, QM64, QM65, QM68"},"geometry":{"type":"LineString","coordinates":[[-73.867984,40.732367],[-73.867145,40.731895]]}},{"type":"Feature","properties":{"mode":"bus","n":5,"arr":["Q60","QM18","QM63","QM64","QM68"],"lines":"Q60, QM18, QM63, QM64, QM68"},"geometry":{"type":"LineString","coordinates":[[-73.862428,40.729944],[-73.860366,40.729175],[-73.855332,40.727355]]}},{"type":"Feature","properties":{"mode":"bus","n":8,"arr":["Q60","QM4","QM18","QM44","QM63","QM64","QM65","QM68"],"lines":"Q60, QM4, QM18, QM44, QM63, QM64, QM65, QM68"},"geometry":{"type":"LineString","coordinates":[[-73.84769,40.722864],[-73.848878,40.723446],[-73.849586,40.723932]]}},{"type":"Feature","properties":{"mode":"bus","n":5,"arr":["Q60","QM63","QM64","QM65","QM68"],"lines":"Q60, QM63, QM64, QM65, QM68"},"geometry":{"type":"LineString","coordinates":[[-73.830753,40.714107],[-73.830998,40.714158],[-73.831523,40.714362]]}},{"type":"Feature","properties":{"mode":"bus","n":6,"arr":["Q60","QM21","QM63","QM64","QM65","QM68"],"lines":"Q60, QM21, QM63, QM64, QM65, QM68"},"geometry":{"type":"LineString","coordinates":[[-73.821365,40.710204],[-73.824629,40.711543],[-73.830753,40.714107]]}},{"type":"Feature","properties":{"mode":"bus","n":6,"arr":["Q60","QM21","QM63","QM64","QM65","QM68"],"lines":"Q60, QM21, QM63, QM64, QM65, QM68"},"geometry":{"type":"LineString","coordinates":[[-73.819117,40.709285],[-73.819484,40.709517],[-73.820729,40.71014],[-73.825342,40.712037]]}},{"type":"Feature","properties":{"mode":"bus","n":7,"arr":["Q60","QM18","QM21","QM63","QM64","QM65","QM68"],"lines":"Q60, QM18, QM21, QM63, QM64, QM65, QM68"},"geometry":{"type":"LineString","coordinates":[[-73.825342,40.712037],[-73.82956,40.713795],[-73.830607,40.714252]]}},{"type":"Feature","properties":{"mode":"bus","n":7,"arr":["Q60","QM11","QM18","QM63","QM64","QM65","QM68"],"lines":"Q60, QM11, QM18, QM63, QM64, QM65, QM68"},"geometry":{"type":"LineString","coordinates":[[-73.839656,40.719763],[-73.843858,40.721625]]}},{"type":"Feature","properties":{"mode":"bus","n":7,"arr":["Q60","QM11","QM18","QM63","QM64","QM65","QM68"],"lines":"Q60, QM11, QM18, QM63, QM64, QM65, QM68"},"geometry":{"type":"LineString","coordinates":[[-73.844712,40.721989],[-73.844749,40.722005]]}},{"type":"Feature","properties":{"mode":"bus","n":7,"arr":["Q60","QM11","QM18","QM63","QM64","QM65","QM68"],"lines":"Q60, QM11, QM18, QM63, QM64, QM65, QM68"},"geometry":{"type":"LineString","coordinates":[[-73.847037,40.723022],[-73.847945,40.723444]]}},{"type":"Feature","properties":{"mode":"bus","n":8,"arr":["Q60","Q74","QM11","QM18","QM63","QM64","QM65","QM68"],"lines":"Q60, Q74, QM11, QM18, QM63, QM64, QM65, QM68"},"geometry":{"type":"LineString","coordinates":[[-73.843858,40.721625],[-73.844712,40.721989]]}},{"type":"Feature","properties":{"mode":"bus","n":8,"arr":["Q60","Q64","QM11","QM18","QM63","QM64","QM65","QM68"],"lines":"Q60, Q64, QM11, QM18, QM63, QM64, QM65, QM68"},"geometry":{"type":"LineString","coordinates":[[-73.844749,40.722005],[-73.844868,40.722056]]}},{"type":"Feature","properties":{"mode":"bus","n":8,"arr":["Q60","Q64","QM11","QM18","QM63","QM64","QM65","QM68"],"lines":"Q60, Q64, QM11, QM18, QM63, QM64, QM65, QM68"},"geometry":{"type":"LineString","coordinates":[[-73.845368,40.722293],[-73.845768,40.722464]]}},{"type":"Feature","properties":{"mode":"bus","n":9,"arr":["Q23","Q60","Q64","QM11","QM18","QM63","QM64","QM65","QM68"],"lines":"Q23, Q60, Q64, QM11, QM18, QM63, QM64, QM65, QM68"},"geometry":{"type":"LineString","coordinates":[[-73.844868,40.722056],[-73.845368,40.722293]]}},{"type":"Feature","properties":{"mode":"bus","n":9,"arr":["Q60","Q64","Q74","QM11","QM18","QM63","QM64","QM65","QM68"],"lines":"Q60, Q64, Q74, QM11, QM18, QM63, QM64, QM65, QM68"},"geometry":{"type":"LineString","coordinates":[[-73.845768,40.722464],[-73.847037,40.723022]]}},{"type":"Feature","properties":{"mode":"bus","n":9,"arr":["Q60","QM4","QM11","QM18","QM44","QM63","QM64","QM65","QM68"],"lines":"Q60, QM4, QM11, QM18, QM44, QM63, QM64, QM65, QM68"},"geometry":{"type":"LineString","coordinates":[[-73.847945,40.723444],[-73.848946,40.724018],[-73.849302,40.724261],[-73.849797,40.724717]]}},{"type":"Feature","properties":{"mode":"bus","n":6,"arr":["QM4","QM44","QM63","QM64","QM65","QM68"],"lines":"QM4, QM44, QM63, QM64, QM65, QM68"},"geometry":{"type":"LineString","coordinates":[[-73.849797,40.724717],[-73.849937,40.724813],[-73.850075,40.72495],[-73.850436,40.72519]]}},{"type":"Feature","properties":{"mode":"bus","n":15,"arr":["QM1","QM4","QM5","QM6","QM7","QM8","QM21","QM31","QM35","QM36","QM44","QM63","QM64","QM65","QM68"],"lines":"QM1, QM4, QM5, QM6, QM7, QM8, QM21, QM31, QM35, QM36, QM44, QM63, QM64, QM65, QM68"},"geometry":{"type":"LineString","coordinates":[[-73.850436,40.72519],[-73.850798,40.725534],[-73.851319,40.725933],[-73.852088,40.726403],[-73.852402,40.726549],[-73.85367,40.727014],[-73.854125,40.727209],[-73.857949,40.728578],[-73.862247,40.730174],[-73.865079,40.731194],[-73.865453,40.73138],[-73.865555,40.731477]]}},{"type":"Feature","properties":{"mode":"bus","n":16,"arr":["QM1","QM4","QM5","QM6","QM7","QM8","QM18","QM21","QM31","QM35","QM36","QM44","QM63","QM64","QM65","QM68"],"lines":"QM1, QM4, QM5, QM6, QM7, QM8, QM18, QM21, QM31, QM35, QM36, QM44, QM63, QM64, QM65, QM68"},"geometry":{"type":"LineString","coordinates":[[-73.867071,40.732291],[-73.867277,40.732467],[-73.867777,40.732824],[-73.868362,40.733099],[-73.868442,40.733171],[-73.868497,40.733284],[-73.868496,40.733374],[-73.868452,40.733474],[-73.868317,40.733594],[-73.867538,40.733933],[-73.867345,40.73397],[-73.86721,40.733947],[-73.867093,40.733891],[-73.866995,40.733753],[-73.866982,40.73365],[-73.867014,40.733558],[-73.867076,40.733485],[-73.867173,40.733426],[-73.870497,40.732339]]}},{"type":"Feature","properties":{"mode":"bus","n":8,"arr":["QM10","QM11","QM12","QM40","QM42","QM63","QM64","QM68"],"lines":"QM10, QM11, QM12, QM40, QM42, QM63, QM64, QM68"},"geometry":{"type":"LineString","coordinates":[[-73.874204,40.731124],[-73.875901,40.730693],[-73.876444,40.730525],[-73.87934,40.72935],[-73.880205,40.729078],[-73.880872,40.728937],[-73.881489,40.728854],[-73.885149,40.728559],[-73.88572,40.728452],[-73.8863,40.728313],[-73.88697,40.728096],[-73.887426,40.727906],[-73.887779,40.727731],[-73.888904,40.727041],[-73.889234,40.72678]]}},{"type":"Feature","properties":{"mode":"bus","n":31,"arr":["BM5","QM1","QM2","QM4","QM5","QM6","QM7","QM8","QM10","QM11","QM12","QM15","QM16","QM17","QM18","QM20","QM21","QM24","QM25","QM31","QM32","QM34","QM35","QM36","QM40","QM42","QM44","QM63","QM64","QM65","QM68"],"lines":"BM5, QM1, QM2, QM4, QM5, QM6, QM7, QM8, QM10, QM11, QM12, QM15, QM16, QM17, QM18, QM20, QM21, QM24, QM25, QM31, QM32, QM34, QM35, QM36, QM40, QM42, QM44, QM63, QM64, QM65, QM68"},"geometry":{"type":"LineString","coordinates":[[-73.889234,40.72678],[-73.889805,40.726437],[-73.890264,40.726195],[-73.890769,40.725972],[-73.891293,40.725781],[-73.892107,40.725564],[-73.892666,40.725464],[-73.89323,40.725398],[-73.893806,40.72536],[-73.894377,40.725364],[-73.894942,40.7254],[-73.903389,40.726164],[-73.903974,40.72626],[-73.904528,40.726387],[-73.905067,40.72654],[-73.905586,40.726724],[-73.906334,40.727052],[-73.906836,40.727324],[-73.91,40.729259],[-73.910536,40.729525],[-73.911011,40.729725],[-73.9118,40.729987],[-73.914409,40.730627],[-73.917669,40.731543],[-73.918192,40.731719],[-73.918696,40.731928],[-73.919403,40.732291],[-73.919849,40.732576],[-73.922117,40.734318],[-73.922723,40.73474],[-73.92314,40.734986],[-73.923779,40.735315],[-73.924283,40.735534],[-73.924805,40.735727],[-73.925617,40.735974],[-73.926177,40.736102],[-73.930661,40.736992],[-73.933483,40.737408],[-73.93566,40.737818],[-73.937182,40.738007],[-73.93818,40.738199],[-73.938831,40.738372],[-73.939586,40.73862],[-73.943995,40.740463],[-73.944938,40.740781],[-73.945796,40.740982],[-73.949153,40.741636],[-73.949632,40.741699],[-73.950315,40.741706]]}},{"type":"Feature","properties":{"mode":"bus","n":31,"arr":["BM5","QM1","QM2","QM4","QM5","QM6","QM7","QM8","QM10","QM11","QM12","QM15","QM16","QM17","QM18","QM20","QM21","QM24","QM25","QM31","QM32","QM34","QM35","QM36","QM40","QM42","QM44","QM63","QM64","QM65","QM68"],"lines":"BM5, QM1, QM2, QM4, QM5, QM6, QM7, QM8, QM10, QM11, QM12, QM15, QM16, QM17, QM18, QM20, QM21, QM24, QM25, QM31, QM32, QM34, QM35, QM36, QM40, QM42, QM44, QM63, QM64, QM65, QM68"},"geometry":{"type":"LineString","coordinates":[[-73.952266,40.741467],[-73.953421,40.741551],[-73.953993,40.741562],[-73.954077,40.741544],[-73.954705,40.741528],[-73.954975,40.741531],[-73.955265,40.741564],[-73.959157,40.742295],[-73.959963,40.742507],[-73.960552,40.742764],[-73.961092,40.743077],[-73.967897,40.747716],[-73.968086,40.747817],[-73.968292,40.747912],[-73.968698,40.74804],[-73.968931,40.748086],[-73.9694,40.748105],[-73.969856,40.74805],[-73.970078,40.747991],[-73.970271,40.747923],[-73.97047,40.747816]]}},{"type":"Feature","properties":{"mode":"bus","n":22,"arr":["BM5","QM7","QM8","QM11","QM15","QM16","QM17","QM18","QM21","QM25","QM31","QM32","QM34","QM35","QM36","QM40","QM42","QM44","QM63","QM64","QM65","QM68"],"lines":"BM5, QM7, QM8, QM11, QM15, QM16, QM17, QM18, QM21, QM25, QM31, QM32, QM34, QM35, QM36, QM40, QM42, QM44, QM63, QM64, QM65, QM68"},"geometry":{"type":"LineString","coordinates":[[-73.97324,40.745952],[-73.973422,40.745999],[-73.974106,40.746254]]}},{"type":"Feature","properties":{"mode":"bus","n":14,"arr":["BM5","QM7","QM8","QM11","QM15","QM16","QM17","QM18","QM21","QM25","QM63","QM64","QM65","QM68"],"lines":"BM5, QM7, QM8, QM11, QM15, QM16, QM17, QM18, QM21, QM25, QM63, QM64, QM65, QM68"},"geometry":{"type":"LineString","coordinates":[[-73.974106,40.746254],[-73.974507,40.746383],[-73.975575,40.746833],[-73.975765,40.746874],[-73.975941,40.746863],[-73.97616,40.746785],[-73.976292,40.746684],[-73.976787,40.746039],[-73.977086,40.745719],[-73.977335,40.745401]]}},{"type":"Feature","properties":{"mode":"bus","n":9,"arr":["S40","S46","S48","S90","S96","S98","SIM33","SIM33C","SIM34"],"lines":"S40, S46, S48, S90, S96, S98, SIM33, SIM33C, SIM34"},"geometry":{"type":"LineString","coordinates":[[-74.16655,40.627371],[-74.166504,40.627496],[-74.16633,40.632166]]}},{"type":"Feature","properties":{"mode":"bus","n":7,"arr":["S40","S48","S90","S98","SIM33","SIM33C","SIM34"],"lines":"S40, S48, S90, S98, SIM33, SIM33C, SIM34"},"geometry":{"type":"LineString","coordinates":[[-74.16633,40.632166],[-74.166023,40.640278]]}},{"type":"Feature","properties":{"mode":"bus","n":5,"arr":["S40","S90","SIM33","SIM33C","SIM34"],"lines":"S40, S90, SIM33, SIM33C, SIM34"},"geometry":{"type":"LineString","coordinates":[[-74.166023,40.640278],[-74.165233,40.639995]]}},{"type":"Feature","properties":{"mode":"bus","n":6,"arr":["S40","S53","S57","S59","S66","S90"],"lines":"S40, S53, S57, S59, S66, S90"},"geometry":{"type":"LineString","coordinates":[[-74.130405,40.640024],[-74.130433,40.640045]]}},{"type":"Feature","properties":{"mode":"bus","n":22,"arr":["S40","S42","S44","S46","S48","S51","S52","S61","S62","S66","S74","S76","S78","S81","S84","S86","S90","S91","S92","S94","S96","S98"],"lines":"S40, S42, S44, S46, S48, S51, S52, S61, S62, S66, S74, S76, S78, S81, S84, S86, S90, S91, S92, S94, S96, S98"},"geometry":{"type":"LineString","coordinates":[[-74.075374,40.642586],[-74.075183,40.642328]]}},{"type":"Feature","properties":{"mode":"bus","n":22,"arr":["S40","S42","S44","S46","S48","S51","S52","S61","S62","S66","S74","S76","S78","S81","S84","S86","S90","S91","S92","S94","S96","S98"],"lines":"S40, S42, S44, S46, S48, S51, S52, S61, S62, S66, S74, S76, S78, S81, S84, S86, S90, S91, S92, S94, S96, S98"},"geometry":{"type":"LineString","coordinates":[[-74.074752,40.64323],[-74.074659,40.643136]]}},{"type":"Feature","properties":{"mode":"bus","n":22,"arr":["S40","S42","S44","S46","S48","S51","S52","S61","S62","S66","S74","S76","S78","S81","S84","S86","S90","S91","S92","S94","S96","S98"],"lines":"S40, S42, S44, S46, S48, S51, S52, S61, S62, S66, S74, S76, S78, S81, S84, S86, S90, S91, S92, S94, S96, S98"},"geometry":{"type":"LineString","coordinates":[[-74.074528,40.643345],[-74.074794,40.643199],[-74.075043,40.64295]]}},{"type":"Feature","properties":{"mode":"bus","n":19,"arr":["S40","S42","S44","S48","S51","S52","S61","S62","S74","S76","S78","S81","S84","S86","S90","S91","S92","S94","S98"],"lines":"S40, S42, S44, S48, S51, S52, S61, S62, S74, S76, S78, S81, S84, S86, S90, S91, S92, S94, S98"},"geometry":{"type":"LineString","coordinates":[[-74.075183,40.642328],[-74.075206,40.642301],[-74.075212,40.642291],[-74.075211,40.642282],[-74.075204,40.642273],[-74.075141,40.642218]]}},{"type":"Feature","properties":{"mode":"bus","n":19,"arr":["S40","S42","S44","S46","S48","S51","S52","S61","S62","S66","S74","S76","S78","S90","S91","S92","S94","S96","S98"],"lines":"S40, S42, S44, S46, S48, S51, S52, S61, S62, S66, S74, S76, S78, S90, S91, S92, S94, S96, S98"},"geometry":{"type":"LineString","coordinates":[[-74.07237,40.642967],[-74.072472,40.64284],[-74.072653,40.642707],[-74.072897,40.642583],[-74.073102,40.642509],[-74.073528,40.642415],[-74.074933,40.642167],[-74.075021,40.642174],[-74.075141,40.642218]]}},{"type":"Feature","properties":{"mode":"bus","n":6,"arr":["S40","S42","S44","S52","S90","S94"],"lines":"S40, S42, S44, S52, S90, S94"},"geometry":{"type":"LineString","coordinates":[[-74.072913,40.643805],[-74.072971,40.64387],[-74.072978,40.64388],[-74.07298,40.643887],[-74.072977,40.64389],[-74.072968,40.64389],[-74.072953,40.643886],[-74.07282,40.643844],[-74.072386,40.643338],[-74.072314,40.643138],[-74.07232,40.643062],[-74.07237,40.642967]]}},{"type":"Feature","properties":{"mode":"bus","n":13,"arr":["S40","S42","S44","S46","S51","S52","S61","S66","S81","S90","S91","S94","S96"],"lines":"S40, S42, S44, S46, S51, S52, S61, S66, S81, S90, S91, S94, S96"},"geometry":{"type":"LineString","coordinates":[[-74.074393,40.643238],[-74.074659,40.643136]]}},{"type":"Feature","properties":{"mode":"bus","n":20,"arr":["S40","S44","S46","S48","S51","S61","S62","S66","S74","S76","S78","S81","S84","S86","S90","S91","S92","S94","S96","S98"],"lines":"S40, S44, S46, S48, S51, S61, S62, S66, S74, S76, S78, S81, S84, S86, S90, S91, S92, S94, S96, S98"},"geometry":{"type":"LineString","coordinates":[[-74.074474,40.643367],[-74.074528,40.643345]]}},{"type":"Feature","properties":{"mode":"bus","n":18,"arr":["S42","S46","S48","S51","S52","S61","S62","S66","S74","S76","S78","S81","S84","S86","S91","S92","S96","S98"],"lines":"S42, S46, S48, S51, S52, S61, S62, S66, S74, S76, S78, S81, S84, S86, S91, S92, S96, S98"},"geometry":{"type":"LineString","coordinates":[[-74.075141,40.642218],[-74.075177,40.642142],[-74.075639,40.641599],[-74.075748,40.64134],[-74.075749,40.641089],[-74.075687,40.640825],[-74.075687,40.64081],[-74.075696,40.640801],[-74.075714,40.640795],[-74.075741,40.640791],[-74.075759,40.640785],[-74.075768,40.640776],[-74.075769,40.640761],[-74.07557,40.639777],[-74.075516,40.639629]]}},{"type":"Feature","properties":{"mode":"bus","n":18,"arr":["S42","S46","S48","S51","S52","S61","S62","S66","S74","S76","S78","S81","S84","S86","S91","S92","S96","S98"],"lines":"S42, S46, S48, S51, S52, S61, S62, S66, S74, S76, S78, S81, S84, S86, S91, S92, S96, S98"},"geometry":{"type":"LineString","coordinates":[[-74.075043,40.64295],[-74.075374,40.642586]]}},{"type":"Feature","properties":{"mode":"bus","n":5,"arr":["S44","S59","S61","S91","S94"],"lines":"S44, S59, S61, S91, S94"},"geometry":{"type":"LineString","coordinates":[[-74.169784,40.576967],[-74.169419,40.576905],[-74.167204,40.575809]]}},{"type":"Feature","properties":{"mode":"bus","n":5,"arr":["S44","S59","S61","S91","S94"],"lines":"S44, S59, S61, S91, S94"},"geometry":{"type":"LineString","coordinates":[[-74.166987,40.575702],[-74.164333,40.574409],[-74.164255,40.574307],[-74.164177,40.574089],[-74.164182,40.574031],[-74.164192,40.574002],[-74.164218,40.57398],[-74.16668,40.572608]]}},{"type":"Feature","properties":{"mode":"bus","n":12,"arr":["S44","S55","S56","S61","S79-SBS","S89","S91","S94","SIM4","SIM4C","SIM8","SIM31"],"lines":"S44, S55, S56, S61, S79-SBS, S89, S91, S94, SIM4, SIM4C, SIM8, SIM31"},"geometry":{"type":"LineString","coordinates":[[-74.169795,40.573971],[-74.169586,40.576944]]}},{"type":"Feature","properties":{"mode":"bus","n":13,"arr":["S44","S55","S56","S59","S61","S79-SBS","S89","S91","S94","SIM4","SIM4C","SIM8","SIM31"],"lines":"S44, S55, S56, S59, S61, S79-SBS, S89, S91, S94, SIM4, SIM4C, SIM8, SIM31"},"geometry":{"type":"LineString","coordinates":[[-74.169586,40.576944],[-74.16953,40.578295],[-74.169373,40.579361]]}},{"type":"Feature","properties":{"mode":"bus","n":13,"arr":["S44","S55","S56","S59","S61","S79-SBS","S89","S91","S94","SIM4","SIM4C","SIM8","SIM31"],"lines":"S44, S55, S56, S59, S61, S79-SBS, S89, S91, S94, SIM4, SIM4C, SIM8, SIM31"},"geometry":{"type":"LineString","coordinates":[[-74.168286,40.578848],[-74.169221,40.579319],[-74.169373,40.579361],[-74.169574,40.579384],[-74.169595,40.579385],[-74.169611,40.57938],[-74.169621,40.57937],[-74.169626,40.579354],[-74.169718,40.578746],[-74.169827,40.577654]]}},{"type":"Feature","properties":{"mode":"bus","n":7,"arr":["S44","S59","S89","S94","SIM4","SIM4C","SIM8"],"lines":"S44, S59, S89, S94, SIM4, SIM4C, SIM8"},"geometry":{"type":"LineString","coordinates":[[-74.167469,40.588899],[-74.166249,40.590162],[-74.165974,40.590403],[-74.164163,40.591773],[-74.162833,40.59273],[-74.162653,40.592899],[-74.162327,40.59331],[-74.162189,40.593558],[-74.16181,40.594522],[-74.161761,40.594939],[-74.161822,40.595527],[-74.162275,40.597416],[-74.162816,40.600264],[-74.16317,40.601609],[-74.163159,40.602102],[-74.163099,40.60233],[-74.162198,40.604826],[-74.16212,40.605311],[-74.162155,40.606148],[-74.16235,40.60707],[-74.162415,40.607162],[-74.162424,40.607172],[-74.162431,40.607177],[-74.162437,40.607176],[-74.162442,40.60717],[-74.162445,40.607158],[-74.162463,40.607073],[-74.16237,40.60637],[-74.162343,40.605935],[-74.16232,40.605331],[-74.162352,40.605099],[-74.162431,40.604786],[-74.163314,40.602369],[-74.163382,40.602089],[-74.1634,40.601854],[-74.163374,40.601576],[-74.163278,40.601138],[-74.162996,40.600179],[-74.162467,40.59734],[-74.162078,40.595559],[-74.162001,40.595037],[-74.162009,40.594816],[-74.162061,40.594548],[-74.162129,40.594314],[-74.162413,40.59361],[-74.162569,40.593377],[-74.162861,40.593024],[-74.163061,40.592842],[-74.165948,40.590724],[-74.166171,40.590536],[-74.167142,40.589555],[-74.167658,40.588988]]}},{"type":"Feature","properties":{"mode":"bus","n":9,"arr":["S44","S59","S89","S94","SIM4","SIM4C","SIM8","SIM33","SIM33C"],"lines":"S44, S59, S89, S94, SIM4, SIM4C, SIM8, SIM33, SIM33C"},"geometry":{"type":"LineString","coordinates":[[-74.162438,40.607194],[-74.162451,40.607514],[-74.162418,40.607779],[-74.162251,40.608115],[-74.162057,40.60832],[-74.161939,40.608409],[-74.161124,40.608865],[-74.160898,40.609015],[-74.160768,40.609141],[-74.16057,40.609406],[-74.160402,40.609807],[-74.16031,40.609854],[-74.160291,40.609892],[-74.159702,40.611232],[-74.159703,40.611342],[-74.159225,40.612391],[-74.15905,40.612651],[-74.157943,40.613856],[-74.157803,40.614053],[-74.157426,40.614953],[-74.157209,40.615387]]}},{"type":"Feature","properties":{"mode":"bus","n":7,"arr":["S44","S59","S89","S94","SIM8","SIM33","SIM33C"],"lines":"S44, S59, S89, S94, SIM8, SIM33, SIM33C"},"geometry":{"type":"LineString","coordinates":[[-74.157209,40.615387],[-74.15678,40.616321]]}},{"type":"Feature","properties":{"mode":"bus","n":6,"arr":["S44","S59","S89","S94","SIM33","SIM33C"],"lines":"S44, S59, S89, S94, SIM33, SIM33C"},"geometry":{"type":"LineString","coordinates":[[-74.15678,40.616321],[-74.156393,40.61695],[-74.156402,40.617059],[-74.155914,40.617872],[-74.155751,40.617965]]}},{"type":"Feature","properties":{"mode":"bus","n":9,"arr":["S44","S59","S89","S94","SIM3","SIM3C","SIM33","SIM33C","SIM34"],"lines":"S44, S59, S89, S94, SIM3, SIM3C, SIM33, SIM33C, SIM34"},"geometry":{"type":"LineString","coordinates":[[-74.155751,40.617965],[-74.155242,40.618431],[-74.155053,40.618505],[-74.154835,40.618723],[-74.15481,40.618824],[-74.153647,40.619869],[-74.150914,40.62161],[-74.150756,40.621678],[-74.150039,40.622337],[-74.150011,40.622426],[-74.14992,40.622514],[-74.149431,40.62295],[-74.14923,40.623197],[-74.149125,40.623503],[-74.149002,40.624182],[-74.148926,40.624247],[-74.148743,40.625056]]}},{"type":"Feature","properties":{"mode":"bus","n":10,"arr":["S44","S48","S59","S89","S94","S98","SIM3","SIM3C","SIM30","SIM33"],"lines":"S44, S48, S59, S89, S94, S98, SIM3, SIM3C, SIM30, SIM33"},"geometry":{"type":"LineString","coordinates":[[-74.148743,40.625056],[-74.148761,40.625148]]}},{"type":"Feature","properties":{"mode":"bus","n":6,"arr":["S44","S59","S94","SIM3","SIM3C","SIM35"],"lines":"S44, S59, S94, SIM3, SIM3C, SIM35"},"geometry":{"type":"LineString","coordinates":[[-74.136114,40.633963],[-74.136541,40.633343],[-74.13706,40.63284],[-74.13894,40.631042],[-74.140595,40.629666]]}},{"type":"Feature","properties":{"mode":"bus","n":6,"arr":["S44","S59","S61","S91","S94","SIM4"],"lines":"S44, S59, S61, S91, S94, SIM4"},"geometry":{"type":"LineString","coordinates":[[-74.169827,40.577654],[-74.169765,40.577436],[-74.169784,40.576967]]}},{"type":"Feature","properties":{"mode":"bus","n":8,"arr":["S46","S48","S96","S98","SIM30","SIM33","SIM33C","SIM34"],"lines":"S46, S48, S96, S98, SIM30, SIM33, SIM33C, SIM34"},"geometry":{"type":"LineString","coordinates":[[-74.16655,40.627371],[-74.165474,40.627157]]}},{"type":"Feature","properties":{"mode":"bus","n":7,"arr":["S46","S53","S66","S96","SIM3","SIM3C","SIM35"],"lines":"S46, S53, S66, S96, SIM3, SIM3C, SIM35"},"geometry":{"type":"LineString","coordinates":[[-74.129516,40.633705],[-74.130832,40.634152],[-74.134669,40.636011],[-74.134768,40.636025]]}},{"type":"Feature","properties":{"mode":"bus","n":9,"arr":["S46","S48","S61","S62","S66","S91","S92","S96","S98"],"lines":"S46, S48, S61, S62, S66, S91, S92, S96, S98"},"geometry":{"type":"LineString","coordinates":[[-74.085751,40.633969],[-74.084739,40.635155],[-74.084466,40.635395],[-74.084208,40.635554],[-74.083022,40.636031],[-74.08171,40.636663],[-74.079208,40.638115],[-74.078912,40.63826],[-74.078626,40.6383],[-74.078478,40.638298],[-74.077934,40.63811]]}},{"type":"Feature","properties":{"mode":"bus","n":10,"arr":["S46","S48","S61","S62","S66","S78","S91","S92","S96","S98"],"lines":"S46, S48, S61, S62, S66, S78, S91, S92, S96, S98"},"geometry":{"type":"LineString","coordinates":[[-74.077934,40.63811],[-74.076832,40.63776],[-74.076176,40.637754],[-74.076012,40.637777]]}},{"type":"Feature","properties":{"mode":"bus","n":16,"arr":["S46","S48","S51","S61","S62","S66","S74","S76","S78","S81","S84","S86","S91","S92","S96","S98"],"lines":"S46, S48, S51, S61, S62, S66, S74, S76, S78, S81, S84, S86, S91, S92, S96, S98"},"geometry":{"type":"LineString","coordinates":[[-74.075516,40.639629],[-74.076012,40.637777]]}},{"type":"Feature","properties":{"mode":"bus","n":16,"arr":["S46","S48","S51","S61","S62","S66","S74","S76","S78","S81","S84","S86","S91","S92","S96","S98"],"lines":"S46, S48, S51, S61, S62, S66, S74, S76, S78, S81, S84, S86, S91, S92, S96, S98"},"geometry":{"type":"LineString","coordinates":[[-74.074659,40.643136],[-74.074594,40.643032]]}},{"type":"Feature","properties":{"mode":"bus","n":13,"arr":["S46","S48","S51","S61","S62","S66","S74","S76","S78","S91","S92","S96","S98"],"lines":"S46, S48, S51, S61, S62, S66, S74, S76, S78, S91, S92, S96, S98"},"geometry":{"type":"LineString","coordinates":[[-74.072577,40.643426],[-74.072413,40.6432],[-74.07237,40.642967]]}},{"type":"Feature","properties":{"mode":"bus","n":8,"arr":["S46","S48","S51","S74","S76","S78","S96","S98"],"lines":"S46, S48, S51, S74, S76, S78, S96, S98"},"geometry":{"type":"LineString","coordinates":[[-74.072684,40.643547],[-74.072577,40.643426]]}},{"type":"Feature","properties":{"mode":"bus","n":6,"arr":["S46","S48","S74","S78","S96","S98"],"lines":"S46, S48, S74, S78, S96, S98"},"geometry":{"type":"LineString","coordinates":[[-74.074323,40.643128],[-74.072847,40.643666],[-74.07282,40.643672],[-74.072797,40.643667],[-74.072777,40.643652],[-74.072684,40.643547]]}},{"type":"Feature","properties":{"mode":"bus","n":12,"arr":["S46","S48","S62","S66","S74","S76","S78","S84","S86","S92","S96","S98"],"lines":"S46, S48, S62, S66, S74, S76, S78, S84, S86, S92, S96, S98"},"geometry":{"type":"LineString","coordinates":[[-74.074594,40.643032],[-74.074323,40.643128]]}},{"type":"Feature","properties":{"mode":"bus","n":6,"arr":["S48","S98","SIM30","SIM33","SIM33C","SIM34"],"lines":"S48, S98, SIM30, SIM33, SIM33C, SIM34"},"geometry":{"type":"LineString","coordinates":[[-74.165474,40.627157],[-74.164732,40.627017],[-74.164557,40.627024],[-74.163998,40.626949],[-74.163928,40.6269],[-74.159409,40.626417],[-74.157826,40.626218],[-74.156685,40.626051],[-74.1566,40.625993],[-74.155611,40.625848],[-74.15551,40.625884],[-74.15452,40.625754],[-74.151359,40.62544],[-74.151304,40.625388],[-74.148874,40.625073]]}},{"type":"Feature","properties":{"mode":"bus","n":8,"arr":["S48","S59","S94","S98","SIM30","SIM33","SIM33C","SIM34"],"lines":"S48, S59, S94, S98, SIM30, SIM33, SIM33C, SIM34"},"geometry":{"type":"LineString","coordinates":[[-74.148874,40.625073],[-74.148743,40.625056]]}},{"type":"Feature","properties":{"mode":"bus","n":6,"arr":["S48","S59","S98","SIM3","SIM3C","SIM30"],"lines":"S48, S59, S98, SIM3, SIM3C, SIM30"},"geometry":{"type":"LineString","coordinates":[[-74.148761,40.625148],[-74.146807,40.624966],[-74.146682,40.624901],[-74.144018,40.62499]]}},{"type":"Feature","properties":{"mode":"bus","n":5,"arr":["S48","S57","S98","SIM30","SIM35"],"lines":"S48, S57, S98, SIM30, SIM35"},"geometry":{"type":"LineString","coordinates":[[-74.14128,40.624594],[-74.144018,40.62499]]}},{"type":"Feature","properties":{"mode":"bus","n":8,"arr":["S48","S61","S62","S66","S91","S92","S98","SIM30"],"lines":"S48, S61, S62, S66, S91, S92, S98, SIM30"},"geometry":{"type":"LineString","coordinates":[[-74.088905,40.630295],[-74.088554,40.630568],[-74.088122,40.631037],[-74.085751,40.633969]]}},{"type":"Feature","properties":{"mode":"bus","n":6,"arr":["S48","S59","S94","S98","SIM30","SIM33"],"lines":"S48, S59, S94, S98, SIM30, SIM33"},"geometry":{"type":"LineString","coordinates":[[-74.148874,40.625073],[-74.148761,40.625148]]}},{"type":"Feature","properties":{"mode":"bus","n":6,"arr":["S51","S74","S76","S84","S86","SIM15"],"lines":"S51, S74, S76, S84, S86, SIM15"},"geometry":{"type":"LineString","coordinates":[[-74.110285,40.582217],[-74.111193,40.581858],[-74.11221,40.581267]]}},{"type":"Feature","properties":{"mode":"bus","n":5,"arr":["S51","S81","SIM5","SIM6","SIM9"],"lines":"S51, S81, SIM5, SIM6, SIM9"},"geometry":{"type":"LineString","coordinates":[[-74.077785,40.579349],[-74.079097,40.578185],[-74.079594,40.57782],[-74.084305,40.575096],[-74.088489,40.572602],[-74.088857,40.572295],[-74.090308,40.570846],[-74.090329,40.570832],[-74.090351,40.57083],[-74.090376,40.570838],[-74.097041,40.574466],[-74.097647,40.574758],[-74.0982,40.575101],[-74.099931,40.576035],[-74.100224,40.576236],[-74.100451,40.576445],[-74.10115,40.577332],[-74.102311,40.577958]]}},{"type":"Feature","properties":{"mode":"bus","n":5,"arr":["S51","S81","SIM5","SIM6","SIM9"],"lines":"S51, S81, SIM5, SIM6, SIM9"},"geometry":{"type":"LineString","coordinates":[[-74.063812,40.598929],[-74.061983,40.596629],[-74.061909,40.596491],[-74.061917,40.596344],[-74.062027,40.596179],[-74.062478,40.595855],[-74.062934,40.595245],[-74.062991,40.594977],[-74.063051,40.593806],[-74.063369,40.59305],[-74.063456,40.59291],[-74.064218,40.592406],[-74.064871,40.591919],[-74.066689,40.590393]]}},{"type":"Feature","properties":{"mode":"bus","n":5,"arr":["S51","S52","SIM5","SIM6","SIM9"],"lines":"S51, S52, SIM5, SIM6, SIM9"},"geometry":{"type":"LineString","coordinates":[[-74.066566,40.590311],[-74.06913,40.587793],[-74.071338,40.585068],[-74.071622,40.584824],[-74.072494,40.584194],[-74.073344,40.583418],[-74.075189,40.581494],[-74.077787,40.579172]]}},{"type":"Feature","properties":{"mode":"bus","n":5,"arr":["S51","S52","S76","S81","S86"],"lines":"S51, S52, S76, S81, S86"},"geometry":{"type":"LineString","coordinates":[[-74.075947,40.627174],[-74.075649,40.626671]]}},{"type":"Feature","properties":{"mode":"bus","n":6,"arr":["S51","S74","S76","S81","S84","S86"],"lines":"S51, S74, S76, S81, S84, S86"},"geometry":{"type":"LineString","coordinates":[[-74.075492,40.635081],[-74.075259,40.634403],[-74.075233,40.634221],[-74.075226,40.634204],[-74.075212,40.634193],[-74.075189,40.634189],[-74.075156,40.634186],[-74.075133,40.634182],[-74.07512,40.634171],[-74.075114,40.634154],[-74.075089,40.633706],[-74.075112,40.633534],[-74.075289,40.633123],[-74.075649,40.632442],[-74.075924,40.632038],[-74.076077,40.631723],[-74.076374,40.631271],[-74.076535,40.63095],[-74.076751,40.630147],[-74.076331,40.627856],[-74.075947,40.627174]]}},{"type":"Feature","properties":{"mode":"bus","n":6,"arr":["S51","S74","S76","S81","S84","S86"],"lines":"S51, S74, S76, S81, S84, S86"},"geometry":{"type":"LineString","coordinates":[[-74.074253,40.643008],[-74.073305,40.643334]]}},{"type":"Feature","properties":{"mode":"bus","n":7,"arr":["S51","S74","S76","S78","S81","S84","S86"],"lines":"S51, S74, S76, S78, S81, S84, S86"},"geometry":{"type":"LineString","coordinates":[[-74.076012,40.637777],[-74.076253,40.636886],[-74.07626,40.636764],[-74.075849,40.635942],[-74.07583,40.635818],[-74.075657,40.635491],[-74.075492,40.635081]]}},{"type":"Feature","properties":{"mode":"bus","n":8,"arr":["S51","S61","S74","S76","S81","S84","S86","S91"],"lines":"S51, S61, S74, S76, S81, S84, S86, S91"},"geometry":{"type":"LineString","coordinates":[[-74.074523,40.642916],[-74.074253,40.643008]]}},{"type":"Feature","properties":{"mode":"bus","n":11,"arr":["S51","S61","S62","S66","S74","S76","S81","S84","S86","S91","S92"],"lines":"S51, S61, S62, S66, S74, S76, S81, S84, S86, S91, S92"},"geometry":{"type":"LineString","coordinates":[[-74.074594,40.643032],[-74.074523,40.642916]]}},{"type":"Feature","properties":{"mode":"bus","n":6,"arr":["S51","S52","S81","SIM5","SIM6","SIM9"],"lines":"S51, S52, S81, SIM5, SIM6, SIM9"},"geometry":{"type":"LineString","coordinates":[[-74.066689,40.590393],[-74.069295,40.587813],[-74.07147,40.585125],[-74.071741,40.584899],[-74.07242,40.584419],[-74.072805,40.58409],[-74.073651,40.583301],[-74.075327,40.581544],[-74.077785,40.579349]]}},{"type":"Feature","properties":{"mode":"bus","n":8,"arr":["S51","S79-SBS","S81","SIM1","SIM1C","SIM7","SIM10","SIM11"],"lines":"S51, S79-SBS, S81, SIM1, SIM1C, SIM7, SIM10, SIM11"},"geometry":{"type":"LineString","coordinates":[[-74.102311,40.577958],[-74.102436,40.577909],[-74.102518,40.577813],[-74.10254,40.577717]]}},{"type":"Feature","properties":{"mode":"bus","n":12,"arr":["S51","S78","S79-SBS","S81","SIM1","SIM1C","SIM5","SIM6","SIM7","SIM9","SIM10","SIM11"],"lines":"S51, S78, S79-SBS, S81, SIM1, SIM1C, SIM5, SIM6, SIM7, SIM9, SIM10, SIM11"},"geometry":{"type":"LineString","coordinates":[[-74.10254,40.577717],[-74.103568,40.57664],[-74.10376,40.576531]]}},{"type":"Feature","properties":{"mode":"bus","n":5,"arr":["S52","S74","S78","S84","SIM30"],"lines":"S52, S74, S78, S84, SIM30"},"geometry":{"type":"LineString","coordinates":[[-74.079777,40.6249],[-74.078255,40.626509],[-74.077897,40.62694],[-74.077867,40.626965],[-74.077825,40.626977],[-74.076453,40.627139]]}},{"type":"Feature","properties":{"mode":"bus","n":8,"arr":["S53","S93","SIM2","SIM3C","SIM4","SIM4C","SIM33C","SIM35"],"lines":"S53, S93, SIM2, SIM3C, SIM4, SIM4C, SIM33C, SIM35"},"geometry":{"type":"LineString","coordinates":[[-74.093691,40.609936],[-74.094642,40.610143],[-74.095433,40.610249],[-74.096386,40.6103],[-74.097411,40.610265]]}},{"type":"Feature","properties":{"mode":"bus","n":5,"arr":["S53","S93","SIM3C","SIM33C","SIM35"],"lines":"S53, S93, SIM3C, SIM33C, SIM35"},"geometry":{"type":"LineString","coordinates":[[-74.091608,40.609164],[-74.092871,40.609679],[-74.093691,40.609936]]}},{"type":"Feature","properties":{"mode":"bus","n":5,"arr":["S53","S93","SIM3C","SIM33C","SIM35"],"lines":"S53, S93, SIM3C, SIM33C, SIM35"},"geometry":{"type":"LineString","coordinates":[[-74.097017,40.611011],[-74.096014,40.611013],[-74.095317,40.610962],[-74.094547,40.610861],[-74.093631,40.610687],[-74.093042,40.610527],[-74.09244,40.61033],[-74.090109,40.609413]]}},{"type":"Feature","properties":{"mode":"bus","n":8,"arr":["S53","S78","S79-SBS","SIM1","SIM1C","SIM7","SIM10","SIM11"],"lines":"S53, S78, S79-SBS, SIM1, SIM1C, SIM7, SIM10, SIM11"},"geometry":{"type":"LineString","coordinates":[[-74.078486,40.598429],[-74.080249,40.598543],[-74.080971,40.598568],[-74.081367,40.598554],[-74.081699,40.598511]]}},{"type":"Feature","properties":{"mode":"bus","n":17,"arr":["S53","S79-SBS","S93","SIM1","SIM1C","SIM3C","SIM4","SIM4C","SIM5","SIM6","SIM7","SIM9","SIM10","SIM11","SIM15","SIM33C","SIM35"],"lines":"S53, S79-SBS, S93, SIM1, SIM1C, SIM3C, SIM4, SIM4C, SIM5, SIM6, SIM7, SIM9, SIM10, SIM11, SIM15, SIM33C, SIM35"},"geometry":{"type":"LineString","coordinates":[[-74.060427,40.601759],[-74.062358,40.601717],[-74.06294,40.601761],[-74.063518,40.601851],[-74.063767,40.60191],[-74.065201,40.602339]]}},{"type":"Feature","properties":{"mode":"bus","n":23,"arr":["S53","S79-SBS","S93","SIM1","SIM1C","SIM2","SIM3","SIM3C","SIM4","SIM4C","SIM5","SIM6","SIM7","SIM9","SIM10","SIM11","SIM15","SIM31","SIM32","SIM33","SIM33C","SIM34","SIM35"],"lines":"S53, S79-SBS, S93, SIM1, SIM1C, SIM2, SIM3, SIM3C, SIM4, SIM4C, SIM5, SIM6, SIM7, SIM9, SIM10, SIM11, SIM15, SIM31, SIM32, SIM33, SIM33C, SIM34, SIM35"},"geometry":{"type":"LineString","coordinates":[[-74.029019,40.612377],[-74.02927,40.61208],[-74.029516,40.61184],[-74.029872,40.611554],[-74.030207,40.611328],[-74.030693,40.611043],[-74.030938,40.610926],[-74.031471,40.610727],[-74.034367,40.609859],[-74.058808,40.601958],[-74.059514,40.60181],[-74.059814,40.601779],[-74.060427,40.601759]]}},{"type":"Feature","properties":{"mode":"bus","n":23,"arr":["S53","S79-SBS","S93","SIM1","SIM1C","SIM2","SIM3","SIM3C","SIM4","SIM4C","SIM5","SIM6","SIM7","SIM9","SIM10","SIM11","SIM15","SIM31","SIM32","SIM33","SIM33C","SIM34","SIM35"],"lines":"S53, S79-SBS, S93, SIM1, SIM1C, SIM2, SIM3, SIM3C, SIM4, SIM4C, SIM5, SIM6, SIM7, SIM9, SIM10, SIM11, SIM15, SIM31, SIM32, SIM33, SIM33C, SIM34, SIM35"},"geometry":{"type":"LineString","coordinates":[[-74.065458,40.603047],[-74.064362,40.60276],[-74.062335,40.602358],[-74.061196,40.602171],[-74.060345,40.602079],[-74.059778,40.602065],[-74.059221,40.602112],[-74.058746,40.602201],[-74.057945,40.602415],[-74.038836,40.608589],[-74.034325,40.610026],[-74.032014,40.610803],[-74.031831,40.610879],[-74.031667,40.610986],[-74.031053,40.611496],[-74.03072,40.611861],[-74.029885,40.612949]]}},{"type":"Feature","properties":{"mode":"bus","n":17,"arr":["S53","S79-SBS","S93","SIM1","SIM1C","SIM3","SIM3C","SIM5","SIM6","SIM7","SIM9","SIM10","SIM11","SIM31","SIM32","SIM33","SIM33C"],"lines":"S53, S79-SBS, S93, SIM1, SIM1C, SIM3, SIM3C, SIM5, SIM6, SIM7, SIM9, SIM10, SIM11, SIM31, SIM32, SIM33, SIM33C"},"geometry":{"type":"LineString","coordinates":[[-74.029582,40.613392],[-74.028282,40.614796],[-74.026836,40.616455],[-74.026697,40.616537]]}},{"type":"Feature","properties":{"mode":"bus","n":8,"arr":["SIM1","SIM1C","SIM3C","SIM5","SIM7","SIM9","SIM33","SIM33C"],"lines":"SIM1, SIM1C, SIM3C, SIM5, SIM7, SIM9, SIM33, SIM33C"},"geometry":{"type":"LineString","coordinates":[[-74.029885,40.612949],[-74.029582,40.613392]]}},{"type":"Feature","properties":{"mode":"bus","n":6,"arr":["SIM2","SIM4","SIM4C","SIM15","SIM34","SIM35"],"lines":"SIM2, SIM4, SIM4C, SIM15, SIM34, SIM35"},"geometry":{"type":"LineString","coordinates":[[-74.029046,40.61376],[-74.028127,40.614468],[-74.026598,40.616047],[-74.026413,40.616144],[-74.022735,40.620564],[-74.021864,40.621532],[-74.020193,40.623495],[-74.019529,40.624438],[-74.019241,40.624901],[-74.019042,40.625282]]}},{"type":"Feature","properties":{"mode":"bus","n":15,"arr":["S53","S79-SBS","S93","SIM2","SIM3","SIM4","SIM4C","SIM6","SIM10","SIM11","SIM15","SIM31","SIM32","SIM34","SIM35"],"lines":"S53, S79-SBS, S93, SIM2, SIM3, SIM4, SIM4C, SIM6, SIM10, SIM11, SIM15, SIM31, SIM32, SIM34, SIM35"},"geometry":{"type":"LineString","coordinates":[[-74.029885,40.612949],[-74.029513,40.613354],[-74.029046,40.61376]]}},{"type":"Feature","properties":{"mode":"bus","n":6,"arr":["S53","S93","SIM3C","SIM15","SIM33C","SIM35"],"lines":"S53, S93, SIM3C, SIM15, SIM33C, SIM35"},"geometry":{"type":"LineString","coordinates":[[-74.090109,40.609413],[-74.088379,40.60874]]}},{"type":"Feature","properties":{"mode":"bus","n":5,"arr":["S54","S59","S78","S89","SIM22"],"lines":"S54, S59, S78, S89, SIM22"},"geometry":{"type":"LineString","coordinates":[[-74.154049,40.534139],[-74.154277,40.533891]]}},{"type":"Feature","properties":{"mode":"bus","n":6,"arr":["S54","S59","S78","S89","SIM9","SIM22"],"lines":"S54, S59, S78, S89, SIM9, SIM22"},"geometry":{"type":"LineString","coordinates":[[-74.153935,40.534255],[-74.154049,40.534139]]}},{"type":"Feature","properties":{"mode":"bus","n":8,"arr":["S54","S78","S79-SBS","SIM1","SIM1C","SIM7","SIM9","SIM10"],"lines":"S54, S78, S79-SBS, SIM1, SIM1C, SIM7, SIM9, SIM10"},"geometry":{"type":"LineString","coordinates":[[-74.145869,40.542392],[-74.147138,40.540921],[-74.14949,40.53809],[-74.152085,40.535882],[-74.153935,40.534255]]}},{"type":"Feature","properties":{"mode":"bus","n":8,"arr":["S54","S78","S79-SBS","SIM1","SIM1C","SIM7","SIM9","SIM10"],"lines":"S54, S78, S79-SBS, SIM1, SIM1C, SIM7, SIM9, SIM10"},"geometry":{"type":"LineString","coordinates":[[-74.145958,40.542464],[-74.148745,40.539134],[-74.14959,40.538159],[-74.154022,40.534302]]}},{"type":"Feature","properties":{"mode":"bus","n":5,"arr":["S54","SIM31","SIM32","SIM33","SIM33C"],"lines":"S54, SIM31, SIM32, SIM33, SIM33C"},"geometry":{"type":"LineString","coordinates":[[-74.121166,40.608844],[-74.121276,40.609373]]}},{"type":"Feature","properties":{"mode":"bus","n":5,"arr":["S54","SIM31","SIM32","SIM33","SIM33C"],"lines":"S54, SIM31, SIM32, SIM33, SIM33C"},"geometry":{"type":"LineString","coordinates":[[-74.121445,40.610184],[-74.121351,40.61021]]}},{"type":"Feature","properties":{"mode":"bus","n":10,"arr":["S54","S59","S78","S79-SBS","S89","SIM1","SIM1C","SIM7","SIM10","SIM22"],"lines":"S54, S59, S78, S79-SBS, S89, SIM1, SIM1C, SIM7, SIM10, SIM22"},"geometry":{"type":"LineString","coordinates":[[-74.154022,40.534302],[-74.153935,40.534255]]}},{"type":"Feature","properties":{"mode":"bus","n":5,"arr":["S55","S56","S59","S78","SIM2"],"lines":"S55, S56, S59, S78, SIM2"},"geometry":{"type":"LineString","coordinates":[[-74.197128,40.519134],[-74.196509,40.519306],[-74.195967,40.519551],[-74.192939,40.52142],[-74.1925,40.521661],[-74.188594,40.523089]]}},{"type":"Feature","properties":{"mode":"bus","n":6,"arr":["S55","S56","S59","S78","SIM2","SIM24"],"lines":"S55, S56, S59, S78, SIM2, SIM24"},"geometry":{"type":"LineString","coordinates":[[-74.188475,40.523132],[-74.188594,40.523089]]}},{"type":"Feature","properties":{"mode":"bus","n":8,"arr":["S55","S56","S74","S84","SIM4","SIM4C","SIM8","SIM22"],"lines":"S55, S56, S74, S84, SIM4, SIM4C, SIM8, SIM22"},"geometry":{"type":"LineString","coordinates":[[-74.177623,40.563786],[-74.177203,40.563521],[-74.17656,40.563215],[-74.176296,40.563121],[-74.176039,40.56306],[-74.17517,40.562914],[-74.174888,40.562826],[-74.173617,40.562321],[-74.173421,40.562279],[-74.17253,40.561879],[-74.171889,40.561554],[-74.171558,40.561419],[-74.171256,40.561326]]}},{"type":"Feature","properties":{"mode":"bus","n":18,"arr":["S55","S56","S59","S74","S84","S89","SIM1","SIM1C","SIM4","SIM4C","SIM5","SIM6","SIM7","SIM8","SIM10","SIM15","SIM22","SIM31"],"lines":"S55, S56, S59, S74, S84, S89, SIM1, SIM1C, SIM4, SIM4C, SIM5, SIM6, SIM7, SIM8, SIM10, SIM15, SIM22, SIM31"},"geometry":{"type":"LineString","coordinates":[[-74.171256,40.561326],[-74.17083,40.561232]]}},{"type":"Feature","properties":{"mode":"bus","n":18,"arr":["S55","S56","S59","S74","S84","S89","SIM1","SIM1C","SIM4","SIM4C","SIM5","SIM6","SIM7","SIM8","SIM10","SIM15","SIM22","SIM31"],"lines":"S55, S56, S59, S74, S84, S89, SIM1, SIM1C, SIM4, SIM4C, SIM5, SIM6, SIM7, SIM8, SIM10, SIM15, SIM22, SIM31"},"geometry":{"type":"LineString","coordinates":[[-74.171082,40.561104],[-74.171048,40.561276]]}},{"type":"Feature","properties":{"mode":"bus","n":19,"arr":["S55","S56","S59","S74","S79-SBS","S84","S89","SIM1","SIM1C","SIM4","SIM4C","SIM5","SIM6","SIM7","SIM8","SIM10","SIM15","SIM22","SIM31"],"lines":"S55, S56, S59, S74, S79-SBS, S84, S89, SIM1, SIM1C, SIM4, SIM4C, SIM5, SIM6, SIM7, SIM8, SIM10, SIM15, SIM22, SIM31"},"geometry":{"type":"LineString","coordinates":[[-74.171075,40.561015],[-74.171082,40.561104]]}},{"type":"Feature","properties":{"mode":"bus","n":19,"arr":["S55","S56","S59","S74","S79-SBS","S84","S89","SIM1","SIM1C","SIM4","SIM4C","SIM5","SIM6","SIM7","SIM8","SIM10","SIM15","SIM22","SIM31"],"lines":"S55, S56, S59, S74, S79-SBS, S84, S89, SIM1, SIM1C, SIM4, SIM4C, SIM5, SIM6, SIM7, SIM8, SIM10, SIM15, SIM22, SIM31"},"geometry":{"type":"LineString","coordinates":[[-74.169809,40.561074],[-74.17083,40.561232]]}},{"type":"Feature","properties":{"mode":"bus","n":12,"arr":["S55","S56","S59","S74","S79-SBS","S84","S89","SIM4","SIM4C","SIM8","SIM15","SIM22"],"lines":"S55, S56, S59, S74, S79-SBS, S84, S89, SIM4, SIM4C, SIM8, SIM15, SIM22"},"geometry":{"type":"LineString","coordinates":[[-74.170981,40.560704],[-74.171075,40.561015]]}},{"type":"Feature","properties":{"mode":"bus","n":16,"arr":["S55","S56","S59","S74","S84","S89","SIM1","SIM1C","SIM4","SIM4C","SIM5","SIM6","SIM7","SIM8","SIM10","SIM22"],"lines":"S55, S56, S59, S74, S84, S89, SIM1, SIM1C, SIM4, SIM4C, SIM5, SIM6, SIM7, SIM8, SIM10, SIM22"},"geometry":{"type":"LineString","coordinates":[[-74.170907,40.560386],[-74.170981,40.560704]]}},{"type":"Feature","properties":{"mode":"bus","n":17,"arr":["S55","S56","S59","S74","S84","S89","SIM1","SIM1C","SIM4","SIM4C","SIM5","SIM6","SIM7","SIM8","SIM10","SIM22","SIM31"],"lines":"S55, S56, S59, S74, S84, S89, SIM1, SIM1C, SIM4, SIM4C, SIM5, SIM6, SIM7, SIM8, SIM10, SIM22, SIM31"},"geometry":{"type":"LineString","coordinates":[[-74.170907,40.560386],[-74.170894,40.560327]]}},{"type":"Feature","properties":{"mode":"bus","n":9,"arr":["S55","S56","S74","S84","SIM4","SIM4C","SIM8","SIM22","SIM31"],"lines":"S55, S56, S74, S84, SIM4, SIM4C, SIM8, SIM22, SIM31"},"geometry":{"type":"LineString","coordinates":[[-74.170894,40.560327],[-74.170804,40.560071]]}},{"type":"Feature","properties":{"mode":"bus","n":9,"arr":["S55","S56","S74","S84","SIM4","SIM4C","SIM8","SIM22","SIM31"],"lines":"S55, S56, S74, S84, SIM4, SIM4C, SIM8, SIM22, SIM31"},"geometry":{"type":"LineString","coordinates":[[-74.16974,40.560258],[-74.170464,40.560164],[-74.170698,40.560111],[-74.170911,40.560015],[-74.171126,40.559822]]}},{"type":"Feature","properties":{"mode":"bus","n":16,"arr":["S55","S56","S59","S74","S79-SBS","S84","S89","SIM1","SIM1C","SIM4","SIM4C","SIM7","SIM8","SIM10","SIM22","SIM31"],"lines":"S55, S56, S59, S74, S79-SBS, S84, S89, SIM1, SIM1C, SIM4, SIM4C, SIM7, SIM8, SIM10, SIM22, SIM31"},"geometry":{"type":"LineString","coordinates":[[-74.16974,40.560258],[-74.16976,40.560357]]}},{"type":"Feature","properties":{"mode":"bus","n":18,"arr":["S55","S56","S59","S74","S79-SBS","S84","S89","SIM1","SIM1C","SIM4","SIM4C","SIM5","SIM6","SIM7","SIM8","SIM10","SIM22","SIM31"],"lines":"S55, S56, S59, S74, S79-SBS, S84, S89, SIM1, SIM1C, SIM4, SIM4C, SIM5, SIM6, SIM7, SIM8, SIM10, SIM22, SIM31"},"geometry":{"type":"LineString","coordinates":[[-74.16976,40.560357],[-74.169809,40.560755],[-74.169809,40.561074]]}},{"type":"Feature","properties":{"mode":"bus","n":9,"arr":["S55","S56","S59","S79-SBS","S89","SIM4","SIM4C","SIM8","SIM31"],"lines":"S55, S56, S59, S79-SBS, S89, SIM4, SIM4C, SIM8, SIM31"},"geometry":{"type":"LineString","coordinates":[[-74.169809,40.561074],[-74.169817,40.561916],[-74.169717,40.564075]]}},{"type":"Feature","properties":{"mode":"bus","n":9,"arr":["S55","S56","S59","S79-SBS","S89","SIM4","SIM4C","SIM8","SIM31"],"lines":"S55, S56, S59, S79-SBS, S89, SIM4, SIM4C, SIM8, SIM31"},"geometry":{"type":"LineString","coordinates":[[-74.169964,40.570924],[-74.169717,40.569132],[-74.169682,40.568669],[-74.169674,40.568291],[-74.169797,40.565285],[-74.169789,40.564753],[-74.169721,40.564111],[-74.16972,40.564101],[-74.169718,40.564095],[-74.169717,40.564093],[-74.169715,40.564095],[-74.169713,40.564101],[-74.169712,40.564111],[-74.169652,40.564519],[-74.169647,40.565486],[-74.169528,40.568285],[-74.16954,40.56919],[-74.169716,40.570951]]}},{"type":"Feature","properties":{"mode":"bus","n":8,"arr":["S55","S56","S79-SBS","S89","SIM4","SIM4C","SIM8","SIM31"],"lines":"S55, S56, S79-SBS, S89, SIM4, SIM4C, SIM8, SIM31"},"geometry":{"type":"LineString","coordinates":[[-74.169716,40.570951],[-74.169876,40.572576],[-74.169795,40.573971]]}},{"type":"Feature","properties":{"mode":"bus","n":8,"arr":["S55","S56","S79-SBS","S89","SIM4","SIM4C","SIM8","SIM31"],"lines":"S55, S56, S79-SBS, S89, SIM4, SIM4C, SIM8, SIM31"},"geometry":{"type":"LineString","coordinates":[[-74.169907,40.576978],[-74.169986,40.575703],[-74.169966,40.575251],[-74.170123,40.572557],[-74.169964,40.570924]]}},{"type":"Feature","properties":{"mode":"bus","n":9,"arr":["S55","S56","S61","S89","S91","SIM4","SIM4C","SIM8","SIM31"],"lines":"S55, S56, S61, S89, S91, SIM4, SIM4C, SIM8, SIM31"},"geometry":{"type":"LineString","coordinates":[[-74.162383,40.582327],[-74.163442,40.579491],[-74.163687,40.577785],[-74.163767,40.577473],[-74.163862,40.577346],[-74.164335,40.57686],[-74.164364,40.576841],[-74.164402,40.576835],[-74.164481,40.576838],[-74.164584,40.576871],[-74.168286,40.578848]]}},{"type":"Feature","properties":{"mode":"bus","n":9,"arr":["S55","S56","S61","S89","S91","SIM4","SIM4C","SIM8","SIM31"],"lines":"S55, S56, S61, S89, S91, SIM4, SIM4C, SIM8, SIM31"},"geometry":{"type":"LineString","coordinates":[[-74.16141,40.58364],[-74.161844,40.583198]]}},{"type":"Feature","properties":{"mode":"bus","n":7,"arr":["S61","S89","S91","SIM4","SIM4C","SIM8","SIM31"],"lines":"S61, S89, S91, SIM4, SIM4C, SIM8, SIM31"},"geometry":{"type":"LineString","coordinates":[[-74.160334,40.584795],[-74.161179,40.583879]]}},{"type":"Feature","properties":{"mode":"bus","n":7,"arr":["S61","S89","S91","SIM4","SIM4C","SIM8","SIM31"],"lines":"S61, S89, S91, SIM4, SIM4C, SIM8, SIM31"},"geometry":{"type":"LineString","coordinates":[[-74.16141,40.58364],[-74.161303,40.58375]]}},{"type":"Feature","properties":{"mode":"bus","n":7,"arr":["S61","S89","S91","SIM4","SIM4C","SIM8","SIM31"],"lines":"S61, S89, S91, SIM4, SIM4C, SIM8, SIM31"},"geometry":{"type":"LineString","coordinates":[[-74.16299,40.5863],[-74.160251,40.584752]]}},{"type":"Feature","properties":{"mode":"bus","n":9,"arr":["S55","S61","S79-SBS","S89","S91","SIM4","SIM4C","SIM8","SIM31"],"lines":"S55, S61, S79-SBS, S89, S91, SIM4, SIM4C, SIM8, SIM31"},"geometry":{"type":"LineString","coordinates":[[-74.161179,40.583879],[-74.161243,40.583812]]}},{"type":"Feature","properties":{"mode":"bus","n":10,"arr":["S55","S56","S61","S79-SBS","S89","S91","SIM4","SIM4C","SIM8","SIM31"],"lines":"S55, S56, S61, S79-SBS, S89, S91, SIM4, SIM4C, SIM8, SIM31"},"geometry":{"type":"LineString","coordinates":[[-74.161303,40.58375],[-74.161243,40.583812]]}},{"type":"Feature","properties":{"mode":"bus","n":10,"arr":["S55","S56","S61","S79-SBS","S89","S91","SIM4","SIM4C","SIM8","SIM31"],"lines":"S55, S56, S61, S79-SBS, S89, S91, SIM4, SIM4C, SIM8, SIM31"},"geometry":{"type":"LineString","coordinates":[[-74.161844,40.583198],[-74.162165,40.582796],[-74.162383,40.582327]]}},{"type":"Feature","properties":{"mode":"bus","n":7,"arr":["S55","S56","S79-SBS","S89","SIM4C","SIM8","SIM31"],"lines":"S55, S56, S79-SBS, S89, SIM4C, SIM8, SIM31"},"geometry":{"type":"LineString","coordinates":[[-74.169827,40.577654],[-74.169873,40.577444],[-74.169907,40.576978]]}},{"type":"Feature","properties":{"mode":"bus","n":5,"arr":["S56","S74","S84","SIM4C","SIM22"],"lines":"S56, S74, S84, SIM4C, SIM22"},"geometry":{"type":"LineString","coordinates":[[-74.197693,40.558909],[-74.19396,40.562175],[-74.193204,40.562609],[-74.192979,40.562675],[-74.19276,40.562682],[-74.191857,40.562526],[-74.191224,40.562538],[-74.190945,40.562587],[-74.190596,40.562762],[-74.189973,40.563317],[-74.189808,40.563424],[-74.189468,40.563585],[-74.189099,40.56369],[-74.187661,40.563956],[-74.187273,40.564054],[-74.186895,40.564183],[-74.185254,40.564549],[-74.184189,40.565173],[-74.183736,40.565338],[-74.183076,40.565467],[-74.182603,40.565495],[-74.182003,40.565431],[-74.181786,40.565379],[-74.181457,40.56526]]}},{"type":"Feature","properties":{"mode":"bus","n":6,"arr":["S56","S74","S84","SIM4C","SIM8","SIM22"],"lines":"S56, S74, S84, SIM4C, SIM8, SIM22"},"geometry":{"type":"LineString","coordinates":[[-74.181457,40.56526],[-74.179789,40.564629],[-74.178072,40.564026],[-74.177623,40.563786]]}},{"type":"Feature","properties":{"mode":"bus","n":10,"arr":["S57","S78","S79-SBS","SIM1","SIM1C","SIM5","SIM6","SIM7","SIM9","SIM10"],"lines":"S57, S78, S79-SBS, SIM1, SIM1C, SIM5, SIM6, SIM7, SIM9, SIM10"},"geometry":{"type":"LineString","coordinates":[[-74.116434,40.563955],[-74.117913,40.562472],[-74.12012,40.56044]]}},{"type":"Feature","properties":{"mode":"bus","n":10,"arr":["S57","S78","S79-SBS","SIM1","SIM1C","SIM5","SIM6","SIM7","SIM9","SIM10"],"lines":"S57, S78, S79-SBS, SIM1, SIM1C, SIM5, SIM6, SIM7, SIM9, SIM10"},"geometry":{"type":"LineString","coordinates":[[-74.116305,40.56388],[-74.117829,40.56239],[-74.119992,40.560363]]}},{"type":"Feature","properties":{"mode":"bus","n":5,"arr":["S57","S59","SIM3","SIM3C","SIM35"],"lines":"S57, S59, SIM3, SIM3C, SIM35"},"geometry":{"type":"LineString","coordinates":[[-74.134768,40.636025],[-74.136114,40.633963]]}},{"type":"Feature","properties":{"mode":"bus","n":11,"arr":["S57","S78","S79-SBS","SIM1","SIM1C","SIM5","SIM6","SIM7","SIM9","SIM10","SIM11"],"lines":"S57, S78, S79-SBS, SIM1, SIM1C, SIM5, SIM6, SIM7, SIM9, SIM10, SIM11"},"geometry":{"type":"LineString","coordinates":[[-74.113699,40.56647],[-74.116305,40.56388]]}},{"type":"Feature","properties":{"mode":"bus","n":5,"arr":["S59","S78","SIM2","SIM25","SIM26"],"lines":"S59, S78, SIM2, SIM25, SIM26"},"geometry":{"type":"LineString","coordinates":[[-74.230055,40.50774],[-74.230813,40.50754],[-74.233995,40.506444],[-74.234809,40.506215],[-74.251314,40.502894],[-74.251341,40.502893],[-74.251362,40.502901],[-74.251375,40.502919],[-74.251408,40.502994]]}},{"type":"Feature","properties":{"mode":"bus","n":9,"arr":["S59","S79-SBS","S89","SIM1","SIM1C","SIM7","SIM9","SIM10","SIM22"],"lines":"S59, S79-SBS, S89, SIM1, SIM1C, SIM7, SIM9, SIM10, SIM22"},"geometry":{"type":"LineString","coordinates":[[-74.154022,40.534302],[-74.15452,40.534573]]}},{"type":"Feature","properties":{"mode":"bus","n":8,"arr":["S59","S79-SBS","S89","SIM1","SIM1C","SIM7","SIM10","SIM22"],"lines":"S59, S79-SBS, S89, SIM1, SIM1C, SIM7, SIM10, SIM22"},"geometry":{"type":"LineString","coordinates":[[-74.15452,40.534573],[-74.157228,40.536078],[-74.157601,40.536326],[-74.157866,40.536549],[-74.163593,40.542642],[-74.164237,40.543304],[-74.16532,40.544316],[-74.165408,40.544464],[-74.165743,40.545398],[-74.166197,40.547111],[-74.166295,40.547323],[-74.16689,40.547847],[-74.166973,40.54797],[-74.16707,40.548205],[-74.167259,40.549167],[-74.16974,40.560258]]}},{"type":"Feature","properties":{"mode":"bus","n":5,"arr":["S59","S79-SBS","S89","SIM8","SIM15"],"lines":"S59, S79-SBS, S89, SIM8, SIM15"},"geometry":{"type":"LineString","coordinates":[[-74.171082,40.561104],[-74.170809,40.561064],[-74.170781,40.561064],[-74.170761,40.561073],[-74.170748,40.561091],[-74.1707,40.561207]]}},{"type":"Feature","properties":{"mode":"bus","n":10,"arr":["S59","S89","SIM1","SIM1C","SIM4","SIM4C","SIM5","SIM6","SIM7","SIM10"],"lines":"S59, S89, SIM1, SIM1C, SIM4, SIM4C, SIM5, SIM6, SIM7, SIM10"},"geometry":{"type":"LineString","coordinates":[[-74.16976,40.560357],[-74.170296,40.560464],[-74.170907,40.560386]]}},{"type":"Feature","properties":{"mode":"bus","n":8,"arr":["S61","S62","S91","S92","S93","SIM3","SIM3C","SIM34"],"lines":"S61, S62, S91, S92, S93, SIM3, SIM3C, SIM34"},"geometry":{"type":"LineString","coordinates":[[-74.130719,40.612558],[-74.130827,40.612607],[-74.130939,40.612599],[-74.131227,40.612575],[-74.131254,40.612568],[-74.131274,40.612553],[-74.13129,40.612538],[-74.13131,40.612523],[-74.131337,40.612516],[-74.132313,40.612433]]}},{"type":"Feature","properties":{"mode":"bus","n":9,"arr":["S61","S62","S66","S91","S92","S93","SIM3","SIM3C","SIM34"],"lines":"S61, S62, S66, S91, S92, S93, SIM3, SIM3C, SIM34"},"geometry":{"type":"LineString","coordinates":[[-74.116849,40.613528],[-74.122633,40.613071],[-74.124767,40.612944],[-74.129738,40.612536],[-74.130719,40.612558]]}},{"type":"Feature","properties":{"mode":"bus","n":6,"arr":["S61","S62","S66","S91","S92","S93"],"lines":"S61, S62, S66, S91, S92, S93"},"geometry":{"type":"LineString","coordinates":[[-74.10352,40.61642],[-74.103614,40.616335],[-74.103873,40.616221],[-74.104045,40.616151],[-74.104137,40.616147],[-74.1062,40.615261],[-74.108851,40.614655],[-74.111454,40.614107],[-74.11261,40.613895],[-74.11414,40.613744],[-74.116849,40.613528]]}},{"type":"Feature","properties":{"mode":"bus","n":5,"arr":["S61","S62","S66","S91","S92"],"lines":"S61, S62, S66, S91, S92"},"geometry":{"type":"LineString","coordinates":[[-74.088905,40.630295],[-74.089124,40.630149],[-74.089363,40.629899],[-74.090563,40.628037],[-74.091581,40.626546],[-74.092079,40.625897],[-74.093893,40.624381],[-74.099685,40.619653]]}},{"type":"Feature","properties":{"mode":"bus","n":5,"arr":["S61","S62","S66","S91","S92"],"lines":"S61, S62, S66, S91, S92"},"geometry":{"type":"LineString","coordinates":[[-74.074191,40.642887],[-74.072577,40.643426]]}},{"type":"Feature","properties":{"mode":"bus","n":5,"arr":["S61","SIM31","SIM32","SIM33","SIM33C"],"lines":"S61, SIM31, SIM32, SIM33, SIM33C"},"geometry":{"type":"LineString","coordinates":[[-74.140922,40.608102],[-74.132995,40.608508],[-74.132148,40.608571]]}},{"type":"Feature","properties":{"mode":"bus","n":5,"arr":["S61","SIM31","SIM32","SIM33","SIM33C"],"lines":"S61, SIM31, SIM32, SIM33, SIM33C"},"geometry":{"type":"LineString","coordinates":[[-74.132734,40.607725],[-74.140841,40.607299]]}},{"type":"Feature","properties":{"mode":"bus","n":6,"arr":["S61","SIM2","SIM31","SIM32","SIM33","SIM33C"],"lines":"S61, SIM2, SIM31, SIM32, SIM33, SIM33C"},"geometry":{"type":"LineString","coordinates":[[-74.132024,40.607764],[-74.132734,40.607725]]}},{"type":"Feature","properties":{"mode":"bus","n":5,"arr":["S62","S92","SIM32","SIM33","SIM33C"],"lines":"S62, S92, SIM32, SIM33, SIM33C"},"geometry":{"type":"LineString","coordinates":[[-74.153617,40.608809],[-74.160337,40.607458],[-74.162438,40.607194]]}},{"type":"Feature","properties":{"mode":"bus","n":6,"arr":["S62","S92","S93","SIM32","SIM33","SIM33C"],"lines":"S62, S92, S93, SIM32, SIM33, SIM33C"},"geometry":{"type":"LineString","coordinates":[[-74.149542,40.609634],[-74.153617,40.608809]]}},{"type":"Feature","properties":{"mode":"bus","n":7,"arr":["S74","S84","SIM2","SIM22","SIM23","SIM24","SIM25"],"lines":"S74, S84, SIM2, SIM22, SIM23, SIM24, SIM25"},"geometry":{"type":"LineString","coordinates":[[-74.207056,40.55753],[-74.206164,40.557502],[-74.205863,40.557464],[-74.205479,40.557382],[-74.205095,40.557252],[-74.204603,40.557029],[-74.204472,40.556947],[-74.204048,40.556595]]}},{"type":"Feature","properties":{"mode":"bus","n":6,"arr":["S74","S84","SIM2","SIM22","SIM23","SIM24"],"lines":"S74, S84, SIM2, SIM22, SIM23, SIM24"},"geometry":{"type":"LineString","coordinates":[[-74.204048,40.556595],[-74.203521,40.556157],[-74.20318,40.556008]]}},{"type":"Feature","properties":{"mode":"bus","n":5,"arr":["S74","S84","SIM2","SIM22","SIM23"],"lines":"S74, S84, SIM2, SIM22, SIM23"},"geometry":{"type":"LineString","coordinates":[[-74.20318,40.556008],[-74.202313,40.555854],[-74.202073,40.555838],[-74.201206,40.555932],[-74.200675,40.556086],[-74.200488,40.556202],[-74.200194,40.556444],[-74.19859,40.558071],[-74.197693,40.558909]]}},{"type":"Feature","properties":{"mode":"bus","n":5,"arr":["S74","S84","SIM5","SIM6","SIM15"],"lines":"S74, S84, SIM5, SIM6, SIM15"},"geometry":{"type":"LineString","coordinates":[[-74.162706,40.560788],[-74.163719,40.560343],[-74.164944,40.560116],[-74.165772,40.560253],[-74.168487,40.560821],[-74.169809,40.561074]]}},{"type":"Feature","properties":{"mode":"bus","n":5,"arr":["S74","S76","S84","S86","SIM15"],"lines":"S74, S76, S84, S86, SIM15"},"geometry":{"type":"LineString","coordinates":[[-74.11221,40.581267],[-74.112987,40.580819],[-74.113438,40.580519],[-74.113735,40.580254],[-74.114227,40.579734],[-74.114818,40.579177],[-74.115423,40.578631],[-74.115631,40.578492],[-74.115792,40.578418],[-74.115963,40.578381],[-74.116822,40.578295],[-74.117041,40.578218],[-74.117613,40.577688],[-74.118534,40.576573],[-74.118727,40.576412],[-74.11911,40.576157],[-74.119809,40.575843]]}},{"type":"Feature","properties":{"mode":"bus","n":5,"arr":["S74","S76","S84","S86","SIM15"],"lines":"S74, S76, S84, S86, SIM15"},"geometry":{"type":"LineString","coordinates":[[-74.110285,40.582217],[-74.109442,40.582573],[-74.108966,40.582891],[-74.107909,40.583685],[-74.105883,40.585408],[-74.104549,40.5865],[-74.102079,40.588741],[-74.101494,40.589344],[-74.100974,40.589956],[-74.100883,40.590179],[-74.100835,40.590428],[-74.100972,40.591867],[-74.100925,40.59231],[-74.100817,40.592668],[-74.100641,40.593028],[-74.100415,40.593343],[-74.10024,40.593524],[-74.099796,40.593871],[-74.099086,40.594295],[-74.097221,40.595365],[-74.096542,40.59571],[-74.094903,40.596296],[-74.094276,40.596449],[-74.093965,40.596601],[-74.092724,40.597464],[-74.092275,40.598095],[-74.091922,40.598512],[-74.091783,40.598719],[-74.091693,40.599209],[-74.091808,40.599384],[-74.091935,40.599763],[-74.092094,40.600046],[-74.092837,40.601089],[-74.092877,40.60128],[-74.09272,40.602498],[-74.092453,40.604136],[-74.092714,40.606087],[-74.092725,40.606261],[-74.092699,40.60646],[-74.092595,40.606845],[-74.092413,40.60708],[-74.09168,40.60781],[-74.091508,40.608097],[-74.090805,40.608786],[-74.090109,40.609413]]}},{"type":"Feature","properties":{"mode":"bus","n":9,"arr":["S78","S79-SBS","SIM1","SIM1C","SIM5","SIM6","SIM7","SIM9","SIM10"],"lines":"S78, S79-SBS, SIM1, SIM1C, SIM5, SIM6, SIM7, SIM9, SIM10"},"geometry":{"type":"LineString","coordinates":[[-74.119992,40.560363],[-74.120459,40.559942],[-74.120666,40.559794],[-74.121023,40.559611],[-74.121411,40.559486],[-74.12183,40.559421],[-74.122111,40.559414],[-74.123568,40.559584],[-74.123993,40.559587],[-74.124424,40.559517],[-74.124674,40.559437],[-74.124939,40.559317],[-74.125164,40.559177],[-74.130336,40.554443],[-74.131919,40.553326],[-74.133126,40.552306],[-74.134267,40.551393],[-74.136028,40.550406],[-74.137556,40.549383],[-74.138688,40.548388],[-74.142673,40.54541],[-74.143894,40.544415],[-74.144201,40.544126],[-74.144546,40.54358],[-74.144729,40.543359],[-74.145686,40.542579],[-74.145869,40.542392]]}},{"type":"Feature","properties":{"mode":"bus","n":9,"arr":["S78","S79-SBS","SIM1","SIM1C","SIM5","SIM6","SIM7","SIM9","SIM10"],"lines":"S78, S79-SBS, SIM1, SIM1C, SIM5, SIM6, SIM7, SIM9, SIM10"},"geometry":{"type":"LineString","coordinates":[[-74.113833,40.566542],[-74.116434,40.563955]]}},{"type":"Feature","properties":{"mode":"bus","n":9,"arr":["S78","S79-SBS","SIM1","SIM1C","SIM5","SIM6","SIM7","SIM9","SIM10"],"lines":"S78, S79-SBS, SIM1, SIM1C, SIM5, SIM6, SIM7, SIM9, SIM10"},"geometry":{"type":"LineString","coordinates":[[-74.12012,40.56044],[-74.120589,40.56001],[-74.120794,40.559852],[-74.121154,40.559672],[-74.121425,40.559591],[-74.121708,40.559536],[-74.122134,40.559517],[-74.123559,40.559687],[-74.12383,40.559697],[-74.124112,40.559678],[-74.124394,40.559633],[-74.124655,40.559558],[-74.124925,40.559447],[-74.125261,40.559247],[-74.126833,40.557841],[-74.130417,40.554528],[-74.131902,40.553487],[-74.134303,40.551532],[-74.134782,40.551234],[-74.136141,40.55047],[-74.137733,40.549436],[-74.13881,40.548445],[-74.142709,40.545527],[-74.144152,40.544378],[-74.144418,40.544089],[-74.144728,40.543587],[-74.14489,40.543386],[-74.145829,40.542601],[-74.145958,40.542464]]}},{"type":"Feature","properties":{"mode":"bus","n":10,"arr":["S78","S79-SBS","SIM1","SIM1C","SIM5","SIM6","SIM7","SIM9","SIM10","SIM11"],"lines":"S78, S79-SBS, SIM1, SIM1C, SIM5, SIM6, SIM7, SIM9, SIM10, SIM11"},"geometry":{"type":"LineString","coordinates":[[-74.113699,40.56647],[-74.104638,40.575494],[-74.103934,40.57616],[-74.103621,40.576488],[-74.103568,40.57664]]}},{"type":"Feature","properties":{"mode":"bus","n":10,"arr":["S78","S79-SBS","SIM1","SIM1C","SIM5","SIM6","SIM7","SIM9","SIM10","SIM11"],"lines":"S78, S79-SBS, SIM1, SIM1C, SIM5, SIM6, SIM7, SIM9, SIM10, SIM11"},"geometry":{"type":"LineString","coordinates":[[-74.102311,40.577958],[-74.102333,40.577857],[-74.102419,40.577762],[-74.10254,40.577717]]}},{"type":"Feature","properties":{"mode":"bus","n":10,"arr":["S78","S79-SBS","SIM1","SIM1C","SIM5","SIM6","SIM7","SIM9","SIM10","SIM11"],"lines":"S78, S79-SBS, SIM1, SIM1C, SIM5, SIM6, SIM7, SIM9, SIM10, SIM11"},"geometry":{"type":"LineString","coordinates":[[-74.10376,40.576531],[-74.113833,40.566542]]}},{"type":"Feature","properties":{"mode":"bus","n":7,"arr":["S78","S79-SBS","SIM1","SIM1C","SIM7","SIM10","SIM11"],"lines":"S78, S79-SBS, SIM1, SIM1C, SIM7, SIM10, SIM11"},"geometry":{"type":"LineString","coordinates":[[-74.081699,40.598511],[-74.082198,40.598373],[-74.084559,40.597517],[-74.084915,40.597326],[-74.085225,40.597065],[-74.08535,40.59691],[-74.085484,40.59668],[-74.087432,40.591957],[-74.087748,40.591386],[-74.088062,40.590996],[-74.092502,40.585973],[-74.101343,40.578944],[-74.101745,40.578561],[-74.102311,40.577958]]}},{"type":"Feature","properties":{"mode":"bus","n":7,"arr":["S78","S79-SBS","SIM1","SIM1C","SIM7","SIM10","SIM11"],"lines":"S78, S79-SBS, SIM1, SIM1C, SIM7, SIM10, SIM11"},"geometry":{"type":"LineString","coordinates":[[-74.076688,40.605487],[-74.076946,40.604095]]}},{"type":"Feature","properties":{"mode":"bus","n":7,"arr":["S78","S79-SBS","SIM1","SIM1C","SIM7","SIM10","SIM11"],"lines":"S78, S79-SBS, SIM1, SIM1C, SIM7, SIM10, SIM11"},"geometry":{"type":"LineString","coordinates":[[-74.077574,40.603682],[-74.077811,40.604496],[-74.07789,40.605189],[-74.077882,40.60554],[-74.07783,40.605972],[-74.077658,40.606622]]}},{"type":"Feature","properties":{"mode":"bus","n":6,"arr":["S79-SBS","SIM1","SIM1C","SIM7","SIM10","SIM11"],"lines":"S79-SBS, SIM1, SIM1C, SIM7, SIM10, SIM11"},"geometry":{"type":"LineString","coordinates":[[-74.076946,40.604095],[-74.077094,40.60326],[-74.077094,40.603038],[-74.076999,40.602753],[-74.076594,40.601988],[-74.076399,40.60125],[-74.076406,40.600957],[-74.07706,40.599786],[-74.07723,40.599601],[-74.078316,40.598611],[-74.078459,40.598458],[-74.078467,40.59845],[-74.078473,40.598446],[-74.078478,40.598445],[-74.07848,40.598448],[-74.078481,40.598455],[-74.07848,40.598465],[-74.078461,40.598568],[-74.078401,40.598661],[-74.077217,40.599753],[-74.077066,40.59998],[-74.076495,40.601036],[-74.076505,40.601227],[-74.076724,40.60204],[-74.077256,40.603023],[-74.077574,40.603682]]}},{"type":"Feature","properties":{"mode":"bus","n":6,"arr":["S79-SBS","SIM1","SIM1C","SIM7","SIM10","SIM11"],"lines":"S79-SBS, SIM1, SIM1C, SIM7, SIM10, SIM11"},"geometry":{"type":"LineString","coordinates":[[-74.077658,40.606622],[-74.077416,40.606792],[-74.077106,40.606867]]}},{"type":"Feature","properties":{"mode":"bus","n":13,"arr":["S79-SBS","S93","SIM1","SIM1C","SIM3C","SIM4","SIM4C","SIM7","SIM10","SIM11","SIM15","SIM33C","SIM35"],"lines":"S79-SBS, S93, SIM1, SIM1C, SIM3C, SIM4, SIM4C, SIM7, SIM10, SIM11, SIM15, SIM33C, SIM35"},"geometry":{"type":"LineString","coordinates":[[-74.065201,40.602339],[-74.065846,40.602589],[-74.067317,40.603086],[-74.068639,40.603353],[-74.071148,40.604355],[-74.071812,40.604586],[-74.072609,40.604824],[-74.073429,40.605027],[-74.074413,40.605217],[-74.075191,40.605328],[-74.076688,40.605487]]}},{"type":"Feature","properties":{"mode":"bus","n":11,"arr":["S79-SBS","S93","SIM1","SIM1C","SIM3C","SIM7","SIM10","SIM11","SIM15","SIM33C","SIM35"],"lines":"S79-SBS, S93, SIM1, SIM1C, SIM3C, SIM7, SIM10, SIM11, SIM15, SIM33C, SIM35"},"geometry":{"type":"LineString","coordinates":[[-74.077106,40.606867],[-74.076219,40.606755],[-74.075106,40.606549],[-74.074159,40.606324],[-74.073221,40.606049],[-74.071905,40.605575],[-74.068981,40.604399],[-74.068771,40.604293],[-74.067089,40.603604],[-74.066202,40.603278],[-74.065458,40.603047]]}},{"type":"Feature","properties":{"mode":"bus","n":5,"arr":["S93","SIM3C","SIM15","SIM33C","SIM35"],"lines":"S93, SIM3C, SIM15, SIM33C, SIM35"},"geometry":{"type":"LineString","coordinates":[[-74.08397,40.606284],[-74.085306,40.606534],[-74.086108,40.60675],[-74.086787,40.606988],[-74.089224,40.607925]]}},{"type":"Feature","properties":{"mode":"bus","n":5,"arr":["S93","SIM3C","SIM15","SIM33C","SIM35"],"lines":"S93, SIM3C, SIM15, SIM33C, SIM35"},"geometry":{"type":"LineString","coordinates":[[-74.080662,40.606506],[-74.0801,40.60656],[-74.078994,40.606796],[-74.078572,40.606857],[-74.077743,40.606901],[-74.077106,40.606867]]}},{"type":"Feature","properties":{"mode":"bus","n":5,"arr":["S93","SIM3C","SIM15","SIM33C","SIM35"],"lines":"S93, SIM3C, SIM15, SIM33C, SIM35"},"geometry":{"type":"LineString","coordinates":[[-74.088379,40.60874],[-74.08439,40.607183],[-74.083755,40.606958]]}},{"type":"Feature","properties":{"mode":"bus","n":7,"arr":["S93","SIM3C","SIM4","SIM4C","SIM15","SIM33C","SIM35"],"lines":"S93, SIM3C, SIM4, SIM4C, SIM15, SIM33C, SIM35"},"geometry":{"type":"LineString","coordinates":[[-74.076688,40.605487],[-74.078316,40.605658],[-74.078898,40.605761],[-74.079506,40.605904],[-74.07994,40.605969],[-74.082073,40.606064],[-74.083062,40.606161],[-74.08397,40.606284]]}},{"type":"Feature","properties":{"mode":"bus","n":8,"arr":["S93","SIM3","SIM3C","SIM4C","SIM15","SIM33C","SIM34","SIM35"],"lines":"S93, SIM3, SIM3C, SIM4C, SIM15, SIM33C, SIM34, SIM35"},"geometry":{"type":"LineString","coordinates":[[-74.083755,40.606958],[-74.083067,40.606776],[-74.082278,40.606624],[-74.081662,40.606551],[-74.080662,40.606506]]}},{"type":"Feature","properties":{"mode":"bus","n":20,"arr":["SIM1","SIM1C","SIM2","SIM3","SIM3C","SIM4","SIM4C","SIM5","SIM6","SIM7","SIM9","SIM10","SIM11","SIM15","SIM31","SIM32","SIM33","SIM33C","SIM34","SIM35"],"lines":"SIM1, SIM1C, SIM2, SIM3, SIM3C, SIM4, SIM4C, SIM5, SIM6, SIM7, SIM9, SIM10, SIM11, SIM15, SIM31, SIM32, SIM33, SIM33C, SIM34, SIM35"},"geometry":{"type":"LineString","coordinates":[[-74.018592,40.625764],[-74.019024,40.624875],[-74.019306,40.624411],[-74.019974,40.623461],[-74.023529,40.619292],[-74.026204,40.616106],[-74.027182,40.615029],[-74.028109,40.613935],[-74.028441,40.613441],[-74.029019,40.612377]]}},{"type":"Feature","properties":{"mode":"bus","n":14,"arr":["SIM1","SIM1C","SIM3","SIM3C","SIM5","SIM6","SIM7","SIM9","SIM10","SIM11","SIM31","SIM32","SIM33","SIM33C"],"lines":"SIM1, SIM1C, SIM3, SIM3C, SIM5, SIM6, SIM7, SIM9, SIM10, SIM11, SIM31, SIM32, SIM33, SIM33C"},"geometry":{"type":"LineString","coordinates":[[-74.026697,40.616537],[-74.02652,40.616642],[-74.02629,40.616897],[-74.024543,40.61899],[-74.023772,40.61988],[-74.023657,40.619948]]}},{"type":"Feature","properties":{"mode":"bus","n":5,"arr":["SIM2","SIM22","SIM23","SIM24","SIM25"],"lines":"SIM2, SIM22, SIM23, SIM24, SIM25"},"geometry":{"type":"LineString","coordinates":[[-74.204048,40.556595],[-74.203238,40.557083],[-74.202869,40.55735],[-74.202466,40.557709],[-74.200749,40.559078],[-74.198618,40.561098]]}},{"type":"Feature","properties":{"mode":"bus","n":6,"arr":["SIM2","SIM22","SIM23","SIM24","SIM25","SIM26"],"lines":"SIM2, SIM22, SIM23, SIM24, SIM25, SIM26"},"geometry":{"type":"LineString","coordinates":[[-74.198618,40.561098],[-74.196492,40.563099],[-74.194406,40.565166],[-74.191994,40.567774],[-74.191557,40.568315],[-74.190844,40.569378],[-74.190552,40.569938],[-74.19014,40.570975],[-74.1899,40.571933],[-74.189814,40.572468],[-74.189763,40.573459],[-74.189825,40.574469],[-74.189893,40.574918],[-74.190786,40.578955],[-74.19137,40.581275],[-74.192334,40.585523],[-74.192319,40.585768],[-74.1924,40.588107],[-74.192958,40.590495],[-74.192958,40.590616],[-74.192709,40.59162],[-74.192649,40.592063],[-74.192309,40.593825],[-74.192185,40.594331],[-74.191233,40.59716],[-74.191027,40.597694],[-74.190526,40.598722],[-74.190191,40.599276],[-74.189321,40.600425],[-74.188846,40.600971],[-74.188346,40.60147],[-74.186171,40.603531],[-74.185059,40.604622],[-74.184122,40.605712],[-74.183701,40.606292],[-74.182912,40.60757],[-74.182023,40.609233],[-74.181371,40.610316],[-74.180796,40.611415],[-74.179402,40.613646],[-74.178783,40.614568],[-74.177099,40.617235]]}},{"type":"Feature","properties":{"mode":"bus","n":6,"arr":["SIM2","SIM22","SIM23","SIM24","SIM25","SIM26"],"lines":"SIM2, SIM22, SIM23, SIM24, SIM25, SIM26"},"geometry":{"type":"LineString","coordinates":[[-74.177521,40.618089],[-74.178107,40.616382],[-74.178319,40.615888],[-74.178592,40.615359],[-74.178915,40.614824],[-74.180649,40.61216],[-74.181437,40.610801],[-74.183147,40.607659],[-74.183531,40.606984],[-74.183927,40.606378],[-74.184339,40.605798],[-74.184786,40.605244],[-74.185206,40.604791],[-74.186121,40.603883],[-74.18854,40.601583],[-74.18957,40.600514],[-74.190032,40.599928],[-74.190426,40.599336],[-74.191035,40.598267],[-74.191293,40.597674],[-74.193094,40.592912]]}},{"type":"Feature","properties":{"mode":"bus","n":6,"arr":["SIM2","SIM22","SIM23","SIM24","SIM25","SIM26"],"lines":"SIM2, SIM22, SIM23, SIM24, SIM25, SIM26"},"geometry":{"type":"LineString","coordinates":[[-74.192477,40.585043],[-74.191619,40.581243],[-74.190898,40.577788],[-74.190126,40.574417],[-74.190057,40.573981],[-74.19002,40.573016],[-74.190063,40.572493],[-74.190312,40.571555],[-74.190449,40.571138],[-74.190578,40.570851],[-74.19081,40.570499],[-74.19156,40.569566],[-74.192132,40.568706],[-74.192432,40.568321],[-74.194424,40.566134],[-74.195061,40.56546],[-74.19699,40.563549],[-74.199075,40.561579],[-74.200569,40.560245],[-74.200921,40.559965],[-74.201299,40.559737],[-74.201745,40.559528],[-74.202191,40.559378],[-74.204371,40.558987],[-74.20474,40.558895],[-74.205295,40.5587],[-74.20565,40.558524],[-74.205942,40.558335],[-74.207056,40.55753]]}},{"type":"Feature","properties":{"mode":"bus","n":5,"arr":["SIM2","SIM31","SIM32","SIM33","SIM33C"],"lines":"SIM2, SIM31, SIM32, SIM33, SIM33C"},"geometry":{"type":"LineString","coordinates":[[-74.130176,40.607864],[-74.132024,40.607764]]}},{"type":"Feature","properties":{"mode":"bus","n":10,"arr":["SIM2","SIM3","SIM3C","SIM4","SIM4C","SIM31","SIM32","SIM33","SIM33C","SIM34"],"lines":"SIM2, SIM3, SIM3C, SIM4, SIM4C, SIM31, SIM32, SIM33, SIM33C, SIM34"},"geometry":{"type":"LineString","coordinates":[[-74.104934,40.610258],[-74.108322,40.610129],[-74.109187,40.610144],[-74.109902,40.61022],[-74.110466,40.610319],[-74.112658,40.610872],[-74.113497,40.611028],[-74.114071,40.611094],[-74.114789,40.611131],[-74.115507,40.611118],[-74.116072,40.611072]]}},{"type":"Feature","properties":{"mode":"bus","n":10,"arr":["SIM2","SIM3","SIM3C","SIM4","SIM4C","SIM31","SIM32","SIM33","SIM33C","SIM34"],"lines":"SIM2, SIM3, SIM3C, SIM4, SIM4C, SIM31, SIM32, SIM33, SIM33C, SIM34"},"geometry":{"type":"LineString","coordinates":[[-74.111865,40.610906],[-74.111187,40.610719],[-74.110353,40.610544],[-74.109643,40.610439],[-74.108779,40.610373],[-74.10791,40.610367],[-74.102569,40.610565]]}},{"type":"Feature","properties":{"mode":"bus","n":5,"arr":["SIM2","SIM3C","SIM4","SIM4C","SIM33C"],"lines":"SIM2, SIM3C, SIM4, SIM4C, SIM33C"},"geometry":{"type":"LineString","coordinates":[[-74.097411,40.610265],[-74.102873,40.610046],[-74.1033,40.610057],[-74.104585,40.610182],[-74.104934,40.610258]]}},{"type":"Feature","properties":{"mode":"bus","n":8,"arr":["SIM2","SIM3","SIM4","SIM4C","SIM31","SIM32","SIM33","SIM34"],"lines":"SIM2, SIM3, SIM4, SIM4C, SIM31, SIM32, SIM33, SIM34"},"geometry":{"type":"LineString","coordinates":[[-74.087234,40.607605],[-74.091155,40.609256]]}},{"type":"Feature","properties":{"mode":"bus","n":8,"arr":["SIM2","SIM3","SIM4","SIM4C","SIM31","SIM32","SIM33","SIM34"],"lines":"SIM2, SIM3, SIM4, SIM4C, SIM31, SIM32, SIM33, SIM34"},"geometry":{"type":"LineString","coordinates":[[-74.075656,40.606139],[-74.074795,40.606008],[-74.074108,40.605869],[-74.073418,40.605704],[-74.072739,40.605513],[-74.071438,40.605063],[-74.069412,40.604252],[-74.067901,40.603693],[-74.066343,40.603251],[-74.065458,40.603047]]}},{"type":"Feature","properties":{"mode":"bus","n":8,"arr":["SIM2","SIM3","SIM4","SIM4C","SIM31","SIM32","SIM33","SIM34"],"lines":"SIM2, SIM3, SIM4, SIM4C, SIM31, SIM32, SIM33, SIM34"},"geometry":{"type":"LineString","coordinates":[[-74.102569,40.610565],[-74.096336,40.610758],[-74.095767,40.610738],[-74.09519,40.61069],[-74.0943,40.610556],[-74.093415,40.610358],[-74.092843,40.610186],[-74.092357,40.61001],[-74.086593,40.607615]]}},{"type":"Feature","properties":{"mode":"bus","n":6,"arr":["SIM2","SIM3","SIM31","SIM32","SIM33","SIM34"],"lines":"SIM2, SIM3, SIM31, SIM32, SIM33, SIM34"},"geometry":{"type":"LineString","coordinates":[[-74.060427,40.601759],[-74.061404,40.601797],[-74.062677,40.601928],[-74.063732,40.602117],[-74.06451,40.602316],[-74.065716,40.602696],[-74.068046,40.603487],[-74.069458,40.604007],[-74.071428,40.604805],[-74.072249,40.605113],[-74.073296,40.605442],[-74.074124,40.605643],[-74.074734,40.605769],[-74.075668,40.60592],[-74.076803,40.606026],[-74.078967,40.606115],[-74.081378,40.606183],[-74.082192,40.60625],[-74.082986,40.606355],[-74.08405,40.606551],[-74.085152,40.60684],[-74.086466,40.607289],[-74.087234,40.607605]]}},{"type":"Feature","properties":{"mode":"bus","n":5,"arr":["SIM2","SIM4","SIM31","SIM32","SIM33"],"lines":"SIM2, SIM4, SIM31, SIM32, SIM33"},"geometry":{"type":"LineString","coordinates":[[-74.086593,40.607615],[-74.085745,40.607262],[-74.084757,40.606944],[-74.08366,40.606677],[-74.082424,40.606472],[-74.081801,40.606401],[-74.081107,40.606355],[-74.077232,40.606264],[-74.075656,40.606139]]}},{"type":"Feature","properties":{"mode":"bus","n":7,"arr":["SIM3","SIM3C","SIM31","SIM32","SIM33","SIM33C","SIM34"],"lines":"SIM3, SIM3C, SIM31, SIM32, SIM33, SIM33C, SIM34"},"geometry":{"type":"LineString","coordinates":[[-74.116072,40.611072],[-74.116986,40.610791],[-74.117198,40.610691],[-74.117302,40.610599],[-74.11735,40.610494],[-74.117351,40.610401],[-74.117307,40.610296],[-74.117213,40.610206],[-74.117066,40.610142],[-74.116857,40.610149],[-74.116672,40.610126]]}},{"type":"Feature","properties":{"mode":"bus","n":7,"arr":["SIM3","SIM3C","SIM31","SIM32","SIM33","SIM33C","SIM34"],"lines":"SIM3, SIM3C, SIM31, SIM32, SIM33, SIM33C, SIM34"},"geometry":{"type":"LineString","coordinates":[[-74.116836,40.611435],[-74.116288,40.611577],[-74.115444,40.611695],[-74.114975,40.611716],[-74.114496,40.611688],[-74.113943,40.6116],[-74.113528,40.611491],[-74.112346,40.611128],[-74.111865,40.610906]]}},{"type":"Feature","properties":{"mode":"bus","n":5,"arr":["SIM3","SIM31","SIM32","SIM33","SIM34"],"lines":"SIM3, SIM31, SIM32, SIM33, SIM34"},"geometry":{"type":"LineString","coordinates":[[-74.091155,40.609256],[-74.092523,40.609827],[-74.093394,40.610124],[-74.094438,40.610374],[-74.095091,40.610475],[-74.095676,40.610535],[-74.096719,40.610566],[-74.104934,40.610258]]}},{"type":"Feature","properties":{"mode":"bus","n":13,"arr":["SIM3","SIM3C","SIM4","SIM4C","SIM5","SIM6","SIM10","SIM11","SIM15","SIM31","SIM32","SIM33C","SIM34"],"lines":"SIM3, SIM3C, SIM4, SIM4C, SIM5, SIM6, SIM10, SIM11, SIM15, SIM31, SIM32, SIM33C, SIM34"},"geometry":{"type":"LineString","coordinates":[[-74.015053,40.705864],[-74.014927,40.705982],[-74.014825,40.706144],[-74.014745,40.706383],[-74.01475,40.70664],[-74.014845,40.706885],[-74.014981,40.707053],[-74.015184,40.707136],[-74.015494,40.707183],[-74.015683,40.707185],[-74.015711,40.707182],[-74.015732,40.707171],[-74.015744,40.707151],[-74.015773,40.707075]]}},{"type":"Feature","properties":{"mode":"bus","n":7,"arr":["SIM8","SIM22","SIM23","SIM24","SIM25","SIM26","SIM30"],"lines":"SIM8, SIM22, SIM23, SIM24, SIM25, SIM26, SIM30"},"geometry":{"type":"LineString","coordinates":[[-74.17953,40.626518],[-74.181758,40.627855],[-74.182869,40.628474],[-74.184331,40.629187],[-74.188085,40.630821],[-74.189784,40.631638],[-74.200912,40.637534],[-74.201979,40.638182],[-74.202815,40.638784],[-74.203392,40.639261],[-74.205138,40.640803],[-74.206004,40.641484],[-74.206191,40.641616],[-74.206229,40.641634],[-74.206274,40.641638],[-74.206608,40.641613],[-74.206624,40.641613],[-74.206634,40.641616],[-74.206638,40.641621],[-74.206635,40.641628],[-74.206626,40.641638],[-74.206599,40.641665],[-74.206586,40.641683],[-74.206588,40.6417],[-74.206605,40.641717],[-74.20761,40.642383]]}},{"type":"Feature","properties":{"mode":"bus","n":7,"arr":["SIM8","SIM22","SIM23","SIM24","SIM25","SIM26","SIM30"],"lines":"SIM8, SIM22, SIM23, SIM24, SIM25, SIM26, SIM30"},"geometry":{"type":"LineString","coordinates":[[-74.178666,40.669676],[-74.181162,40.667153],[-74.181781,40.666476],[-74.182987,40.665033],[-74.184067,40.663563],[-74.185386,40.661653],[-74.186578,40.659729],[-74.18789,40.657687],[-74.188333,40.657109],[-74.188891,40.656503],[-74.189189,40.656212],[-74.18984,40.655667],[-74.190551,40.655156],[-74.190927,40.654918],[-74.199019,40.650486],[-74.199802,40.65003],[-74.200931,40.649246],[-74.201884,40.648414],[-74.202308,40.648113],[-74.202796,40.647651],[-74.203548,40.646792],[-74.203904,40.646325],[-74.204816,40.644671],[-74.206385,40.641616],[-74.2065,40.641439],[-74.206792,40.641152],[-74.206964,40.641054],[-74.207161,40.640983],[-74.207384,40.64095],[-74.207651,40.64095],[-74.20918,40.641085],[-74.210515,40.641276],[-74.211487,40.641463],[-74.211664,40.641532],[-74.211845,40.641644],[-74.211995,40.641797],[-74.212084,40.641935],[-74.212122,40.642087],[-74.212101,40.642251],[-74.212025,40.6424],[-74.211819,40.642584],[-74.211509,40.642708],[-74.211118,40.642767],[-74.210073,40.642848],[-74.209508,40.642813],[-74.209121,40.642746],[-74.208698,40.64263],[-74.208213,40.642418],[-74.207076,40.641803],[-74.206404,40.641377],[-74.205886,40.641013],[-74.205221,40.640491],[-74.203016,40.638572],[-74.202402,40.638112],[-74.201973,40.637823],[-74.201088,40.637284],[-74.190519,40.631689],[-74.18882,40.630885],[-74.184882,40.629176],[-74.183524,40.628521],[-74.182598,40.628018],[-74.180043,40.62654]]}},{"type":"Feature","properties":{"mode":"bus","n":7,"arr":["SIM8","SIM22","SIM23","SIM24","SIM25","SIM26","SIM30"],"lines":"SIM8, SIM22, SIM23, SIM24, SIM25, SIM26, SIM30"},"geometry":{"type":"LineString","coordinates":[[-74.18506,40.629309],[-74.184927,40.629447]]}},{"type":"Feature","properties":{"mode":"bus","n":7,"arr":["SIM8","SIM22","SIM23","SIM24","SIM25","SIM26","SIM30"],"lines":"SIM8, SIM22, SIM23, SIM24, SIM25, SIM26, SIM30"},"geometry":{"type":"LineString","coordinates":[[-74.210307,40.643446],[-74.210948,40.643405],[-74.211534,40.643292],[-74.212007,40.643102],[-74.212199,40.642938],[-74.212291,40.642795],[-74.212343,40.642644],[-74.212376,40.642424],[-74.212359,40.642251],[-74.212227,40.641899],[-74.21208,40.641701],[-74.211922,40.641558],[-74.210836,40.640983],[-74.210349,40.640784],[-74.209384,40.640652],[-74.208856,40.640624],[-74.208419,40.640627],[-74.208101,40.640548],[-74.207372,40.640255],[-74.207123,40.640197],[-74.2069,40.640171],[-74.20647,40.640197],[-74.206256,40.640262],[-74.206058,40.640353],[-74.205895,40.640477],[-74.205767,40.64062],[-74.204762,40.642235],[-74.20165,40.647359],[-74.201253,40.647907],[-74.201025,40.648177],[-74.200491,40.648737],[-74.200084,40.649105],[-74.200012,40.649241],[-74.199046,40.649916],[-74.198683,40.650133],[-74.19101,40.654322],[-74.190565,40.654584],[-74.190168,40.654835],[-74.189506,40.655311],[-74.189162,40.655579],[-74.188537,40.656126],[-74.187955,40.656704],[-74.187142,40.657657],[-74.184015,40.662054],[-74.182917,40.663481],[-74.181945,40.664661],[-74.180546,40.66624],[-74.174163,40.67305],[-74.173346,40.673977],[-74.172629,40.674838]]}},{"type":"Feature","properties":{"mode":"bus","n":7,"arr":["SIM8","SIM22","SIM23","SIM24","SIM25","SIM26","SIM30"],"lines":"SIM8, SIM22, SIM23, SIM24, SIM25, SIM26, SIM30"},"geometry":{"type":"LineString","coordinates":[[-73.99594,40.758984],[-73.996092,40.759027],[-73.996912,40.759371],[-73.996939,40.759377],[-73.996963,40.759374],[-73.996985,40.759361],[-73.99764,40.758797],[-73.997834,40.7587],[-73.997978,40.758677],[-73.998128,40.758687],[-73.998505,40.758782],[-73.998772,40.758815]]}},{"type":"Feature","properties":{"mode":"bus","n":7,"arr":["SIM8","SIM22","SIM23","SIM24","SIM25","SIM26","SIM30"],"lines":"SIM8, SIM22, SIM23, SIM24, SIM25, SIM26, SIM30"},"geometry":{"type":"LineString","coordinates":[[-74.207588,40.642369],[-74.208213,40.642418],[-74.208847,40.642674],[-74.209799,40.642841],[-74.210307,40.643447]]}},{"type":"Feature","properties":{"mode":"bus","n":8,"arr":["NJ111","SIM8","SIM22","SIM23","SIM24","SIM25","SIM26","SIM30"],"lines":"111, SIM8, SIM22, SIM23, SIM24, SIM25, SIM26, SIM30"},"geometry":{"type":"LineString","coordinates":[[-74.172629,40.674838],[-74.171629,40.67612],[-74.170498,40.677678],[-74.16699,40.682769],[-74.166114,40.68391],[-74.163719,40.687495],[-74.161447,40.690759],[-74.156246,40.697887],[-74.155548,40.698902],[-74.155095,40.6996],[-74.154289,40.700944],[-74.152903,40.703548],[-74.1522,40.704811],[-74.150533,40.707572],[-74.150067,40.708234],[-74.149819,40.708538],[-74.149173,40.709212],[-74.148467,40.709803],[-74.147677,40.710363],[-74.146821,40.71087],[-74.146223,40.711179],[-74.145276,40.711592],[-74.141396,40.713079],[-74.140243,40.713558],[-74.13821,40.714598],[-74.137295,40.715164],[-74.136645,40.715623],[-74.136045,40.716115],[-74.135617,40.716543],[-74.135148,40.717113],[-74.134835,40.717602],[-74.134583,40.718117],[-74.134387,40.718642],[-74.133923,40.720509]]}},{"type":"Feature","properties":{"mode":"bus","n":8,"arr":["NJ111","SIM8","SIM22","SIM23","SIM24","SIM25","SIM26","SIM30"],"lines":"111, SIM8, SIM22, SIM23, SIM24, SIM25, SIM26, SIM30"},"geometry":{"type":"LineString","coordinates":[[-74.13567,40.719136],[-74.136038,40.718423],[-74.136403,40.717806],[-74.136813,40.717216],[-74.137371,40.716526],[-74.137996,40.71587],[-74.138438,40.715464],[-74.138832,40.715151],[-74.139804,40.714454],[-74.140569,40.714031],[-74.141314,40.713678],[-74.14574,40.711958],[-74.146493,40.711628],[-74.147257,40.711246],[-74.148144,40.710729],[-74.148661,40.710386],[-74.149172,40.71001],[-74.150133,40.709193],[-74.15087,40.708435],[-74.151515,40.707629],[-74.152068,40.706774],[-74.154693,40.701929],[-74.155102,40.701196],[-74.15578,40.700089],[-74.160951,40.692632],[-74.164724,40.687265],[-74.171221,40.677854],[-74.171808,40.677067],[-74.172891,40.675707],[-74.173953,40.674489],[-74.17513,40.673229],[-74.178666,40.669676]]}},{"type":"Feature","properties":{"mode":"bus","n":9,"arr":["NJ107","NJ111","SIM8","SIM22","SIM23","SIM24","SIM25","SIM26","SIM30"],"lines":"107, 111, SIM8, SIM22, SIM23, SIM24, SIM25, SIM26, SIM30"},"geometry":{"type":"LineString","coordinates":[[-74.133923,40.720509],[-74.133649,40.72145],[-74.133126,40.722901],[-74.133031,40.723314],[-74.132923,40.72357],[-74.132677,40.72409],[-74.132402,40.724587],[-74.132175,40.724946],[-74.131681,40.725612],[-74.131166,40.726212],[-74.130514,40.726851],[-74.129468,40.727694],[-74.12756,40.729149],[-74.126532,40.729974],[-74.125809,40.730608],[-74.125181,40.731282]]}},{"type":"Feature","properties":{"mode":"bus","n":9,"arr":["NJ107","NJ111","SIM8","SIM22","SIM23","SIM24","SIM25","SIM26","SIM30"],"lines":"107, 111, SIM8, SIM22, SIM23, SIM24, SIM25, SIM26, SIM30"},"geometry":{"type":"LineString","coordinates":[[-74.124498,40.732538],[-74.124857,40.731974],[-74.125258,40.731445],[-74.12573,40.730927],[-74.126053,40.730613],[-74.126779,40.729989],[-74.129911,40.727589],[-74.130598,40.72703],[-74.131312,40.726349],[-74.132327,40.725208],[-74.132945,40.724295],[-74.133539,40.723317],[-74.13567,40.719136]]}},{"type":"Feature","properties":{"mode":"bus","n":10,"arr":["NJ107","NJ108","NJ111","SIM8","SIM22","SIM23","SIM24","SIM25","SIM26","SIM30"],"lines":"107, 108, 111, SIM8, SIM22, SIM23, SIM24, SIM25, SIM26, SIM30"},"geometry":{"type":"LineString","coordinates":[[-74.125181,40.731282],[-74.124658,40.731991],[-74.124328,40.732544],[-74.124042,40.733127],[-74.123765,40.733864],[-74.123611,40.734465],[-74.123508,40.735158],[-74.123332,40.738694],[-74.123256,40.739363],[-74.123158,40.73984],[-74.122895,40.740716],[-74.121809,40.74393],[-74.121375,40.74493],[-74.121031,40.745581],[-74.12072,40.746099],[-74.120304,40.746714],[-74.119933,40.747206],[-74.119121,40.748141],[-74.118223,40.749014],[-74.117255,40.749813],[-74.116133,40.750596],[-74.115137,40.751189],[-74.113211,40.752195],[-74.111444,40.753066]]}},{"type":"Feature","properties":{"mode":"bus","n":10,"arr":["NJ107","NJ108","NJ111","SIM8","SIM22","SIM23","SIM24","SIM25","SIM26","SIM30"],"lines":"107, 108, 111, SIM8, SIM22, SIM23, SIM24, SIM25, SIM26, SIM30"},"geometry":{"type":"LineString","coordinates":[[-74.061283,40.772329],[-74.060951,40.772704],[-74.059877,40.77431],[-74.059267,40.775134],[-74.058076,40.776536],[-74.05721,40.777926],[-74.056767,40.778797],[-74.056446,40.779336],[-74.056266,40.779518],[-74.056009,40.779707],[-74.055526,40.779978],[-74.055246,40.780093],[-74.054935,40.780188],[-74.054281,40.780296],[-74.053926,40.780315],[-74.053562,40.780305],[-74.052899,40.780217],[-74.052299,40.780042],[-74.050096,40.779234],[-74.048569,40.778564],[-74.048092,40.778332]]}},{"type":"Feature","properties":{"mode":"bus","n":10,"arr":["NJ107","NJ108","NJ111","SIM8","SIM22","SIM23","SIM24","SIM25","SIM26","SIM30"],"lines":"107, 108, 111, SIM8, SIM22, SIM23, SIM24, SIM25, SIM26, SIM30"},"geometry":{"type":"LineString","coordinates":[[-74.051183,40.779761],[-74.053708,40.780671],[-74.054226,40.78083],[-74.054606,40.780897],[-74.054993,40.780923],[-74.05547,40.780904],[-74.055782,40.780856],[-74.056116,40.780775],[-74.0565,40.780638],[-74.056969,40.780371],[-74.057229,40.78014],[-74.057381,40.779961],[-74.057561,40.779687],[-74.057861,40.779012],[-74.058234,40.778373]]}},{"type":"Feature","properties":{"mode":"bus","n":12,"arr":["NJ78","NJ107","NJ108","NJ111","NJ378","SIM8","SIM22","SIM23","SIM24","SIM25","SIM26","SIM30"],"lines":"78, 107, 108, 111, 378, SIM8, SIM22, SIM23, SIM24, SIM25, SIM26, SIM30"},"geometry":{"type":"LineString","coordinates":[[-74.111444,40.753066],[-74.108838,40.754263],[-74.10679,40.755141],[-74.105664,40.755595],[-74.104818,40.755892],[-74.103968,40.756151],[-74.10292,40.756421],[-74.102055,40.756602],[-74.101167,40.756751],[-74.100291,40.756865],[-74.098842,40.75698],[-74.090335,40.757112],[-74.088906,40.757192],[-74.087654,40.757356],[-74.086436,40.757596],[-74.085225,40.757928],[-74.084066,40.758334],[-74.083119,40.758742],[-74.078227,40.761065],[-74.069756,40.76487],[-74.068713,40.765393],[-74.067694,40.765975],[-74.066585,40.76669],[-74.065799,40.767262],[-74.064925,40.767966],[-74.064004,40.768817],[-74.063262,40.769599],[-74.062484,40.770526],[-74.061953,40.771269],[-74.061283,40.772329]]}},{"type":"Feature","properties":{"mode":"bus","n":12,"arr":["NJ78","NJ107","NJ108","NJ111","NJ378","SIM8","SIM22","SIM23","SIM24","SIM25","SIM26","SIM30"],"lines":"78, 107, 108, 111, 378, SIM8, SIM22, SIM23, SIM24, SIM25, SIM26, SIM30"},"geometry":{"type":"LineString","coordinates":[[-74.058234,40.778373],[-74.058886,40.777306],[-74.059486,40.775849],[-74.059784,40.775244],[-74.060182,40.77454],[-74.060328,40.774144],[-74.062325,40.771083],[-74.062783,40.770472],[-74.063356,40.769783],[-74.063983,40.769093],[-74.064546,40.768548],[-74.06525,40.767925],[-74.066128,40.767226],[-74.066926,40.766661],[-74.067896,40.766045],[-74.068769,40.765548],[-74.069854,40.764998],[-74.078894,40.760935],[-74.083465,40.758723],[-74.084664,40.758244],[-74.085919,40.757852],[-74.086808,40.757638],[-74.087682,40.757472],[-74.088574,40.757347],[-74.089283,40.757281],[-74.090357,40.757231],[-74.098609,40.757108],[-74.100077,40.757007],[-74.100802,40.756924],[-74.101678,40.756791],[-74.10256,40.756623],[-74.103419,40.756425],[-74.104603,40.756092],[-74.105259,40.755873],[-74.105953,40.755619],[-74.107822,40.754844],[-74.110679,40.753566]]}},{"type":"Feature","properties":{"mode":"bus","n":11,"arr":["NJ107","NJ108","NJ111","NJ321","SIM8","SIM22","SIM23","SIM24","SIM25","SIM26","SIM30"],"lines":"107, 108, 111, 321, SIM8, SIM22, SIM23, SIM24, SIM25, SIM26, SIM30"},"geometry":{"type":"LineString","coordinates":[[-74.048092,40.778332],[-74.047725,40.778154],[-74.046536,40.777444],[-74.046266,40.777316],[-74.045784,40.777178],[-74.044635,40.777018]]}},{"type":"Feature","properties":{"mode":"bus","n":11,"arr":["NJ107","NJ108","NJ111","NJ321","SIM8","SIM22","SIM23","SIM24","SIM25","SIM26","SIM30"],"lines":"107, 108, 111, 321, SIM8, SIM22, SIM23, SIM24, SIM25, SIM26, SIM30"},"geometry":{"type":"LineString","coordinates":[[-74.042412,40.776574],[-74.042799,40.776682],[-74.046083,40.777917],[-74.051183,40.779761]]}},{"type":"Feature","properties":{"mode":"bus","n":15,"arr":["NJ107","NJ108","NJ111","NJ122","NJ124","NJ129","NJ320","NJ321","SIM8","SIM22","SIM23","SIM24","SIM25","SIM26","SIM30"],"lines":"107, 108, 111, 122, 124, 129, 320, 321, SIM8, SIM22, SIM23, SIM24, SIM25, SIM26, SIM30"},"geometry":{"type":"LineString","coordinates":[[-74.044635,40.777018],[-74.044489,40.777032]]}},{"type":"Feature","properties":{"mode":"bus","n":20,"arr":["NJ107","NJ108","NJ109","NJ111","NJ122","NJ124","NJ129","NJ192","NJ193","NJ320","NJ321","NJ324","NJ355","SIM8","SIM22","SIM23","SIM24","SIM25","SIM26","SIM30"],"lines":"107, 108, 109, 111, 122, 124, 129, 192, 193, 320, 321, 324, 355, SIM8, SIM22, SIM23, SIM24, SIM25, SIM26, SIM30"},"geometry":{"type":"LineString","coordinates":[[-74.044489,40.777032],[-74.044064,40.776961],[-74.043491,40.77681],[-74.039383,40.775331]]}},{"type":"Feature","properties":{"mode":"bus","n":20,"arr":["NJ107","NJ108","NJ109","NJ111","NJ122","NJ124","NJ129","NJ192","NJ193","NJ320","NJ321","NJ324","NJ355","SIM8","SIM22","SIM23","SIM24","SIM25","SIM26","SIM30"],"lines":"107, 108, 109, 111, 122, 124, 129, 192, 193, 320, 321, 324, 355, SIM8, SIM22, SIM23, SIM24, SIM25, SIM26, SIM30"},"geometry":{"type":"LineString","coordinates":[[-74.038909,40.775288],[-74.040798,40.775971]]}},{"type":"Feature","properties":{"mode":"bus","n":15,"arr":["NJ107","NJ109","NJ122","NJ193","NJ320","NJ321","NJ324","NJ355","SIM8","SIM22","SIM23","SIM24","SIM25","SIM26","SIM30"],"lines":"107, 109, 122, 193, 320, 321, 324, 355, SIM8, SIM22, SIM23, SIM24, SIM25, SIM26, SIM30"},"geometry":{"type":"LineString","coordinates":[[-74.039383,40.775331],[-74.037416,40.774654],[-74.035961,40.774127],[-74.035166,40.773831],[-74.034283,40.773468],[-74.033419,40.773068],[-74.02949,40.771153],[-74.026375,40.76988],[-74.022362,40.768103],[-74.021966,40.767873],[-74.021762,40.767687]]}},{"type":"Feature","properties":{"mode":"bus","n":17,"arr":["NJ107","NJ108","NJ109","NJ122","NJ127","NJ193","NJ320","NJ321","NJ324","NJ355","SIM8","SIM22","SIM23","SIM24","SIM25","SIM26","SIM30"],"lines":"107, 108, 109, 122, 127, 193, 320, 321, 324, 355, SIM8, SIM22, SIM23, SIM24, SIM25, SIM26, SIM30"},"geometry":{"type":"LineString","coordinates":[[-74.021762,40.767687],[-74.021575,40.767437],[-74.021443,40.767131],[-74.021409,40.766875],[-74.021429,40.766599],[-74.021627,40.765738],[-74.021916,40.76483],[-74.022239,40.764033],[-74.02259,40.763327],[-74.022801,40.763058],[-74.02298,40.76293],[-74.023239,40.762826],[-74.023549,40.762781],[-74.023881,40.762817],[-74.0241,40.762895],[-74.02432,40.763032],[-74.024478,40.763215],[-74.024565,40.763449],[-74.024522,40.763698],[-74.024429,40.763828],[-74.023915,40.764336],[-74.023534,40.76493]]}},{"type":"Feature","properties":{"mode":"bus","n":29,"arr":["NJ107","NJ108","NJ109","NJ111","NJ119","NJ121","NJ122","NJ123","NJ124","NJ125","NJ126","NJ127","NJ128","NJ129","NJ154","NJ159","NJ192","NJ193","NJ320","NJ321","NJ324","NJ355","SIM8","SIM22","SIM23","SIM24","SIM25","SIM26","SIM30"],"lines":"107, 108, 109, 111, 119, 121, 122, 123, 124, 125, 126, 127, 128, 129, 154, 159, 192, 193, 320, 321, 324, 355, SIM8, SIM22, SIM23, SIM24, SIM25, SIM26, SIM30"},"geometry":{"type":"LineString","coordinates":[[-74.023534,40.76493],[-74.023486,40.764965],[-74.022954,40.765714],[-74.022658,40.766072],[-74.022427,40.766296],[-74.022107,40.766507],[-74.021927,40.766594],[-74.02154,40.766726],[-74.021125,40.766798],[-74.0207,40.766807],[-74.020281,40.766754],[-74.020078,40.766704],[-74.019883,40.766639],[-73.997708,40.757312],[-73.997401,40.757204],[-73.997082,40.757136]]}},{"type":"Feature","properties":{"mode":"bus","n":29,"arr":["NJ107","NJ108","NJ109","NJ111","NJ119","NJ121","NJ122","NJ123","NJ124","NJ125","NJ126","NJ127","NJ128","NJ129","NJ154","NJ159","NJ192","NJ193","NJ320","NJ321","NJ324","NJ355","SIM8","SIM22","SIM23","SIM24","SIM25","SIM26","SIM30"],"lines":"107, 108, 109, 111, 119, 121, 122, 123, 124, 125, 126, 127, 128, 129, 154, 159, 192, 193, 320, 321, 324, 355, SIM8, SIM22, SIM23, SIM24, SIM25, SIM26, SIM30"},"geometry":{"type":"LineString","coordinates":[[-73.998772,40.758815],[-73.999441,40.758916],[-73.999867,40.759034],[-74.019392,40.767252],[-74.019887,40.7674],[-74.02041,40.767471],[-74.020941,40.767464],[-74.021203,40.767431],[-74.02171,40.767307],[-74.021948,40.767218],[-74.022385,40.766989],[-74.022754,40.766699],[-74.023463,40.765889],[-74.023794,40.765433],[-74.024027,40.764901]]}},{"type":"Feature","properties":{"mode":"bus","n":5,"arr":["SIM8","SIM22","SIM25","SIM26","SIM30"],"lines":"SIM8, SIM22, SIM25, SIM26, SIM30"},"geometry":{"type":"LineString","coordinates":[[-73.997082,40.757136],[-73.996831,40.757118],[-73.996475,40.757052],[-73.99596,40.756844],[-73.995773,40.756807],[-73.995613,40.756812],[-73.995474,40.756857],[-73.995381,40.756923],[-73.995244,40.757094]]}},{"type":"Feature","properties":{"mode":"bus","n":5,"arr":["SIM8","SIM22","SIM25","SIM26","SIM30"],"lines":"SIM8, SIM22, SIM25, SIM26, SIM30"},"geometry":{"type":"LineString","coordinates":[[-73.994811,40.757665],[-73.994742,40.757751],[-73.994596,40.758085],[-73.993937,40.758978]]}},{"type":"Feature","properties":{"mode":"bus","n":5,"arr":["SIM8","SIM22","SIM25","SIM26","SIM30"],"lines":"SIM8, SIM22, SIM25, SIM26, SIM30"},"geometry":{"type":"LineString","coordinates":[[-73.993073,40.75784],[-73.993193,40.757917],[-73.99417,40.758331],[-73.994519,40.758402],[-73.99579,40.758941],[-73.99594,40.758984]]}},{"type":"Feature","properties":{"mode":"bus","n":27,"arr":["NJ107","NJ108","NJ109","NJ111","NJ119","NJ121","NJ122","NJ123","NJ124","NJ125","NJ126","NJ127","NJ128","NJ129","NJ154","NJ159","NJ192","NJ193","NJ320","NJ321","NJ324","NJ355","SIM8","SIM22","SIM25","SIM26","SIM30"],"lines":"107, 108, 109, 111, 119, 121, 122, 123, 124, 125, 126, 127, 128, 129, 154, 159, 192, 193, 320, 321, 324, 355, SIM8, SIM22, SIM25, SIM26, SIM30"},"geometry":{"type":"LineString","coordinates":[[-73.995244,40.757094],[-73.994811,40.757665]]}},{"type":"Feature","properties":{"mode":"bus","n":26,"arr":["NJ107","NJ108","NJ109","NJ111","NJ121","NJ122","NJ123","NJ124","NJ125","NJ127","NJ128","NJ129","NJ154","NJ192","NJ193","NJ320","NJ321","NJ324","NJ355","SIM8","SIM22","SIM23","SIM24","SIM25","SIM26","SIM30"],"lines":"107, 108, 109, 111, 121, 122, 123, 124, 125, 127, 128, 129, 154, 192, 193, 320, 321, 324, 355, SIM8, SIM22, SIM23, SIM24, SIM25, SIM26, SIM30"},"geometry":{"type":"LineString","coordinates":[[-74.024027,40.764901],[-74.024241,40.764501],[-74.024767,40.763813],[-74.024798,40.76368],[-74.024791,40.763533],[-74.024647,40.763186],[-74.024542,40.763043],[-74.024341,40.762869],[-74.024167,40.762773],[-74.023875,40.762681],[-74.023554,40.762653],[-74.023339,40.762673],[-74.023024,40.762757],[-74.022802,40.762874],[-74.02261,40.763038],[-74.02248,40.76322],[-74.022268,40.763611],[-74.021954,40.764306],[-74.021533,40.765494],[-74.021364,40.766147],[-74.02125,40.766757]]}},{"type":"Feature","properties":{"mode":"bus","n":25,"arr":["NJ107","NJ108","NJ109","NJ111","NJ121","NJ122","NJ123","NJ124","NJ125","NJ127","NJ129","NJ154","NJ192","NJ193","NJ320","NJ321","NJ324","NJ355","SIM8","SIM22","SIM23","SIM24","SIM25","SIM26","SIM30"],"lines":"107, 108, 109, 111, 121, 122, 123, 124, 125, 127, 129, 154, 192, 193, 320, 321, 324, 355, SIM8, SIM22, SIM23, SIM24, SIM25, SIM26, SIM30"},"geometry":{"type":"LineString","coordinates":[[-74.02125,40.766757],[-74.021303,40.767184],[-74.021378,40.767379],[-74.021524,40.767618]]}},{"type":"Feature","properties":{"mode":"bus","n":16,"arr":["NJ107","NJ109","NJ122","NJ129","NJ193","NJ320","NJ321","NJ324","NJ355","SIM8","SIM22","SIM23","SIM24","SIM25","SIM26","SIM30"],"lines":"107, 109, 122, 129, 193, 320, 321, 324, 355, SIM8, SIM22, SIM23, SIM24, SIM25, SIM26, SIM30"},"geometry":{"type":"LineString","coordinates":[[-74.021524,40.767618],[-74.021841,40.767924],[-74.022227,40.768161],[-74.026163,40.769908],[-74.02869,40.770928],[-74.029394,40.771232],[-74.030124,40.771572],[-74.03294,40.772962],[-74.034174,40.773539],[-74.035581,40.774104],[-74.038909,40.775288]]}},{"type":"Feature","properties":{"mode":"bus","n":19,"arr":["NJ107","NJ108","NJ109","NJ111","NJ122","NJ124","NJ129","NJ192","NJ193","NJ321","NJ324","NJ355","SIM8","SIM22","SIM23","SIM24","SIM25","SIM26","SIM30"],"lines":"107, 108, 109, 111, 122, 124, 129, 192, 193, 321, 324, 355, SIM8, SIM22, SIM23, SIM24, SIM25, SIM26, SIM30"},"geometry":{"type":"LineString","coordinates":[[-74.040798,40.775971],[-74.042412,40.776574]]}},{"type":"Feature","properties":{"mode":"bus","n":11,"arr":["NJ107","NJ108","NJ111","NJ378","SIM8","SIM22","SIM23","SIM24","SIM25","SIM26","SIM30"],"lines":"107, 108, 111, 378, SIM8, SIM22, SIM23, SIM24, SIM25, SIM26, SIM30"},"geometry":{"type":"LineString","coordinates":[[-74.110679,40.753566],[-74.113435,40.752228],[-74.115081,40.751366],[-74.1163,40.750643],[-74.117184,40.750029],[-74.118226,40.74919],[-74.119194,40.748264],[-74.119739,40.74766],[-74.120108,40.747208],[-74.120774,40.746277],[-74.121089,40.745769],[-74.121445,40.745118],[-74.121914,40.744067],[-74.12301,40.740837],[-74.123267,40.740005],[-74.12339,40.739467],[-74.123477,40.738769],[-74.123631,40.735528],[-74.123726,40.734663],[-74.123859,40.734069],[-74.123982,40.733681],[-74.124285,40.732947],[-74.124498,40.732538]]}},{"type":"Feature","properties":{"mode":"bus","n":6,"arr":["SIM8","SIM22","SIM23","SIM24","SIM25","SIM26"],"lines":"SIM8, SIM22, SIM23, SIM24, SIM25, SIM26"},"geometry":{"type":"LineString","coordinates":[[-74.180043,40.62654],[-74.179165,40.625993],[-74.178744,40.625683],[-74.178372,40.625366]]}},{"type":"Feature","properties":{"mode":"bus","n":5,"arr":["SIM22","SIM23","SIM24","SIM25","SIM26"],"lines":"SIM22, SIM23, SIM24, SIM25, SIM26"},"geometry":{"type":"LineString","coordinates":[[-74.177099,40.617235],[-74.176755,40.617836],[-74.175939,40.619137],[-74.175618,40.619864],[-74.175412,40.620446],[-74.175259,40.621062],[-74.175169,40.621729],[-74.175156,40.622363],[-74.175181,40.622644],[-74.17526,40.623028],[-74.175397,40.623404],[-74.175568,40.623692],[-74.175769,40.623937],[-74.176033,40.624178],[-74.176405,40.624423],[-74.177447,40.624947],[-74.17877,40.626017],[-74.17953,40.626518]]}},{"type":"Feature","properties":{"mode":"bus","n":5,"arr":["SIM22","SIM23","SIM24","SIM25","SIM26"],"lines":"SIM22, SIM23, SIM24, SIM25, SIM26"},"geometry":{"type":"LineString","coordinates":[[-74.178372,40.625366],[-74.178126,40.625088],[-74.177528,40.624516],[-74.177237,40.624171],[-74.177044,40.623895],[-74.176821,40.62348],[-74.176685,40.623127],[-74.176589,40.622765],[-74.176514,40.62228],[-74.176512,40.621529],[-74.176631,40.620842],[-74.177469,40.618416],[-74.177521,40.618089]]}},{"type":"Feature","properties":{"mode":"bus","n":24,"arr":["NJ107","NJ108","NJ109","NJ111","NJ119","NJ121","NJ122","NJ123","NJ124","NJ125","NJ126","NJ127","NJ128","NJ129","NJ154","NJ159","NJ192","NJ193","NJ320","NJ321","NJ324","NJ355","SIM23","SIM24"],"lines":"107, 108, 109, 111, 119, 121, 122, 123, 124, 125, 126, 127, 128, 129, 154, 159, 192, 193, 320, 321, 324, 355, SIM23, SIM24"},"geometry":{"type":"LineString","coordinates":[[-73.997082,40.757136],[-73.996608,40.757007],[-73.996209,40.756844]]}},{"type":"Feature","properties":{"mode":"bus","n":10,"arr":["BM1","BM2","BM3","BM4","BxM6","BxM7","BxM8","BxM9","BxM10","SIM31"],"lines":"BM1, BM2, BM3, BM4, BxM6, BxM7, BxM8, BxM9, BxM10, SIM31"},"geometry":{"type":"LineString","coordinates":[[-73.988662,40.742832],[-73.988577,40.742797]]}},{"type":"Feature","properties":{"mode":"bus","n":5,"arr":["B103","BM1","BM2","BM3","BM4"],"lines":"B103, BM1, BM2, BM3, BM4"},"geometry":{"type":"LineString","coordinates":[[-73.981229,40.655835],[-73.981256,40.655913],[-73.982742,40.656957],[-73.983754,40.657716],[-73.985599,40.658827],[-73.986075,40.659142],[-73.986434,40.659419],[-73.986842,40.659792],[-73.987161,40.660145],[-73.988679,40.662234],[-73.98895,40.66256],[-73.989566,40.66316],[-73.990254,40.663661]]}},{"type":"Feature","properties":{"mode":"bus","n":5,"arr":["B103","BM1","BM2","BM3","BM4"],"lines":"B103, BM1, BM2, BM3, BM4"},"geometry":{"type":"LineString","coordinates":[[-73.990977,40.664266],[-73.989695,40.66344],[-73.988982,40.662827],[-73.988754,40.662585],[-73.988528,40.662293],[-73.987339,40.660639],[-73.986868,40.660031],[-73.98647,40.659639],[-73.986109,40.659341],[-73.985598,40.658996],[-73.982664,40.657238],[-73.979094,40.655053],[-73.978613,40.654698],[-73.978192,40.654316],[-73.977786,40.653867],[-73.97748,40.653447],[-73.976792,40.652239],[-73.975531,40.649944],[-73.975236,40.649289],[-73.975093,40.648867],[-73.97489,40.647957],[-73.974663,40.646611],[-73.974331,40.644936]]}},{"type":"Feature","properties":{"mode":"bus","n":5,"arr":["B103","BM1","BM2","BM3","BM4"],"lines":"B103, BM1, BM2, BM3, BM4"},"geometry":{"type":"LineString","coordinates":[[-73.968787,40.639257],[-73.959721,40.643333]]}},{"type":"Feature","properties":{"mode":"bus","n":5,"arr":["QM7","QM8","QM11","QM25","QM65"],"lines":"QM7, QM8, QM11, QM25, QM65"},"geometry":{"type":"LineString","coordinates":[[-73.973828,40.731279],[-73.974024,40.731702],[-73.974974,40.73541],[-73.97505,40.73578],[-73.975048,40.736226],[-73.974945,40.736641],[-73.974754,40.737027],[-73.974504,40.737417],[-73.973623,40.738567],[-73.973319,40.739092],[-73.973155,40.739517],[-73.973047,40.739929],[-73.972904,40.740672],[-73.972927,40.740956],[-73.972783,40.741785],[-73.97268,40.742181],[-73.972554,40.742527],[-73.972358,40.742946],[-73.972225,40.743081],[-73.97207,40.743178]]}},{"type":"Feature","properties":{"mode":"bus","n":5,"arr":["QM7","QM8","QM11","QM25","QM65"],"lines":"QM7, QM8, QM11, QM25, QM65"},"geometry":{"type":"LineString","coordinates":[[-73.972729,40.739948],[-73.973022,40.739113],[-73.973308,40.738625],[-73.973652,40.738147],[-73.974109,40.737577],[-73.974345,40.737367],[-73.97456,40.73709],[-73.974737,40.736788],[-73.974898,40.736239],[-73.97491,40.735793],[-73.974847,40.735451],[-73.973933,40.731868],[-73.97386,40.731663],[-73.973695,40.731331],[-73.973419,40.730969],[-73.973145,40.730702],[-73.972344,40.730033],[-73.972095,40.729763],[-73.971958,40.729569],[-73.971798,40.72927],[-73.971667,40.728846],[-73.971634,40.728414],[-73.971679,40.728]]}},{"type":"Feature","properties":{"mode":"bus","n":5,"arr":["QM7","QM8","QM11","QM25","QM65"],"lines":"QM7, QM8, QM11, QM25, QM65"},"geometry":{"type":"LineString","coordinates":[[-74.008655,40.711395],[-74.008743,40.711457],[-74.009517,40.71181],[-74.01004,40.712046],[-74.010121,40.712059]]}},{"type":"Feature","properties":{"mode":"bus","n":5,"arr":["QM7","QM8","QM11","QM25","QM65"],"lines":"QM7, QM8, QM11, QM25, QM65"},"geometry":{"type":"LineString","coordinates":[[-73.975202,40.744502],[-73.974743,40.745179]]}},{"type":"Feature","properties":{"mode":"bus","n":9,"arr":["BM1","BM2","BM3","BM4","QM7","QM8","QM11","QM25","QM65"],"lines":"BM1, BM2, BM3, BM4, QM7, QM8, QM11, QM25, QM65"},"geometry":{"type":"LineString","coordinates":[[-73.97236,40.729881],[-73.973479,40.730838],[-73.973687,40.731074],[-73.973828,40.731279]]}},{"type":"Feature","properties":{"mode":"bus","n":9,"arr":["BM1","BM2","BM3","BM4","QM7","QM8","QM11","QM25","QM65"],"lines":"BM1, BM2, BM3, BM4, QM7, QM8, QM11, QM25, QM65"},"geometry":{"type":"LineString","coordinates":[[-74.001112,40.710193],[-74.000939,40.710091],[-74.000486,40.709716],[-74.000407,40.709541],[-74.000023,40.709181],[-73.999686,40.708705],[-73.999568,40.708607],[-73.999331,40.708498],[-73.999166,40.708486],[-73.999018,40.7085],[-73.998567,40.708608]]}},{"type":"Feature","properties":{"mode":"bus","n":9,"arr":["BM1","BM2","BM3","BM4","QM7","QM8","QM11","QM25","QM65"],"lines":"BM1, BM2, BM3, BM4, QM7, QM8, QM11, QM25, QM65"},"geometry":{"type":"LineString","coordinates":[[-73.99358,40.709366],[-73.996786,40.708889],[-73.997289,40.708797],[-73.998258,40.708523],[-73.999106,40.708148],[-73.999225,40.70812],[-73.999449,40.708107],[-73.999761,40.708166],[-74.00003,40.708336],[-74.000152,40.708524],[-74.000353,40.709099],[-74.000464,40.709222],[-74.000903,40.70959],[-74.001033,40.70965],[-74.001169,40.709668],[-74.001317,40.70966],[-74.001548,40.709604]]}},{"type":"Feature","properties":{"mode":"bus","n":9,"arr":["BM1","BM2","BM3","BM4","QM7","QM8","QM11","QM25","QM65"],"lines":"BM1, BM2, BM3, BM4, QM7, QM8, QM11, QM25, QM65"},"geometry":{"type":"LineString","coordinates":[[-74.012236,40.702718],[-74.012268,40.702728]]}},{"type":"Feature","properties":{"mode":"bus","n":6,"arr":["BM5","QM7","QM8","QM11","QM25","QM65"],"lines":"BM5, QM7, QM8, QM11, QM25, QM65"},"geometry":{"type":"LineString","coordinates":[[-73.974743,40.745179],[-73.974319,40.745783],[-73.974267,40.745817],[-73.974237,40.745831],[-73.974202,40.745834],[-73.974014,40.745822],[-73.973196,40.745588],[-73.973041,40.74557],[-73.972618,40.745597],[-73.972202,40.745735],[-73.972029,40.745846],[-73.971697,40.746121],[-73.970831,40.7473],[-73.970695,40.74745],[-73.970399,40.747668],[-73.970024,40.747814],[-73.969642,40.747904],[-73.969212,40.747919],[-73.968803,40.747875],[-73.968462,40.747771],[-73.968046,40.747568],[-73.961256,40.742937],[-73.960701,40.742627],[-73.960061,40.742369],[-73.959666,40.742251],[-73.959204,40.742151],[-73.955248,40.741418],[-73.95475,40.741383],[-73.953903,40.741419],[-73.95245,40.741324],[-73.951896,40.741316],[-73.951385,40.741384],[-73.950537,40.74157],[-73.950282,40.741594],[-73.949683,40.741588],[-73.949141,40.741518],[-73.945472,40.740802],[-73.944707,40.740595],[-73.944046,40.740358],[-73.939773,40.73856],[-73.938965,40.738286],[-73.938252,40.738095],[-73.937246,40.737897],[-73.935611,40.737694],[-73.93364,40.737316],[-73.930822,40.736869],[-73.926338,40.735999],[-73.925255,40.735738],[-73.924725,40.735564],[-73.924219,40.735367],[-73.923723,40.735143],[-73.923197,40.734871],[-73.922598,40.7345],[-73.921485,40.733659]]}},{"type":"Feature","properties":{"mode":"bus","n":17,"arr":["BM5","QM7","QM8","QM10","QM11","QM12","QM15","QM16","QM17","QM18","QM21","QM24","QM25","QM34","QM40","QM42","QM65"],"lines":"BM5, QM7, QM8, QM10, QM11, QM12, QM15, QM16, QM17, QM18, QM21, QM24, QM25, QM34, QM40, QM42, QM65"},"geometry":{"type":"LineString","coordinates":[[-73.921485,40.733659],[-73.919805,40.732381],[-73.919269,40.732063],[-73.918777,40.731821],[-73.918022,40.731526],[-73.917466,40.731355],[-73.914465,40.730511],[-73.91211,40.729942],[-73.911551,40.729782],[-73.911042,40.729601],[-73.910533,40.729384],[-73.91007,40.729149],[-73.906558,40.727046],[-73.905876,40.726723],[-73.905116,40.72644],[-73.90448,40.72626],[-73.903881,40.72613],[-73.902385,40.72592],[-73.894692,40.725219],[-73.893845,40.7252],[-73.892966,40.72526],[-73.892112,40.725398],[-73.891554,40.725532],[-73.891025,40.72569],[-73.890249,40.726005],[-73.889772,40.726243],[-73.888062,40.727275],[-73.88757,40.727549],[-73.887335,40.727583],[-73.886984,40.727735],[-73.886,40.72804],[-73.88559,40.728124],[-73.88496,40.728201],[-73.881674,40.72844],[-73.880566,40.728539],[-73.879861,40.72868],[-73.879189,40.728897],[-73.877724,40.729545],[-73.876894,40.729858],[-73.876052,40.730147],[-73.873683,40.73088]]}},{"type":"Feature","properties":{"mode":"bus","n":12,"arr":["BM5","QM10","QM11","QM12","QM15","QM16","QM17","QM24","QM25","QM34","QM40","QM42"],"lines":"BM5, QM10, QM11, QM12, QM15, QM16, QM17, QM24, QM25, QM34, QM40, QM42"},"geometry":{"type":"LineString","coordinates":[[-73.873683,40.73088],[-73.872236,40.731142],[-73.872011,40.731155],[-73.87171,40.731127]]}},{"type":"Feature","properties":{"mode":"bus","n":7,"arr":["BM5","Q11","Q52-SBS","Q53-SBS","QM15","QM16","QM17"],"lines":"BM5, Q11, Q52-SBS, Q53-SBS, QM15, QM16, QM17"},"geometry":{"type":"LineString","coordinates":[[-73.87108,40.727846],[-73.870314,40.72616],[-73.869794,40.725116],[-73.869386,40.724402],[-73.86886,40.723791],[-73.867427,40.722283],[-73.865596,40.720253],[-73.86313,40.717682],[-73.861318,40.715995],[-73.860136,40.714931],[-73.860046,40.714809],[-73.859786,40.714203],[-73.859739,40.713974]]}},{"type":"Feature","properties":{"mode":"bus","n":7,"arr":["BM5","Q11","Q52-SBS","Q53-SBS","QM15","QM16","QM17"],"lines":"BM5, Q11, Q52-SBS, Q53-SBS, QM15, QM16, QM17"},"geometry":{"type":"LineString","coordinates":[[-73.859872,40.711864],[-73.859874,40.71137],[-73.859315,40.707339],[-73.859231,40.706954],[-73.859072,40.706544],[-73.858887,40.706227],[-73.858678,40.705961],[-73.858162,40.705451],[-73.856937,40.704589],[-73.856489,40.704312]]}},{"type":"Feature","properties":{"mode":"bus","n":7,"arr":["BM5","Q11","Q52-SBS","Q53-SBS","QM15","QM16","QM17"],"lines":"BM5, Q11, Q52-SBS, Q53-SBS, QM15, QM16, QM17"},"geometry":{"type":"LineString","coordinates":[[-73.855408,40.702612],[-73.855369,40.701627],[-73.855322,40.701403],[-73.855223,40.701182],[-73.855077,40.70099],[-73.854038,40.699918],[-73.853524,40.699293],[-73.852989,40.698498],[-73.852878,40.698275],[-73.852804,40.698037],[-73.852864,40.697225],[-73.852894,40.696123],[-73.852534,40.694342],[-73.852461,40.694099],[-73.85228,40.693646],[-73.850126,40.689831]]}},{"type":"Feature","properties":{"mode":"bus","n":7,"arr":["BM5","Q11","Q52-SBS","Q53-SBS","QM15","QM16","QM17"],"lines":"BM5, Q11, Q52-SBS, Q53-SBS, QM15, QM16, QM17"},"geometry":{"type":"LineString","coordinates":[[-73.844232,40.679278],[-73.844556,40.680416],[-73.844604,40.681117],[-73.844684,40.681462],[-73.846854,40.685937]]}},{"type":"Feature","properties":{"mode":"bus","n":7,"arr":["BM5","Q11","Q52-SBS","Q53-SBS","QM15","QM16","QM17"],"lines":"BM5, Q11, Q52-SBS, Q53-SBS, QM15, QM16, QM17"},"geometry":{"type":"LineString","coordinates":[[-73.850816,40.691281],[-73.852197,40.693947],[-73.852415,40.694471],[-73.852511,40.694804],[-73.852785,40.69631],[-73.852712,40.697227],[-73.852616,40.697884],[-73.852611,40.698033],[-73.852653,40.698274],[-73.853006,40.698883],[-73.853852,40.700013],[-73.854904,40.701077],[-73.855066,40.701306],[-73.855132,40.701465],[-73.855169,40.70166],[-73.85519,40.702964],[-73.855268,40.703285]]}},{"type":"Feature","properties":{"mode":"bus","n":7,"arr":["BM5","Q11","Q52-SBS","Q53-SBS","QM15","QM16","QM17"],"lines":"BM5, Q11, Q52-SBS, Q53-SBS, QM15, QM16, QM17"},"geometry":{"type":"LineString","coordinates":[[-73.856682,40.704584],[-73.857199,40.704981],[-73.858211,40.70567]]}},{"type":"Feature","properties":{"mode":"bus","n":7,"arr":["BM5","Q11","Q52-SBS","Q53-SBS","QM15","QM16","QM17"],"lines":"BM5, Q11, Q52-SBS, Q53-SBS, QM15, QM16, QM17"},"geometry":{"type":"LineString","coordinates":[[-73.859508,40.713752],[-73.8596,40.714249],[-73.859828,40.714793],[-73.859934,40.714973],[-73.860511,40.715527],[-73.862051,40.716911],[-73.863507,40.718325],[-73.865159,40.720073],[-73.8662,40.721241],[-73.867623,40.722769],[-73.868701,40.723886],[-73.869273,40.724561],[-73.870113,40.726216],[-73.870918,40.727979]]}},{"type":"Feature","properties":{"mode":"bus","n":9,"arr":["BM5","Q11","Q52-SBS","Q53-SBS","QM12","QM15","QM16","QM17","QM42"],"lines":"BM5, Q11, Q52-SBS, Q53-SBS, QM12, QM15, QM16, QM17, QM42"},"geometry":{"type":"LineString","coordinates":[[-73.859739,40.713974],[-73.859739,40.713547],[-73.859872,40.711864]]}},{"type":"Feature","properties":{"mode":"bus","n":9,"arr":["BM5","Q11","Q52-SBS","Q53-SBS","QM12","QM15","QM16","QM17","QM42"],"lines":"BM5, Q11, Q52-SBS, Q53-SBS, QM12, QM15, QM16, QM17, QM42"},"geometry":{"type":"LineString","coordinates":[[-73.859638,40.711828],[-73.859508,40.713752]]}},{"type":"Feature","properties":{"mode":"bus","n":5,"arr":["BM5","Q52-SBS","Q53-SBS","QM16","QM17"],"lines":"BM5, Q52-SBS, Q53-SBS, QM16, QM17"},"geometry":{"type":"LineString","coordinates":[[-73.856489,40.704312],[-73.856056,40.704063],[-73.855772,40.703861],[-73.855532,40.703578],[-73.855432,40.703366]]}},{"type":"Feature","properties":{"mode":"bus","n":5,"arr":["BM5","Q52-SBS","Q53-SBS","QM16","QM17"],"lines":"BM5, Q52-SBS, Q53-SBS, QM16, QM17"},"geometry":{"type":"LineString","coordinates":[[-73.850126,40.689831],[-73.849668,40.689094],[-73.849255,40.688557],[-73.848334,40.687526],[-73.847792,40.687043],[-73.847509,40.68674],[-73.847143,40.686233],[-73.844868,40.681637],[-73.844742,40.681201],[-73.84471,40.680701]]}},{"type":"Feature","properties":{"mode":"bus","n":5,"arr":["BM5","Q52-SBS","Q53-SBS","QM16","QM17"],"lines":"BM5, Q52-SBS, Q53-SBS, QM16, QM17"},"geometry":{"type":"LineString","coordinates":[[-73.846854,40.685937],[-73.84712,40.686408],[-73.847418,40.686804],[-73.84765,40.687057],[-73.848218,40.68757],[-73.848505,40.687865],[-73.849176,40.688636],[-73.849696,40.689334],[-73.850015,40.689864]]}},{"type":"Feature","properties":{"mode":"bus","n":5,"arr":["BM5","Q52-SBS","Q53-SBS","QM16","QM17"],"lines":"BM5, Q52-SBS, Q53-SBS, QM16, QM17"},"geometry":{"type":"LineString","coordinates":[[-73.855268,40.703285],[-73.855469,40.703618],[-73.855743,40.703922],[-73.856682,40.704584]]}},{"type":"Feature","properties":{"mode":"bus","n":6,"arr":["BM5","Q11","Q52-SBS","QM15","QM16","QM17"],"lines":"BM5, Q11, Q52-SBS, QM15, QM16, QM17"},"geometry":{"type":"LineString","coordinates":[[-73.855416,40.702871],[-73.855408,40.702612]]}},{"type":"Feature","properties":{"mode":"bus","n":6,"arr":["BM5","Q41","Q52-SBS","Q53-SBS","QM16","QM17"],"lines":"BM5, Q41, Q52-SBS, Q53-SBS, QM16, QM17"},"geometry":{"type":"LineString","coordinates":[[-73.84471,40.680701],[-73.844726,40.680354]]}},{"type":"Feature","properties":{"mode":"bus","n":8,"arr":["BM5","Q11","Q41","Q52-SBS","Q53-SBS","QM15","QM16","QM17"],"lines":"BM5, Q11, Q41, Q52-SBS, Q53-SBS, QM15, QM16, QM17"},"geometry":{"type":"LineString","coordinates":[[-73.844726,40.680354],[-73.844449,40.679344]]}},{"type":"Feature","properties":{"mode":"bus","n":8,"arr":["BM5","Q11","Q41","Q52-SBS","Q53-SBS","QM15","QM16","QM17"],"lines":"BM5, Q11, Q41, Q52-SBS, Q53-SBS, QM15, QM16, QM17"},"geometry":{"type":"LineString","coordinates":[[-73.84384,40.676788],[-73.843417,40.67538],[-73.843348,40.675044],[-73.843291,40.674434],[-73.843383,40.673074],[-73.843352,40.67255],[-73.843281,40.672151],[-73.842884,40.670592]]}},{"type":"Feature","properties":{"mode":"bus","n":8,"arr":["BM5","Q11","Q41","Q52-SBS","Q53-SBS","QM15","QM16","QM17"],"lines":"BM5, Q11, Q41, Q52-SBS, Q53-SBS, QM15, QM16, QM17"},"geometry":{"type":"LineString","coordinates":[[-73.842053,40.668318],[-73.842659,40.670438],[-73.843096,40.672247],[-73.84317,40.672788],[-73.843171,40.673146],[-73.843095,40.67462],[-73.843218,40.675402],[-73.843614,40.676748]]}},{"type":"Feature","properties":{"mode":"bus","n":9,"arr":["BM5","Q11","Q41","Q52-SBS","Q53-SBS","Q112","QM15","QM16","QM17"],"lines":"BM5, Q11, Q41, Q52-SBS, Q53-SBS, Q112, QM15, QM16, QM17"},"geometry":{"type":"LineString","coordinates":[[-73.844449,40.679344],[-73.844198,40.677988],[-73.84384,40.676788]]}},{"type":"Feature","properties":{"mode":"bus","n":9,"arr":["BM5","Q11","Q41","Q52-SBS","Q53-SBS","Q112","QM15","QM16","QM17"],"lines":"BM5, Q11, Q41, Q52-SBS, Q53-SBS, Q112, QM15, QM16, QM17"},"geometry":{"type":"LineString","coordinates":[[-73.843614,40.676748],[-73.844007,40.678077],[-73.844232,40.679278]]}},{"type":"Feature","properties":{"mode":"bus","n":6,"arr":["BM5","Q52-SBS","Q53-SBS","QM15","QM16","QM17"],"lines":"BM5, Q52-SBS, Q53-SBS, QM15, QM16, QM17"},"geometry":{"type":"LineString","coordinates":[[-73.850015,40.689864],[-73.850816,40.691281]]}},{"type":"Feature","properties":{"mode":"bus","n":8,"arr":["BM5","Q11","Q23","Q52-SBS","Q53-SBS","QM15","QM16","QM17"],"lines":"BM5, Q11, Q23, Q52-SBS, Q53-SBS, QM15, QM16, QM17"},"geometry":{"type":"LineString","coordinates":[[-73.858211,40.70567],[-73.858521,40.705975],[-73.858843,40.706416],[-73.859091,40.706962],[-73.859145,40.707162],[-73.859662,40.711297],[-73.859638,40.711828]]}},{"type":"Feature","properties":{"mode":"bus","n":20,"arr":["BM5","QM1","QM4","QM5","QM6","QM7","QM8","QM15","QM16","QM17","QM18","QM21","QM24","QM25","QM31","QM34","QM35","QM36","QM44","QM65"],"lines":"BM5, QM1, QM4, QM5, QM6, QM7, QM8, QM15, QM16, QM17, QM18, QM21, QM24, QM25, QM31, QM34, QM35, QM36, QM44, QM65"},"geometry":{"type":"LineString","coordinates":[[-73.870706,40.732661],[-73.870352,40.73291],[-73.870112,40.73299],[-73.869923,40.732968],[-73.869811,40.73291],[-73.86974,40.732828],[-73.869705,40.732686],[-73.86977,40.732559],[-73.869968,40.732412],[-73.870831,40.732027]]}},{"type":"Feature","properties":{"mode":"bus","n":23,"arr":["BM5","QM1","QM2","QM4","QM5","QM6","QM7","QM8","QM15","QM16","QM17","QM18","QM20","QM21","QM24","QM25","QM31","QM32","QM34","QM35","QM36","QM44","QM65"],"lines":"BM5, QM1, QM2, QM4, QM5, QM6, QM7, QM8, QM15, QM16, QM17, QM18, QM20, QM21, QM24, QM25, QM31, QM32, QM34, QM35, QM36, QM44, QM65"},"geometry":{"type":"LineString","coordinates":[[-73.870831,40.732027],[-73.876486,40.730322],[-73.877267,40.730049],[-73.879426,40.72918],[-73.880227,40.728942],[-73.881063,40.728778],[-73.881636,40.728709],[-73.884932,40.728448],[-73.885497,40.728362],[-73.886187,40.728207],[-73.886986,40.72795],[-73.887727,40.727629],[-73.889234,40.72678]]}},{"type":"Feature","properties":{"mode":"bus","n":28,"arr":["BM5","QM1","QM2","QM4","QM5","QM6","QM7","QM8","QM10","QM11","QM12","QM15","QM16","QM17","QM18","QM20","QM21","QM24","QM25","QM31","QM32","QM34","QM35","QM36","QM40","QM42","QM44","QM65"],"lines":"BM5, QM1, QM2, QM4, QM5, QM6, QM7, QM8, QM10, QM11, QM12, QM15, QM16, QM17, QM18, QM20, QM21, QM24, QM25, QM31, QM32, QM34, QM35, QM36, QM40, QM42, QM44, QM65"},"geometry":{"type":"LineString","coordinates":[[-73.950315,40.741706],[-73.951604,40.741608],[-73.952266,40.741467]]}},{"type":"Feature","properties":{"mode":"bus","n":28,"arr":["BM5","QM1","QM2","QM4","QM5","QM6","QM7","QM8","QM10","QM11","QM12","QM15","QM16","QM17","QM18","QM20","QM21","QM24","QM25","QM31","QM32","QM34","QM35","QM36","QM40","QM42","QM44","QM65"],"lines":"BM5, QM1, QM2, QM4, QM5, QM6, QM7, QM8, QM10, QM11, QM12, QM15, QM16, QM17, QM18, QM20, QM21, QM24, QM25, QM31, QM32, QM34, QM35, QM36, QM40, QM42, QM44, QM65"},"geometry":{"type":"LineString","coordinates":[[-73.971675,40.7463],[-73.97136,40.746169]]}},{"type":"Feature","properties":{"mode":"bus","n":28,"arr":["BM5","QM1","QM2","QM4","QM5","QM6","QM7","QM8","QM10","QM11","QM12","QM15","QM16","QM17","QM18","QM20","QM21","QM24","QM25","QM31","QM32","QM34","QM35","QM36","QM40","QM42","QM44","QM65"],"lines":"BM5, QM1, QM2, QM4, QM5, QM6, QM7, QM8, QM10, QM11, QM12, QM15, QM16, QM17, QM18, QM20, QM21, QM24, QM25, QM31, QM32, QM34, QM35, QM36, QM40, QM42, QM44, QM65"},"geometry":{"type":"LineString","coordinates":[[-73.972124,40.745688],[-73.972892,40.74601],[-73.972935,40.746021],[-73.972979,40.746017],[-73.973244,40.745953]]}},{"type":"Feature","properties":{"mode":"bus","n":28,"arr":["BM5","QM1","QM2","QM4","QM5","QM6","QM7","QM8","QM10","QM11","QM12","QM15","QM16","QM17","QM18","QM20","QM21","QM24","QM25","QM31","QM32","QM34","QM35","QM36","QM40","QM42","QM44","QM65"],"lines":"BM5, QM1, QM2, QM4, QM5, QM6, QM7, QM8, QM10, QM11, QM12, QM15, QM16, QM17, QM18, QM20, QM21, QM24, QM25, QM31, QM32, QM34, QM35, QM36, QM40, QM42, QM44, QM65"},"geometry":{"type":"LineString","coordinates":[[-73.97047,40.747816],[-73.970783,40.747556]]}},{"type":"Feature","properties":{"mode":"bus","n":6,"arr":["BxM6","BxM7","BxM8","BxM9","BxM10","BxM11"],"lines":"BxM6, BxM7, BxM8, BxM9, BxM10, BxM11"},"geometry":{"type":"LineString","coordinates":[[-73.936313,40.803028],[-73.934075,40.802092],[-73.933898,40.802093],[-73.933613,40.802236],[-73.933403,40.802276],[-73.933236,40.802259],[-73.932893,40.802155]]}},{"type":"Feature","properties":{"mode":"bus","n":6,"arr":["BxM6","BxM7","BxM8","BxM9","BxM10","BxM11"],"lines":"BxM6, BxM7, BxM8, BxM9, BxM10, BxM11"},"geometry":{"type":"LineString","coordinates":[[-73.923219,40.798226],[-73.922247,40.797687],[-73.921892,40.797434],[-73.921714,40.797228],[-73.921624,40.797081],[-73.921407,40.796558],[-73.921279,40.796408],[-73.921205,40.796362],[-73.920878,40.79622],[-73.920588,40.796196],[-73.920397,40.796218],[-73.920248,40.79626],[-73.91998,40.796398],[-73.919877,40.796486],[-73.919762,40.796638],[-73.919694,40.796856],[-73.919706,40.797019],[-73.919821,40.797324],[-73.919809,40.797574],[-73.919426,40.798203],[-73.917156,40.801293],[-73.916878,40.801604],[-73.916357,40.802286],[-73.915944,40.802703],[-73.915629,40.802922],[-73.915232,40.80313],[-73.914904,40.803246],[-73.914297,40.803409],[-73.913946,40.803542],[-73.912486,40.804208],[-73.911215,40.8049],[-73.910409,40.805309],[-73.909072,40.805898],[-73.906526,40.806965],[-73.905955,40.807261],[-73.897102,40.813581],[-73.896486,40.814146],[-73.890815,40.81964],[-73.89041,40.819999]]}},{"type":"Feature","properties":{"mode":"bus","n":6,"arr":["BxM6","BxM7","BxM8","BxM9","BxM10","BxM11"],"lines":"BxM6, BxM7, BxM8, BxM9, BxM10, BxM11"},"geometry":{"type":"LineString","coordinates":[[-73.891864,40.81891],[-73.893675,40.817124],[-73.89456,40.816311],[-73.894893,40.815924],[-73.896598,40.814247],[-73.897428,40.813521],[-73.900324,40.811431],[-73.901259,40.810795],[-73.905374,40.807843],[-73.905952,40.807454],[-73.906575,40.807114],[-73.908861,40.806153],[-73.914174,40.803706],[-73.914408,40.803626],[-73.914776,40.80354],[-73.915601,40.80347],[-73.915863,40.803425],[-73.916143,40.803318],[-73.916286,40.803227],[-73.916415,40.80311],[-73.916503,40.802978],[-73.916654,40.802309],[-73.91685,40.801914],[-73.917151,40.80156],[-73.918823,40.799267],[-73.91906,40.799012],[-73.919989,40.797755],[-73.92013,40.797628],[-73.920375,40.79752],[-73.920565,40.797483],[-73.920912,40.797479],[-73.921255,40.797531],[-73.9216,40.797646],[-73.922715,40.798167]]}},{"type":"Feature","properties":{"mode":"bus","n":6,"arr":["Q6","Q8","Q9","Q40","Q41","Q60"],"lines":"Q6, Q8, Q9, Q40, Q41, Q60"},"geometry":{"type":"LineString","coordinates":[[-73.806466,40.698408],[-73.805546,40.696917],[-73.804481,40.69618]]}},{"type":"Feature","properties":{"mode":"bus","n":5,"arr":["n26","Q6","Q8","Q9","Q41"],"lines":"n26, Q6, Q8, Q9, Q41"},"geometry":{"type":"LineString","coordinates":[[-73.793136,40.707383],[-73.792978,40.707442],[-73.792959,40.707447],[-73.792941,40.707446],[-73.792927,40.707439],[-73.792915,40.707426],[-73.792898,40.707398],[-73.792881,40.707382],[-73.79286,40.707376],[-73.792834,40.707381],[-73.791909,40.707702],[-73.791892,40.707711],[-73.791882,40.707721],[-73.791881,40.707734],[-73.791888,40.707749],[-73.792079,40.708025]]}},{"type":"Feature","properties":{"mode":"bus","n":5,"arr":["n26","Q6","Q8","Q9","Q41"],"lines":"n26, Q6, Q8, Q9, Q41"},"geometry":{"type":"LineString","coordinates":[[-73.791297,40.707734],[-73.791562,40.708188]]}},{"type":"Feature","properties":{"mode":"bus","n":7,"arr":["Q11","Q41","Q52-SBS","Q53-SBS","QM15","QM16","QM17"],"lines":"Q11, Q41, Q52-SBS, Q53-SBS, QM15, QM16, QM17"},"geometry":{"type":"LineString","coordinates":[[-73.842884,40.670592],[-73.842158,40.667944]]}},{"type":"Feature","properties":{"mode":"bus","n":6,"arr":["Q22","Q52-SBS","Q53-SBS","QM15","QM16","QM17"],"lines":"Q22, Q52-SBS, Q53-SBS, QM15, QM16, QM17"},"geometry":{"type":"LineString","coordinates":[[-73.817179,40.585718],[-73.816704,40.585938]]}},{"type":"Feature","properties":{"mode":"bus","n":7,"arr":["n31","n32","n33","Q22","Q113","Q114","QM17"],"lines":"n31, n32, n33, Q22, Q113, Q114, QM17"},"geometry":{"type":"LineString","coordinates":[[-73.753958,40.595036],[-73.753202,40.595016]]}},{"type":"Feature","properties":{"mode":"bus","n":5,"arr":["n31","n32","n33","Q22","QM17"],"lines":"n31, n32, n33, Q22, QM17"},"geometry":{"type":"LineString","coordinates":[[-73.753194,40.595234],[-73.753222,40.597271],[-73.753185,40.597449],[-73.752478,40.599256],[-73.752293,40.599871],[-73.751503,40.602195]]}},{"type":"Feature","properties":{"mode":"bus","n":5,"arr":["n31","n32","n33","Q22","QM17"],"lines":"n31, n32, n33, Q22, QM17"},"geometry":{"type":"LineString","coordinates":[[-73.753622,40.601232],[-73.753356,40.602274]]}},{"type":"Feature","properties":{"mode":"bus","n":5,"arr":["n31","n32","n33","Q22","QM17"],"lines":"n31, n32, n33, Q22, QM17"},"geometry":{"type":"LineString","coordinates":[[-73.753998,40.595249],[-73.754286,40.597228],[-73.754247,40.597433],[-73.754232,40.598865],[-73.754201,40.599066],[-73.753727,40.600817]]}},{"type":"Feature","properties":{"mode":"bus","n":5,"arr":["n31","n31X/M","n32","Q22","Q113"],"lines":"n31, n31X/M, n32, Q22, Q113"},"geometry":{"type":"LineString","coordinates":[[-73.750344,40.606522],[-73.752188,40.605001],[-73.752669,40.604537],[-73.752792,40.604389],[-73.752866,40.604227]]}},{"type":"Feature","properties":{"mode":"bus","n":5,"arr":["Q23","QM4","QM12","QM42","QM44"],"lines":"Q23, QM4, QM12, QM42, QM44"},"geometry":{"type":"LineString","coordinates":[[-73.847446,40.722922],[-73.84769,40.722864]]}},{"type":"Feature","properties":{"mode":"bus","n":11,"arr":["Q23","QM1","QM5","QM6","QM7","QM8","QM11","QM21","QM31","QM35","QM36"],"lines":"Q23, QM1, QM5, QM6, QM7, QM8, QM11, QM21, QM31, QM35, QM36"},"geometry":{"type":"LineString","coordinates":[[-73.847446,40.722922],[-73.844009,40.721397]]}},{"type":"Feature","properties":{"mode":"bus","n":9,"arr":["QM1","QM5","QM6","QM7","QM8","QM21","QM31","QM35","QM36"],"lines":"QM1, QM5, QM6, QM7, QM8, QM21, QM31, QM35, QM36"},"geometry":{"type":"LineString","coordinates":[[-73.831215,40.714498],[-73.831362,40.714573],[-73.832168,40.715169],[-73.83405,40.716624],[-73.834793,40.717148],[-73.835508,40.717612],[-73.836422,40.718136],[-73.83746,40.718637],[-73.846052,40.722448]]}},{"type":"Feature","properties":{"mode":"bus","n":9,"arr":["QM1","QM5","QM6","QM7","QM8","QM21","QM31","QM35","QM36"],"lines":"QM1, QM5, QM6, QM7, QM8, QM21, QM31, QM35, QM36"},"geometry":{"type":"LineString","coordinates":[[-73.849793,40.724295],[-73.849037,40.723729],[-73.848608,40.723471],[-73.848123,40.723224],[-73.847446,40.722922]]}},{"type":"Feature","properties":{"mode":"bus","n":9,"arr":["QM1","QM5","QM6","QM7","QM8","QM21","QM31","QM35","QM36"],"lines":"QM1, QM5, QM6, QM7, QM8, QM21, QM31, QM35, QM36"},"geometry":{"type":"LineString","coordinates":[[-73.839809,40.719541],[-73.8369,40.718224],[-73.836241,40.717873],[-73.835579,40.717499],[-73.83503,40.717129],[-73.833619,40.716093]]}},{"type":"Feature","properties":{"mode":"bus","n":9,"arr":["QM1","QM5","QM6","QM7","QM8","QM21","QM31","QM35","QM36"],"lines":"QM1, QM5, QM6, QM7, QM8, QM21, QM31, QM35, QM36"},"geometry":{"type":"LineString","coordinates":[[-73.847242,40.722976],[-73.848308,40.723463],[-73.848588,40.723616],[-73.849109,40.72396],[-73.849814,40.724521],[-73.850436,40.72519]]}},{"type":"Feature","properties":{"mode":"bus","n":10,"arr":["Q23","QM1","QM5","QM6","QM7","QM8","QM21","QM31","QM35","QM36"],"lines":"Q23, QM1, QM5, QM6, QM7, QM8, QM21, QM31, QM35, QM36"},"geometry":{"type":"LineString","coordinates":[[-73.846052,40.722448],[-73.847242,40.722976]]}},{"type":"Feature","properties":{"mode":"bus","n":6,"arr":["Q23","QM4","QM11","QM12","QM42","QM44"],"lines":"Q23, QM4, QM11, QM12, QM42, QM44"},"geometry":{"type":"LineString","coordinates":[[-73.847242,40.722976],[-73.847446,40.722922]]}},{"type":"Feature","properties":{"mode":"bus","n":11,"arr":["Q32","QM1","QM2","QM4","QM5","QM6","QM10","QM12","QM20","QM24","QM32"],"lines":"Q32, QM1, QM2, QM4, QM5, QM6, QM10, QM12, QM20, QM24, QM32"},"geometry":{"type":"LineString","coordinates":[[-73.966589,40.761562],[-73.964356,40.760621]]}},{"type":"Feature","properties":{"mode":"bus","n":5,"arr":["Q32","Q60","QM2","QM20","QM32"],"lines":"Q32, Q60, QM2, QM20, QM32"},"geometry":{"type":"LineString","coordinates":[[-73.963939,40.760698],[-73.96336,40.760639],[-73.96312,40.760569],[-73.961886,40.760037],[-73.960627,40.759458],[-73.94568,40.752965],[-73.940821,40.750877]]}},{"type":"Feature","properties":{"mode":"bus","n":5,"arr":["Q33","Q47","Q49","Q53-SBS","Q70-SBS"],"lines":"Q33, Q47, Q49, Q53-SBS, Q70-SBS"},"geometry":{"type":"LineString","coordinates":[[-73.891402,40.746685],[-73.890937,40.746482]]}},{"type":"Feature","properties":{"mode":"bus","n":6,"arr":["Q41","Q52-SBS","Q53-SBS","QM15","QM16","QM17"],"lines":"Q41, Q52-SBS, Q53-SBS, QM15, QM16, QM17"},"geometry":{"type":"LineString","coordinates":[[-73.839358,40.657522],[-73.840184,40.66095],[-73.840599,40.662543]]}},{"type":"Feature","properties":{"mode":"bus","n":6,"arr":["Q41","Q52-SBS","Q53-SBS","QM15","QM16","QM17"],"lines":"Q41, Q52-SBS, Q53-SBS, QM15, QM16, QM17"},"geometry":{"type":"LineString","coordinates":[[-73.840799,40.662515],[-73.840483,40.661141],[-73.837892,40.650802]]}},{"type":"Feature","properties":{"mode":"bus","n":5,"arr":["Q52-SBS","Q53-SBS","QM15","QM16","QM17"],"lines":"Q52-SBS, Q53-SBS, QM15, QM16, QM17"},"geometry":{"type":"LineString","coordinates":[[-73.816704,40.585938],[-73.817401,40.587123],[-73.817465,40.587456],[-73.817423,40.587936],[-73.817489,40.58814],[-73.817607,40.588292],[-73.818467,40.589136],[-73.818839,40.589614],[-73.819102,40.590086],[-73.819406,40.590877],[-73.819557,40.591165],[-73.820822,40.5958],[-73.820921,40.596339],[-73.820936,40.596691],[-73.820901,40.597123],[-73.818977,40.60952],[-73.818947,40.610071],[-73.818973,40.610569],[-73.819043,40.611036],[-73.819142,40.611408],[-73.819347,40.611924],[-73.8195,40.61221],[-73.819745,40.612643],[-73.82013,40.613192],[-73.82117,40.61445],[-73.823199,40.616829],[-73.824021,40.617871],[-73.824222,40.618159],[-73.824973,40.619408],[-73.825284,40.620072],[-73.825591,40.620844],[-73.828987,40.632722],[-73.829298,40.633561],[-73.829844,40.634733],[-73.830138,40.635263],[-73.830478,40.635796],[-73.83119,40.636765],[-73.832081,40.637835],[-73.832437,40.638312],[-73.83286,40.638947],[-73.836334,40.645496],[-73.836502,40.645971],[-73.83676,40.646914],[-73.837683,40.650832],[-73.839358,40.657522]]}},{"type":"Feature","properties":{"mode":"bus","n":5,"arr":["Q52-SBS","Q53-SBS","QM15","QM16","QM17"],"lines":"Q52-SBS, Q53-SBS, QM15, QM16, QM17"},"geometry":{"type":"LineString","coordinates":[[-73.837892,40.650802],[-73.836669,40.645942],[-73.836467,40.645405],[-73.83381,40.640381],[-73.833008,40.638918],[-73.832566,40.638228],[-73.832324,40.637901],[-73.831334,40.636686],[-73.830639,40.635748],[-73.830016,40.63468],[-73.829478,40.633515],[-73.829056,40.63233],[-73.828762,40.631198],[-73.825781,40.620799],[-73.82516,40.619355],[-73.824405,40.6181],[-73.823802,40.617303],[-73.821782,40.61493],[-73.821007,40.614072],[-73.820262,40.61316],[-73.819926,40.612678],[-73.819615,40.612157],[-73.819418,40.611775],[-73.819261,40.611358],[-73.819169,40.610997],[-73.819095,40.610494],[-73.819078,40.610087],[-73.819141,40.609495],[-73.820874,40.598332],[-73.820903,40.597931],[-73.821043,40.596959],[-73.82105,40.596397],[-73.820995,40.596023],[-73.820828,40.595322],[-73.819386,40.590073],[-73.819316,40.589712],[-73.81911,40.587879],[-73.819017,40.587696],[-73.818845,40.587527],[-73.818245,40.58723],[-73.818052,40.587068],[-73.817917,40.586891],[-73.817179,40.585718]]}},{"type":"Feature","properties":{"mode":"bus","n":6,"arr":["Q63","Q101","Q102","QM2","QM20","QM32"],"lines":"Q63, Q101, Q102, QM2, QM20, QM32"},"geometry":{"type":"LineString","coordinates":[[-73.937395,40.748928],[-73.937185,40.748995],[-73.936788,40.749171],[-73.936209,40.749643],[-73.934743,40.750979],[-73.934048,40.751435],[-73.933779,40.751569]]}},{"type":"Feature","properties":{"mode":"bus","n":5,"arr":["Q63","Q101","QM2","QM20","QM32"],"lines":"Q63, Q101, QM2, QM20, QM32"},"geometry":{"type":"LineString","coordinates":[[-73.933779,40.751569],[-73.93332,40.751736],[-73.932901,40.751851],[-73.932191,40.751962],[-73.931805,40.751984],[-73.925977,40.75208],[-73.925746,40.752106],[-73.92436,40.752422]]}},{"type":"Feature","properties":{"mode":"bus","n":5,"arr":["Q63","Q66","QM2","QM20","QM32"],"lines":"Q63, Q66, QM2, QM20, QM32"},"geometry":{"type":"LineString","coordinates":[[-73.914684,40.753658],[-73.915757,40.753831],[-73.916372,40.753886],[-73.917132,40.753894],[-73.917678,40.753854],[-73.918527,40.75372],[-73.92149,40.753059]]}},{"type":"Feature","properties":{"mode":"bus","n":5,"arr":["Q63","Q66","QM2","QM20","QM32"],"lines":"Q63, Q66, QM2, QM20, QM32"},"geometry":{"type":"LineString","coordinates":[[-73.855582,40.758276],[-73.856232,40.758191],[-73.856957,40.75814],[-73.85855,40.757928],[-73.865469,40.75766],[-73.897242,40.754322],[-73.899296,40.7541],[-73.899584,40.754014],[-73.901397,40.75383],[-73.901778,40.753842],[-73.909769,40.752992],[-73.910241,40.75297],[-73.910683,40.752989],[-73.913481,40.753459]]}},{"type":"Feature","properties":{"mode":"bus","n":6,"arr":["Q63","Q66","Q104","QM2","QM20","QM32"],"lines":"Q63, Q66, Q104, QM2, QM20, QM32"},"geometry":{"type":"LineString","coordinates":[[-73.913481,40.753459],[-73.914684,40.753658]]}},{"type":"Feature","properties":{"mode":"bus","n":6,"arr":["Q66","Q69","Q100","QM31","QM35","QM36"],"lines":"Q66, Q69, Q100, QM31, QM35, QM36"},"geometry":{"type":"LineString","coordinates":[[-73.942834,40.750656],[-73.942304,40.751227],[-73.942295,40.751242],[-73.942294,40.751254],[-73.942302,40.751265],[-73.942318,40.751275],[-73.942461,40.751339]]}},{"type":"Feature","properties":{"mode":"bus","n":6,"arr":["Q111","Q113","Q114","Q115","QM21","QM65"],"lines":"Q111, Q113, Q114, Q115, QM21, QM65"},"geometry":{"type":"LineString","coordinates":[[-73.77451,40.671841],[-73.774505,40.671956],[-73.778589,40.67735],[-73.779322,40.678309],[-73.779501,40.678371],[-73.779757,40.67871],[-73.785805,40.688997]]}},{"type":"Feature","properties":{"mode":"bus","n":5,"arr":["Q111","Q112","Q113","Q114","Q115"],"lines":"Q111, Q112, Q113, Q114, Q115"},"geometry":{"type":"LineString","coordinates":[[-73.796094,40.703318],[-73.793563,40.699735]]}},{"type":"Feature","properties":{"mode":"bus","n":5,"arr":["Q111","Q113","Q114","Q115","QM65"],"lines":"Q111, Q113, Q114, Q115, QM65"},"geometry":{"type":"LineString","coordinates":[[-73.779501,40.678371],[-73.779455,40.678269],[-73.779251,40.677988],[-73.776459,40.67431],[-73.77461,40.671895],[-73.77451,40.671841]]}},{"type":"Feature","properties":{"mode":"bus","n":7,"arr":["QM1","QM4","QM5","QM6","QM10","QM12","QM24"],"lines":"QM1, QM4, QM5, QM6, QM10, QM12, QM24"},"geometry":{"type":"LineString","coordinates":[[-73.964356,40.760621],[-73.963749,40.760363]]}},{"type":"Feature","properties":{"mode":"bus","n":7,"arr":["QM1","QM4","QM5","QM6","QM10","QM12","QM24"],"lines":"QM1, QM4, QM5, QM6, QM10, QM12, QM24"},"geometry":{"type":"LineString","coordinates":[[-73.964803,40.759992],[-73.964092,40.759722],[-73.964075,40.759719],[-73.964057,40.759721],[-73.964025,40.75973],[-73.963753,40.760013]]}},{"type":"Feature","properties":{"mode":"bus","n":8,"arr":["QM1","QM4","QM5","QM6","QM31","QM35","QM36","QM44"],"lines":"QM1, QM4, QM5, QM6, QM31, QM35, QM36, QM44"},"geometry":{"type":"LineString","coordinates":[[-73.866589,40.731717],[-73.867505,40.732277],[-73.867929,40.732502],[-73.86865,40.732837],[-73.869516,40.733166],[-73.870704,40.733544],[-73.874044,40.734494],[-73.874684,40.734725],[-73.875108,40.734937],[-73.875421,40.735125],[-73.877356,40.736501],[-73.877731,40.736696],[-73.878241,40.736866],[-73.887233,40.738573],[-73.88992,40.739108],[-73.896316,40.740298],[-73.896896,40.740433],[-73.898733,40.740757],[-73.899231,40.740796],[-73.901983,40.741145],[-73.915082,40.742687],[-73.915372,40.742703],[-73.915952,40.742691]]}},{"type":"Feature","properties":{"mode":"bus","n":15,"arr":["QM1","QM4","QM5","QM6","QM7","QM8","QM10","QM18","QM21","QM31","QM35","QM36","QM40","QM44","QM65"],"lines":"QM1, QM4, QM5, QM6, QM7, QM8, QM10, QM18, QM21, QM31, QM35, QM36, QM40, QM44, QM65"},"geometry":{"type":"LineString","coordinates":[[-73.864052,40.73067],[-73.865962,40.73134],[-73.866589,40.731717]]}},{"type":"Feature","properties":{"mode":"bus","n":14,"arr":["QM1","QM4","QM5","QM6","QM7","QM8","QM10","QM21","QM31","QM35","QM36","QM40","QM44","QM65"],"lines":"QM1, QM4, QM5, QM6, QM7, QM8, QM10, QM21, QM31, QM35, QM36, QM40, QM44, QM65"},"geometry":{"type":"LineString","coordinates":[[-73.862337,40.73005],[-73.864052,40.73067]]}},{"type":"Feature","properties":{"mode":"bus","n":12,"arr":["QM1","QM4","QM5","QM6","QM7","QM8","QM21","QM31","QM35","QM36","QM44","QM65"],"lines":"QM1, QM4, QM5, QM6, QM7, QM8, QM21, QM31, QM35, QM36, QM44, QM65"},"geometry":{"type":"LineString","coordinates":[[-73.855738,40.727631],[-73.85822,40.72856],[-73.862337,40.73005]]}},{"type":"Feature","properties":{"mode":"bus","n":11,"arr":["QM1","QM4","QM5","QM6","QM7","QM8","QM21","QM31","QM35","QM36","QM44"],"lines":"QM1, QM4, QM5, QM6, QM7, QM8, QM21, QM31, QM35, QM36, QM44"},"geometry":{"type":"LineString","coordinates":[[-73.849793,40.724295],[-73.85106,40.725568],[-73.851644,40.725988],[-73.852018,40.726205],[-73.852695,40.726528],[-73.855738,40.727631]]}},{"type":"Feature","properties":{"mode":"bus","n":10,"arr":["QM1","QM5","QM6","QM7","QM8","QM11","QM21","QM31","QM35","QM36"],"lines":"QM1, QM5, QM6, QM7, QM8, QM11, QM21, QM31, QM35, QM36"},"geometry":{"type":"LineString","coordinates":[[-73.844009,40.721397],[-73.839809,40.719541]]}},{"type":"Feature","properties":{"mode":"bus","n":5,"arr":["QM1","QM5","QM6","QM7","QM8"],"lines":"QM1, QM5, QM6, QM7, QM8"},"geometry":{"type":"LineString","coordinates":[[-73.820451,40.716559],[-73.820624,40.716595]]}},{"type":"Feature","properties":{"mode":"bus","n":8,"arr":["QM1","QM5","QM6","QM7","QM8","QM31","QM35","QM36"],"lines":"QM1, QM5, QM6, QM7, QM8, QM31, QM35, QM36"},"geometry":{"type":"LineString","coordinates":[[-73.819674,40.716852],[-73.819632,40.71696]]}},{"type":"Feature","properties":{"mode":"bus","n":8,"arr":["QM1","QM5","QM6","QM7","QM8","QM31","QM35","QM36"],"lines":"QM1, QM5, QM6, QM7, QM8, QM31, QM35, QM36"},"geometry":{"type":"LineString","coordinates":[[-73.831009,40.714524],[-73.831215,40.714498]]}},{"type":"Feature","properties":{"mode":"bus","n":13,"arr":["QM1","QM4","QM5","QM6","QM7","QM8","QM18","QM21","QM31","QM35","QM36","QM44","QM65"],"lines":"QM1, QM4, QM5, QM6, QM7, QM8, QM18, QM21, QM31, QM35, QM36, QM44, QM65"},"geometry":{"type":"LineString","coordinates":[[-73.870497,40.732339],[-73.870787,40.732263],[-73.872,40.731853],[-73.872224,40.73183],[-73.872375,40.731877],[-73.872453,40.731934],[-73.872532,40.732098],[-73.87251,40.732228],[-73.87243,40.732316],[-73.872318,40.732378],[-73.872112,40.732405],[-73.871714,40.732363],[-73.871563,40.732315],[-73.871412,40.732188],[-73.871324,40.731972]]}},{"type":"Feature","properties":{"mode":"bus","n":18,"arr":["QM1","QM4","QM5","QM6","QM7","QM8","QM10","QM11","QM12","QM18","QM21","QM31","QM35","QM36","QM40","QM42","QM44","QM65"],"lines":"QM1, QM4, QM5, QM6, QM7, QM8, QM10, QM11, QM12, QM18, QM21, QM31, QM35, QM36, QM40, QM42, QM44, QM65"},"geometry":{"type":"LineString","coordinates":[[-73.87171,40.731127],[-73.871501,40.731102]]}},{"type":"Feature","properties":{"mode":"bus","n":9,"arr":["QM1","QM2","QM4","QM5","QM6","QM10","QM12","QM20","QM24"],"lines":"QM1, QM2, QM4, QM5, QM6, QM10, QM12, QM20, QM24"},"geometry":{"type":"LineString","coordinates":[[-73.97323,40.745983],[-73.973424,40.746036],[-73.973878,40.746231],[-73.974253,40.746445],[-73.975778,40.747105],[-73.975807,40.74713],[-73.975814,40.747139],[-73.975815,40.747148],[-73.975808,40.747157],[-73.975783,40.74718],[-73.975767,40.747191],[-73.975746,40.747195],[-73.975703,40.747198],[-73.974496,40.746685]]}},{"type":"Feature","properties":{"mode":"bus","n":5,"arr":["QM4","QM11","QM12","QM42","QM44"],"lines":"QM4, QM11, QM12, QM42, QM44"},"geometry":{"type":"LineString","coordinates":[[-73.847037,40.723022],[-73.847242,40.722976]]}},{"type":"Feature","properties":{"mode":"bus","n":5,"arr":["n25","n25/58","n26","QM6","QM36"],"lines":"n25, n25/58, n26, QM6, QM36"},"geometry":{"type":"LineString","coordinates":[[-73.704223,40.755753],[-73.704467,40.757327],[-73.704501,40.757897],[-73.704423,40.758369],[-73.704277,40.758698],[-73.704022,40.75916]]}},{"type":"Feature","properties":{"mode":"bus","n":5,"arr":["QM7","QM8","QM18","QM21","QM65"],"lines":"QM7, QM8, QM18, QM21, QM65"},"geometry":{"type":"LineString","coordinates":[[-73.873683,40.73088],[-73.872238,40.731314]]}},{"type":"Feature","properties":{"mode":"bus","n":7,"arr":["QM7","QM8","QM10","QM18","QM21","QM40","QM65"],"lines":"QM7, QM8, QM10, QM18, QM21, QM40, QM65"},"geometry":{"type":"LineString","coordinates":[[-73.867145,40.731895],[-73.866946,40.731808],[-73.866589,40.731717]]}},{"type":"Feature","properties":{"mode":"bus","n":11,"arr":["QM10","QM12","QM15","QM16","QM17","QM18","QM21","QM24","QM34","QM40","QM42"],"lines":"QM10, QM12, QM15, QM16, QM17, QM18, QM21, QM24, QM34, QM40, QM42"},"geometry":{"type":"LineString","coordinates":[[-73.934311,40.741039],[-73.934946,40.737857],[-73.935053,40.737495]]}},{"type":"Feature","properties":{"mode":"bus","n":11,"arr":["QM10","QM12","QM15","QM16","QM17","QM18","QM21","QM24","QM34","QM40","QM42"],"lines":"QM10, QM12, QM15, QM16, QM17, QM18, QM21, QM24, QM34, QM40, QM42"},"geometry":{"type":"LineString","coordinates":[[-73.925748,40.735672],[-73.925323,40.735604],[-73.924932,40.735482],[-73.924086,40.735189],[-73.923563,40.73496],[-73.922879,40.73457],[-73.921934,40.733898],[-73.921485,40.733659]]}},{"type":"Feature","properties":{"mode":"bus","n":5,"arr":["QM10","QM12","QM40","QM42","QM65"],"lines":"QM10, QM12, QM40, QM42, QM65"},"geometry":{"type":"LineString","coordinates":[[-73.871051,40.731674],[-73.869105,40.732279],[-73.867346,40.73287]]}},{"type":"Feature","properties":{"mode":"bus","n":5,"arr":["QM10","QM11","QM12","QM40","QM42"],"lines":"QM10, QM11, QM12, QM40, QM42"},"geometry":{"type":"LineString","coordinates":[[-73.870996,40.732557],[-73.871245,40.732444],[-73.871382,40.732424],[-73.872126,40.732485],[-73.87227,40.732477],[-73.872392,40.732444],[-73.87255,40.732342],[-73.873374,40.731504],[-73.873675,40.73132],[-73.874204,40.731124]]}},{"type":"Feature","properties":{"mode":"bus","n":8,"arr":["QM31","QM32","QM34","QM35","QM36","QM40","QM42","QM44"],"lines":"QM31, QM32, QM34, QM35, QM36, QM40, QM42, QM44"},"geometry":{"type":"LineString","coordinates":[[-73.974106,40.746254],[-73.974462,40.746452],[-73.975839,40.747039],[-73.975891,40.747082],[-73.976015,40.74731],[-73.976192,40.747401],[-73.976202,40.747407],[-73.976208,40.747411],[-73.97621,40.747413],[-73.976206,40.747414],[-73.976198,40.747413],[-73.976185,40.747411],[-73.975994,40.747367],[-73.975834,40.7473]]}},{"type":"Feature","properties":{"mode":"bus","n":5,"arr":["QM31","QM32","QM35","QM36","QM44"],"lines":"QM31, QM32, QM35, QM36, QM44"},"geometry":{"type":"LineString","coordinates":[[-73.975834,40.7473],[-73.975459,40.747844],[-73.975451,40.747864],[-73.975458,40.74788],[-73.975479,40.747894],[-73.976315,40.74825]]}},{"type":"Feature","properties":{"mode":"bus","n":7,"arr":["n1","n6","n6X","n22","n22X","n24","n26"],"lines":"n1, n6, n6X, n22, n22X, n24, n26"},"geometry":{"type":"LineString","coordinates":[[-73.773573,40.715122],[-73.773513,40.715197],[-73.773176,40.715307],[-73.773069,40.715291]]}},{"type":"Feature","properties":{"mode":"bus","n":7,"arr":["n1","n6","n6X","n22","n22X","n24","n26"],"lines":"n1, n6, n6X, n22, n22X, n24, n26"},"geometry":{"type":"LineString","coordinates":[[-73.788861,40.712077],[-73.788738,40.712107],[-73.788527,40.712077],[-73.787975,40.711898],[-73.787667,40.711841],[-73.787407,40.711855],[-73.787165,40.711898],[-73.782313,40.713077]]}},{"type":"Feature","properties":{"mode":"bus","n":7,"arr":["n1","n6","n6X","n22","n22X","n24","n26"],"lines":"n1, n6, n6X, n22, n22X, n24, n26"},"geometry":{"type":"LineString","coordinates":[[-73.781768,40.713113],[-73.780663,40.713378],[-73.780589,40.713428]]}},{"type":"Feature","properties":{"mode":"bus","n":7,"arr":["n1","n6","n6X","n22","n22X","n24","n26"],"lines":"n1, n6, n6X, n22, n22X, n24, n26"},"geometry":{"type":"LineString","coordinates":[[-73.792346,40.707943],[-73.792079,40.708025]]}},{"type":"Feature","properties":{"mode":"bus","n":6,"arr":["n1","n6","n6X","n22","n22X","n24"],"lines":"n1, n6, n6X, n22, n22X, n24"},"geometry":{"type":"LineString","coordinates":[[-73.792442,40.70791],[-73.793083,40.707694]]}},{"type":"Feature","properties":{"mode":"bus","n":6,"arr":["n19","n19X","n40","n41","n43","n43X"],"lines":"n19, n19X, n40, n41, n43, n43X"},"geometry":{"type":"LineString","coordinates":[[-73.580563,40.657607],[-73.580779,40.657567]]}},{"type":"Feature","properties":{"mode":"bus","n":7,"arr":["n19","n19X","n40","n41","n43","n43X","n88X"],"lines":"n19, n19X, n40, n41, n43, n43X, n88X"},"geometry":{"type":"LineString","coordinates":[[-73.580779,40.657567],[-73.581057,40.657517]]}},{"type":"Feature","properties":{"mode":"bus","n":9,"arr":["n4","n4X","n19","n19X","n40","n41","n43","n43X","n88X"],"lines":"n4, n4X, n19, n19X, n40, n41, n43, n43X, n88X"},"geometry":{"type":"LineString","coordinates":[[-73.581057,40.657517],[-73.581466,40.657447]]}},{"type":"Feature","properties":{"mode":"bus","n":10,"arr":["n4","n4X","n19","n19X","n40","n40X","n41","n43","n43X","n88X"],"lines":"n4, n4X, n19, n19X, n40, n40X, n41, n43, n43X, n88X"},"geometry":{"type":"LineString","coordinates":[[-73.581466,40.657447],[-73.58179,40.657392]]}},{"type":"Feature","properties":{"mode":"bus","n":6,"arr":["n4","n4X","n19","n19X","n40X","n88X"],"lines":"n4, n4X, n19, n19X, n40X, n88X"},"geometry":{"type":"LineString","coordinates":[[-73.58179,40.657392],[-73.580819,40.65646]]}},{"type":"Feature","properties":{"mode":"bus","n":5,"arr":["n4","n4X","n19","n40X","n88X"],"lines":"n4, n4X, n19, n40X, n88X"},"geometry":{"type":"LineString","coordinates":[[-73.578984,40.654722],[-73.580819,40.65646]]}},{"type":"Feature","properties":{"mode":"bus","n":7,"arr":["n4","n4X","n25","n25/58","n31","n31X/M","n32"],"lines":"n4, n4X, n25, n25/58, n31, n31X/M, n32"},"geometry":{"type":"LineString","coordinates":[[-73.674059,40.657749],[-73.672746,40.657335]]}},{"type":"Feature","properties":{"mode":"bus","n":5,"arr":["n4","n4X","n31","n31X/M","n32"],"lines":"n4, n4X, n31, n31X/M, n32"},"geometry":{"type":"LineString","coordinates":[[-73.675022,40.658008],[-73.674059,40.657749]]}},{"type":"Feature","properties":{"mode":"bus","n":5,"arr":["n4","n4X","n19","n19X","n40X"],"lines":"n4, n4X, n19, n19X, n40X"},"geometry":{"type":"LineString","coordinates":[[-73.582018,40.657603],[-73.58179,40.657392]]}},{"type":"Feature","properties":{"mode":"bus","n":8,"arr":["n4","n4X","n19","n19X","n40","n41","n43","n43X"],"lines":"n4, n4X, n19, n19X, n40, n41, n43, n43X"},"geometry":{"type":"LineString","coordinates":[[-73.581742,40.657661],[-73.582018,40.657603]]}},{"type":"Feature","properties":{"mode":"bus","n":5,"arr":["n40","n40X","n41","n43","n43X"],"lines":"n40, n40X, n41, n43, n43X"},"geometry":{"type":"LineString","coordinates":[[-73.58534,40.660636],[-73.584572,40.658725],[-73.584355,40.658318],[-73.584158,40.658062],[-73.583624,40.657584],[-73.583603,40.657571],[-73.58358,40.657569],[-73.583556,40.657579],[-73.582654,40.658137],[-73.582636,40.658145],[-73.582619,40.658147],[-73.582602,40.658143],[-73.582587,40.658132],[-73.582068,40.657652]]}},{"type":"Feature","properties":{"mode":"bus","n":5,"arr":["n40","n40X","n41","n43","n43X"],"lines":"n40, n40X, n41, n43, n43X"},"geometry":{"type":"LineString","coordinates":[[-73.581931,40.65737],[-73.58179,40.657392]]}},{"type":"Feature","properties":{"mode":"bus","n":5,"arr":["n40","n40X","n41","n43","n43X"],"lines":"n40, n40X, n41, n43, n43X"},"geometry":{"type":"LineString","coordinates":[[-73.589768,40.679474],[-73.589182,40.678659]]}},{"type":"Feature","properties":{"mode":"bus","n":5,"arr":["n40","n40X","n41","n43","n43X"],"lines":"n40, n40X, n41, n43, n43X"},"geometry":{"type":"LineString","coordinates":[[-73.596124,40.688511],[-73.59487,40.687325],[-73.593325,40.685686],[-73.592989,40.685199],[-73.592572,40.684304]]}},{"type":"Feature","properties":{"mode":"bus","n":5,"arr":["n40","n40X","n41","n43","n43X"],"lines":"n40, n40X, n41, n43, n43X"},"geometry":{"type":"LineString","coordinates":[[-73.589768,40.679474],[-73.589915,40.679563],[-73.590094,40.679798],[-73.591279,40.681452],[-73.591419,40.681686],[-73.592182,40.68326],[-73.592587,40.684187],[-73.592577,40.684268],[-73.592574,40.68428],[-73.592568,40.684287],[-73.59256,40.684289],[-73.59255,40.684286],[-73.592538,40.684279],[-73.592449,40.684213],[-73.591277,40.681712],[-73.591146,40.681484],[-73.590886,40.681077],[-73.589789,40.679589],[-73.589768,40.679474]]}},{"type":"Feature","properties":{"mode":"bus","n":6,"arr":["n4X","n40","n40X","n41","n43","n43X"],"lines":"n4X, n40, n40X, n41, n43, n43X"},"geometry":{"type":"LineString","coordinates":[[-73.582068,40.657652],[-73.582018,40.657603]]}},{"type":"Feature","properties":{"mode":"bus","n":9,"arr":["n6","n6X","n31","n31X/M","n32","n40","n41","n54","n55"],"lines":"n6, n6X, n31, n31X/M, n32, n40, n41, n54, n55"},"geometry":{"type":"LineString","coordinates":[[-73.625969,40.711467],[-73.626054,40.711444]]}},{"type":"Feature","properties":{"mode":"bus","n":10,"arr":["n6","n6X","n16","n31","n31X/M","n32","n40","n41","n54","n55"],"lines":"n6, n6X, n16, n31, n31X/M, n32, n40, n41, n54, n55"},"geometry":{"type":"LineString","coordinates":[[-73.625172,40.711686],[-73.625969,40.711467]]}},{"type":"Feature","properties":{"mode":"bus","n":8,"arr":["n6X","n16","n31","n31X/M","n32","n40","n54","n55"],"lines":"n6X, n16, n31, n31X/M, n32, n40, n54, n55"},"geometry":{"type":"LineString","coordinates":[[-73.624998,40.711733],[-73.625172,40.711686]]}},{"type":"Feature","properties":{"mode":"bus","n":7,"arr":["n6","n6X","n31","n31X/M","n32","n40","n40X"],"lines":"n6, n6X, n31, n31X/M, n32, n40, n40X"},"geometry":{"type":"LineString","coordinates":[[-73.626054,40.711444],[-73.628295,40.710821]]}},{"type":"Feature","properties":{"mode":"bus","n":6,"arr":["n6","n6X","n31","n31X/M","n32","n40X"],"lines":"n6, n6X, n31, n31X/M, n32, n40X"},"geometry":{"type":"LineString","coordinates":[[-73.628295,40.710821],[-73.627803,40.709647]]}},{"type":"Feature","properties":{"mode":"bus","n":9,"arr":["n6","n6X","n15","n16","n16C","n31","n31X/M","n32","n40X"],"lines":"n6, n6X, n15, n16, n16C, n31, n31X/M, n32, n40X"},"geometry":{"type":"LineString","coordinates":[[-73.627803,40.709647],[-73.62699,40.707657]]}},{"type":"Feature","properties":{"mode":"bus","n":5,"arr":["n6","n6X","n15","n31","n32"],"lines":"n6, n6X, n15, n31, n32"},"geometry":{"type":"LineString","coordinates":[[-73.62699,40.707657],[-73.627712,40.707797],[-73.627967,40.707816],[-73.628278,40.707809],[-73.628418,40.707786],[-73.62891,40.707658],[-73.631577,40.706805]]}},{"type":"Feature","properties":{"mode":"bus","n":5,"arr":["n6","n6X","n15","n31","n32"],"lines":"n6, n6X, n15, n31, n32"},"geometry":{"type":"LineString","coordinates":[[-73.637259,40.70491],[-73.636313,40.705154],[-73.634571,40.705801],[-73.63242,40.706513]]}},{"type":"Feature","properties":{"mode":"bus","n":5,"arr":["n6","n6X","n15","n31","n32"],"lines":"n6, n6X, n15, n31, n32"},"geometry":{"type":"LineString","coordinates":[[-73.631577,40.706805],[-73.63172,40.706806],[-73.63235,40.706593],[-73.632397,40.70654],[-73.632403,40.70653],[-73.632405,40.706523],[-73.632401,40.706519],[-73.632392,40.706516],[-73.632378,40.706517],[-73.632299,40.706523],[-73.631667,40.706734],[-73.631577,40.706805]]}},{"type":"Feature","properties":{"mode":"bus","n":7,"arr":["n6","n6X","n15","n16","n16C","n31","n31X/M"],"lines":"n6, n6X, n15, n16, n16C, n31, n31X/M"},"geometry":{"type":"LineString","coordinates":[[-73.625488,40.710286],[-73.627803,40.709647]]}},{"type":"Feature","properties":{"mode":"bus","n":11,"arr":["n6","n6X","n15","n16","n16C","n31","n31X/M","n35","n40","n41","n54"],"lines":"n6, n6X, n15, n16, n16C, n31, n31X/M, n35, n40, n41, n54"},"geometry":{"type":"LineString","coordinates":[[-73.624851,40.710462],[-73.625488,40.710286]]}},{"type":"Feature","properties":{"mode":"bus","n":12,"arr":["n6","n6X","n15","n16","n16C","n27","n31","n31X/M","n35","n40","n41","n54"],"lines":"n6, n6X, n15, n16, n16C, n27, n31, n31X/M, n35, n40, n41, n54"},"geometry":{"type":"LineString","coordinates":[[-73.624471,40.710566],[-73.624851,40.710462]]}},{"type":"Feature","properties":{"mode":"bus","n":13,"arr":["n6","n6X","n15","n16","n16C","n27","n31","n31X/M","n35","n40","n41","n48","n70"],"lines":"n6, n6X, n15, n16, n16C, n27, n31, n31X/M, n35, n40, n41, n48, n70"},"geometry":{"type":"LineString","coordinates":[[-73.623832,40.710743],[-73.624471,40.710566]]}},{"type":"Feature","properties":{"mode":"bus","n":6,"arr":["n6","n16C","n27","n41","n48","n70"],"lines":"n6, n16C, n27, n41, n48, n70"},"geometry":{"type":"LineString","coordinates":[[-73.621998,40.71125],[-73.623832,40.710743]]}},{"type":"Feature","properties":{"mode":"bus","n":10,"arr":["n6","n15","n16","n16C","n27","n35","n41","n48","n49","n70"],"lines":"n6, n15, n16, n16C, n27, n35, n41, n48, n49, n70"},"geometry":{"type":"LineString","coordinates":[[-73.624385,40.711912],[-73.622533,40.712414],[-73.622512,40.712417],[-73.622496,40.712414],[-73.622483,40.712406],[-73.622474,40.712392],[-73.621998,40.71125]]}},{"type":"Feature","properties":{"mode":"bus","n":6,"arr":["n15","n16","n16C","n32","n35","n40"],"lines":"n15, n16, n16C, n32, n35, n40"},"geometry":{"type":"LineString","coordinates":[[-73.624385,40.711912],[-73.62428,40.711692]]}},{"type":"Feature","properties":{"mode":"bus","n":5,"arr":["n15","n16","n16C","n35","n40"],"lines":"n15, n16, n16C, n35, n40"},"geometry":{"type":"LineString","coordinates":[[-73.624248,40.711623],[-73.62428,40.711692]]}},{"type":"Feature","properties":{"mode":"bus","n":5,"arr":["n15","n16","n16C","n35","n40"],"lines":"n15, n16, n16C, n35, n40"},"geometry":{"type":"LineString","coordinates":[[-73.624679,40.711026],[-73.624592,40.710835]]}},{"type":"Feature","properties":{"mode":"bus","n":5,"arr":["n15","n16","n16C","n35","n40"],"lines":"n15, n16, n16C, n35, n40"},"geometry":{"type":"LineString","coordinates":[[-73.624214,40.711222],[-73.624124,40.711361]]}},{"type":"Feature","properties":{"mode":"bus","n":7,"arr":["n15","n16","n16C","n31","n31X/M","n35","n40"],"lines":"n15, n16, n16C, n31, n31X/M, n35, n40"},"geometry":{"type":"LineString","coordinates":[[-73.624248,40.711623],[-73.624091,40.711292]]}},{"type":"Feature","properties":{"mode":"bus","n":7,"arr":["n6X","n15","n16","n31","n31X/M","n35","n40"],"lines":"n6X, n15, n16, n31, n31X/M, n35, n40"},"geometry":{"type":"LineString","coordinates":[[-73.624091,40.711292],[-73.623913,40.710916]]}},{"type":"Feature","properties":{"mode":"bus","n":5,"arr":["n6X","n16","n31X/M","n35","n40"],"lines":"n6X, n16, n31X/M, n35, n40"},"geometry":{"type":"LineString","coordinates":[[-73.624119,40.711014],[-73.62403,40.711162]]}},{"type":"Feature","properties":{"mode":"bus","n":8,"arr":["n6X","n15","n16","n16C","n31","n31X/M","n35","n40"],"lines":"n6X, n15, n16, n16C, n31, n31X/M, n35, n40"},"geometry":{"type":"LineString","coordinates":[[-73.623913,40.710916],[-73.623832,40.710743]]}},{"type":"Feature","properties":{"mode":"bus","n":14,"arr":["n6X","n15","n16","n27","n31","n31X/M","n32","n35","n40","n48","n49","n54","n55","n70"],"lines":"n6X, n15, n16, n27, n31, n31X/M, n32, n35, n40, n48, n49, n54, n55, n70"},"geometry":{"type":"LineString","coordinates":[[-73.624894,40.711764],[-73.624998,40.711733]]}},{"type":"Feature","properties":{"mode":"bus","n":11,"arr":["n6X","n15","n16","n27","n31","n31X/M","n32","n35","n48","n49","n70"],"lines":"n6X, n15, n16, n27, n31, n31X/M, n32, n35, n48, n49, n70"},"geometry":{"type":"LineString","coordinates":[[-73.624542,40.711866],[-73.624894,40.711764]]}},{"type":"Feature","properties":{"mode":"bus","n":9,"arr":["n15","n16","n27","n32","n35","n40","n48","n49","n70"],"lines":"n15, n16, n27, n32, n35, n40, n48, n49, n70"},"geometry":{"type":"LineString","coordinates":[[-73.624542,40.711866],[-73.624385,40.711912]]}},{"type":"Feature","properties":{"mode":"bus","n":5,"arr":["n15","n22X","n24","n43","n43X"],"lines":"n15, n22X, n24, n43, n43X"},"geometry":{"type":"LineString","coordinates":[[-73.610635,40.735082],[-73.610444,40.735036],[-73.61027,40.735073]]}},{"type":"Feature","properties":{"mode":"bus","n":7,"arr":["n15","n16","n22X","n24","n35","n43","n43X"],"lines":"n15, n16, n22X, n24, n35, n43, n43X"},"geometry":{"type":"LineString","coordinates":[[-73.61027,40.735073],[-73.609932,40.735143]]}},{"type":"Feature","properties":{"mode":"bus","n":8,"arr":["n15","n16","n22X","n24","n27","n35","n43","n43X"],"lines":"n15, n16, n22X, n24, n27, n35, n43, n43X"},"geometry":{"type":"LineString","coordinates":[[-73.610796,40.73512],[-73.611178,40.735036],[-73.611316,40.734984],[-73.611424,40.734896],[-73.611491,40.734635],[-73.611358,40.73426]]}},{"type":"Feature","properties":{"mode":"bus","n":8,"arr":["n15","n16","n22X","n24","n27","n35","n43","n43X"],"lines":"n15, n16, n22X, n24, n27, n35, n43, n43X"},"geometry":{"type":"LineString","coordinates":[[-73.609932,40.735143],[-73.609828,40.735075],[-73.609811,40.735059],[-73.609809,40.735042],[-73.609821,40.735024],[-73.610078,40.734773],[-73.610434,40.734535],[-73.610821,40.734377]]}},{"type":"Feature","properties":{"mode":"bus","n":6,"arr":["n15","n16","n27","n35","n43","n43X"],"lines":"n15, n16, n27, n35, n43, n43X"},"geometry":{"type":"LineString","coordinates":[[-73.610608,40.735159],[-73.610796,40.73512]]}},{"type":"Feature","properties":{"mode":"bus","n":6,"arr":["n15","n16","n27","n35","n43","n43X"],"lines":"n15, n16, n27, n35, n43, n43X"},"geometry":{"type":"LineString","coordinates":[[-73.611491,40.734635],[-73.611682,40.735056]]}},{"type":"Feature","properties":{"mode":"bus","n":7,"arr":["n15","n22X","n24","n27","n35","n43","n43X"],"lines":"n15, n22X, n24, n27, n35, n43, n43X"},"geometry":{"type":"LineString","coordinates":[[-73.610821,40.734377],[-73.611358,40.73426]]}},{"type":"Feature","properties":{"mode":"bus","n":5,"arr":["n15","n16","n24","n35","n43X"],"lines":"n15, n16, n24, n35, n43X"},"geometry":{"type":"LineString","coordinates":[[-73.611358,40.73426],[-73.612753,40.733959],[-73.613028,40.733949],[-73.613201,40.733966],[-73.613453,40.734025],[-73.613734,40.734149],[-73.613974,40.73434],[-73.614128,40.73454]]}},{"type":"Feature","properties":{"mode":"bus","n":5,"arr":["n15","n16","n24","n35","n43X"],"lines":"n15, n16, n24, n35, n43X"},"geometry":{"type":"LineString","coordinates":[[-73.614737,40.734233],[-73.614582,40.73407],[-73.614273,40.733835],[-73.613949,40.73367],[-73.61373,40.733587]]}},{"type":"Feature","properties":{"mode":"bus","n":6,"arr":["n15","n16","n16C","n27","n35","n70"],"lines":"n15, n16, n16C, n27, n35, n70"},"geometry":{"type":"LineString","coordinates":[[-73.620487,40.711651],[-73.621998,40.71125]]}},{"type":"Feature","properties":{"mode":"bus","n":9,"arr":["n15","n16","n16C","n27","n35","n40","n48","n54","n70"],"lines":"n15, n16, n16C, n27, n35, n40, n48, n54, n70"},"geometry":{"type":"LineString","coordinates":[[-73.62454,40.710718],[-73.624471,40.710566]]}},{"type":"Feature","properties":{"mode":"bus","n":7,"arr":["n15","n16","n16C","n35","n40","n48","n54"],"lines":"n15, n16, n16C, n35, n40, n48, n54"},"geometry":{"type":"LineString","coordinates":[[-73.624592,40.710835],[-73.62454,40.710718]]}},{"type":"Feature","properties":{"mode":"bus","n":6,"arr":["n15","n16","n35","n40","n54","n55"],"lines":"n15, n16, n35, n40, n54, n55"},"geometry":{"type":"LineString","coordinates":[[-73.6248,40.711295],[-73.624679,40.711026]]}},{"type":"Feature","properties":{"mode":"bus","n":10,"arr":["n15","n16","n27","n35","n40","n48","n49","n54","n55","n70"],"lines":"n15, n16, n27, n35, n40, n48, n49, n54, n55, n70"},"geometry":{"type":"LineString","coordinates":[[-73.6248,40.711295],[-73.624998,40.711733]]}},{"type":"Feature","properties":{"mode":"bus","n":6,"arr":["n15","n16","n24","n27","n35","n43X"],"lines":"n15, n16, n24, n27, n35, n43X"},"geometry":{"type":"LineString","coordinates":[[-73.612639,40.733494],[-73.611735,40.733671],[-73.611651,40.733742],[-73.611463,40.733806],[-73.611371,40.733913],[-73.611358,40.73426]]}},{"type":"Feature","properties":{"mode":"bus","n":5,"arr":["n16","n22X","n27","n43","n43X"],"lines":"n16, n22X, n27, n43, n43X"},"geometry":{"type":"LineString","coordinates":[[-73.609249,40.73421],[-73.610843,40.733858],[-73.61106,40.73388],[-73.611174,40.733921],[-73.611229,40.733974],[-73.611258,40.734032],[-73.611246,40.734143],[-73.611189,40.734204],[-73.610821,40.734377]]}},{"type":"Feature","properties":{"mode":"bus","n":5,"arr":["n16","n16C","n31X/M","n35","n40"],"lines":"n16, n16C, n31X/M, n35, n40"},"geometry":{"type":"LineString","coordinates":[[-73.624277,40.711351],[-73.624183,40.711486]]}},{"type":"Feature","properties":{"mode":"bus","n":6,"arr":["n20G","n20H","n21","n25","n25/58","n26"],"lines":"n20G, n20H, n21, n25, n25/58, n26"},"geometry":{"type":"LineString","coordinates":[[-73.716793,40.781851],[-73.71728,40.782516],[-73.717574,40.782846],[-73.717793,40.783023],[-73.718132,40.783224],[-73.72253,40.784917],[-73.726249,40.786647],[-73.727566,40.787187]]}},{"type":"Feature","properties":{"mode":"bus","n":8,"arr":["n20G","n20H","n21","n25","n25/58","n26","n57","n58"],"lines":"n20G, n20H, n21, n25, n25/58, n26, n57, n58"},"geometry":{"type":"LineString","coordinates":[[-73.727566,40.787187],[-73.727048,40.787344]]}},{"type":"Feature","properties":{"mode":"bus","n":7,"arr":["n20G","n20H","n21","n25","n25/58","n26","n57"],"lines":"n20G, n20H, n21, n25, n25/58, n26, n57"},"geometry":{"type":"LineString","coordinates":[[-73.727048,40.787344],[-73.726271,40.78756]]}},{"type":"Feature","properties":{"mode":"bus","n":7,"arr":["n20G","n20H","n21","n25","n25/58","n57","n58"],"lines":"n20G, n20H, n21, n25, n25/58, n57, n58"},"geometry":{"type":"LineString","coordinates":[[-73.726271,40.78756],[-73.726141,40.787606],[-73.726059,40.787666]]}},{"type":"Feature","properties":{"mode":"bus","n":6,"arr":["n20G","n20H","n21","n25","n25/58","n57"],"lines":"n20G, n20H, n21, n25, n25/58, n57"},"geometry":{"type":"LineString","coordinates":[[-73.726059,40.787666],[-73.725064,40.787985],[-73.724815,40.788113]]}},{"type":"Feature","properties":{"mode":"bus","n":6,"arr":["n20H","n48","n49","n78","n79","n80"],"lines":"n20H, n48, n49, n78, n79, n80"},"geometry":{"type":"LineString","coordinates":[[-73.527742,40.769007],[-73.52766,40.768412]]}},{"type":"Feature","properties":{"mode":"bus","n":5,"arr":["n20H","n20X","n21","n23","PWS"],"lines":"n20H, n20X, n21, n23, PWS"},"geometry":{"type":"LineString","coordinates":[[-73.650752,40.7999],[-73.651249,40.800053],[-73.651559,40.800216],[-73.651709,40.800329],[-73.651975,40.80059],[-73.652173,40.80083],[-73.652626,40.801505],[-73.652808,40.801683],[-73.653152,40.801905]]}},{"type":"Feature","properties":{"mode":"bus","n":6,"arr":["n20H","n20X","n21","n25","n25/58","n26"],"lines":"n20H, n20X, n21, n25, n25/58, n26"},"geometry":{"type":"LineString","coordinates":[[-73.715848,40.782332],[-73.712938,40.783664],[-73.711391,40.784537],[-73.710738,40.784833],[-73.710312,40.784974],[-73.709793,40.78508],[-73.706425,40.785546],[-73.706134,40.785641],[-73.705988,40.785745],[-73.70581,40.785941],[-73.705705,40.786159],[-73.705687,40.786273],[-73.705705,40.78655],[-73.70603,40.787405],[-73.706056,40.787616],[-73.706028,40.787809]]}},{"type":"Feature","properties":{"mode":"bus","n":6,"arr":["n20H","n20X","n21","n25","n25/58","n26"],"lines":"n20H, n20X, n21, n25, n25/58, n26"},"geometry":{"type":"LineString","coordinates":[[-73.716847,40.781949],[-73.716015,40.782306],[-73.715895,40.782325],[-73.715879,40.782326],[-73.715869,40.782325],[-73.715865,40.78232],[-73.715866,40.782312],[-73.715873,40.782302],[-73.715939,40.782223],[-73.716793,40.781851]]}},{"type":"Feature","properties":{"mode":"bus","n":5,"arr":["n22","n23","n24","n40","n40X"],"lines":"n22, n23, n24, n40, n40X"},"geometry":{"type":"LineString","coordinates":[[-73.641872,40.739843],[-73.642528,40.739686],[-73.642551,40.739676],[-73.642562,40.739661],[-73.642559,40.739641],[-73.642518,40.739543]]}},{"type":"Feature","properties":{"mode":"bus","n":5,"arr":["n22","n23","n24","n40","n40X"],"lines":"n22, n23, n24, n40, n40X"},"geometry":{"type":"LineString","coordinates":[[-73.641036,40.740042],[-73.640778,40.739423]]}},{"type":"Feature","properties":{"mode":"bus","n":5,"arr":["n22","n22X","n23","n24","n40"],"lines":"n22, n22X, n23, n24, n40"},"geometry":{"type":"LineString","coordinates":[[-73.64207,40.738449],[-73.640505,40.738733]]}},{"type":"Feature","properties":{"mode":"bus","n":6,"arr":["n22","n22X","n23","n24","n40","n40X"],"lines":"n22, n22X, n23, n24, n40, n40X"},"geometry":{"type":"LineString","coordinates":[[-73.640505,40.738733],[-73.639237,40.738973]]}},{"type":"Feature","properties":{"mode":"bus","n":5,"arr":["n25","n25/58","n31","n31X/M","n32"],"lines":"n25, n25/58, n31, n31X/M, n32"},"geometry":{"type":"LineString","coordinates":[[-73.672746,40.657335],[-73.672664,40.657269],[-73.672127,40.657089],[-73.671767,40.657027]]}},{"type":"Feature","properties":{"mode":"bus","n":6,"arr":["n35","n40","n40X","n41","n54","n55"],"lines":"n35, n40, n40X, n41, n54, n55"},"geometry":{"type":"LineString","coordinates":[[-73.625488,40.710286],[-73.62455,40.708253],[-73.623522,40.706138],[-73.623355,40.705994],[-73.623096,40.705822],[-73.622639,40.705592],[-73.622279,40.70536],[-73.622084,40.70533],[-73.621873,40.705145],[-73.618486,40.701452],[-73.6181,40.701148],[-73.617449,40.700796],[-73.617299,40.70074]]}},{"type":"Feature","properties":{"mode":"bus","n":6,"arr":["n35","n40","n40X","n41","n54","n55"],"lines":"n35, n40, n40X, n41, n54, n55"},"geometry":{"type":"LineString","coordinates":[[-73.619056,40.701898],[-73.618943,40.701945]]}},{"type":"Feature","properties":{"mode":"bus","n":5,"arr":["n35","n40","n41","n54","n55"],"lines":"n35, n40, n41, n54, n55"},"geometry":{"type":"LineString","coordinates":[[-73.622084,40.70533],[-73.62214,40.705435],[-73.622493,40.705652],[-73.622975,40.705887],[-73.623355,40.706145],[-73.623573,40.706252]]}},{"type":"Feature","properties":{"mode":"bus","n":5,"arr":["n48","n49","n78","n79","n80"],"lines":"n48, n49, n78, n79, n80"},"geometry":{"type":"LineString","coordinates":[[-73.52766,40.768412],[-73.527208,40.766286]]}},{"type":"Feature","properties":{"mode":"bus","n":5,"arr":["NJ1","NJ25","NJ361","NJ375","NJGO25"],"lines":"1, 25, 361, 375, GO25"},"geometry":{"type":"LineString","coordinates":[[-74.180645,40.736164],[-74.182881,40.735742],[-74.189567,40.734401]]}},{"type":"Feature","properties":{"mode":"bus","n":6,"arr":["NJ1","NJ25","NJ31","NJ361","NJ375","NJGO25"],"lines":"1, 25, 31, 361, 375, GO25"},"geometry":{"type":"LineString","coordinates":[[-74.177335,40.737035],[-74.177516,40.737019],[-74.17773,40.736959],[-74.17781,40.736895],[-74.17924,40.736483],[-74.180101,40.736273],[-74.180645,40.736164]]}},{"type":"Feature","properties":{"mode":"bus","n":8,"arr":["NJ1","NJ21","NJ25","NJ31","NJ34","NJ361","NJ375","NJGO25"],"lines":"1, 21, 25, 31, 34, 361, 375, GO25"},"geometry":{"type":"LineString","coordinates":[[-74.176513,40.73682],[-74.17661,40.736851],[-74.176649,40.736913],[-74.176917,40.736999],[-74.177335,40.737035]]}},{"type":"Feature","properties":{"mode":"bus","n":9,"arr":["NJ1","NJ5","NJ21","NJ25","NJ31","NJ34","NJ361","NJ375","NJGO25"],"lines":"1, 5, 21, 25, 31, 34, 361, 375, GO25"},"geometry":{"type":"LineString","coordinates":[[-74.174716,40.736313],[-74.175542,40.736528],[-74.176513,40.73682]]}},{"type":"Feature","properties":{"mode":"bus","n":10,"arr":["NJ1","NJ5","NJ11","NJ21","NJ25","NJ31","NJ34","NJ361","NJ375","NJGO25"],"lines":"1, 5, 11, 21, 25, 31, 34, 361, 375, GO25"},"geometry":{"type":"LineString","coordinates":[[-74.169306,40.734806],[-74.169914,40.734944],[-74.172116,40.735589],[-74.174716,40.736313]]}},{"type":"Feature","properties":{"mode":"bus","n":8,"arr":["NJ1","NJ25","NJ31","NJ34","NJ40","NJ361","NJ375","NJGO25"],"lines":"1, 25, 31, 34, 40, 361, 375, GO25"},"geometry":{"type":"LineString","coordinates":[[-74.164429,40.733768],[-74.165233,40.733963],[-74.165348,40.734029],[-74.16556,40.734081],[-74.168094,40.734591],[-74.169306,40.734806]]}},{"type":"Feature","properties":{"mode":"bus","n":14,"arr":["NJ1","NJ2","NJ6","NJ8","NJ10","NJ14","NJ16","NJ80","NJ83","NJ84","NJ87","NJ88","NJ119","NJ125"],"lines":"1, 2, 6, 8, 10, 14, 16, 80, 83, 84, 87, 88, 119, 125"},"geometry":{"type":"LineString","coordinates":[[-74.062069,40.73129],[-74.061802,40.73262]]}},{"type":"Feature","properties":{"mode":"bus","n":13,"arr":["NJ1","NJ2","NJ6","NJ8","NJ14","NJ16","NJ80","NJ83","NJ84","NJ87","NJ88","NJ119","NJ125"],"lines":"1, 2, 6, 8, 14, 16, 80, 83, 84, 87, 88, 119, 125"},"geometry":{"type":"LineString","coordinates":[[-74.061802,40.73262],[-74.061754,40.732858]]}},{"type":"Feature","properties":{"mode":"bus","n":8,"arr":["NJ1","NJ2","NJ8","NJ10","NJ14","NJ80","NJ84","NJ125"],"lines":"1, 2, 8, 10, 14, 80, 84, 125"},"geometry":{"type":"LineString","coordinates":[[-74.061754,40.732858],[-74.062937,40.732996]]}},{"type":"Feature","properties":{"mode":"bus","n":7,"arr":["NJ1","NJ2","NJ8","NJ10","NJ14","NJ119","NJ125"],"lines":"1, 2, 8, 10, 14, 119, 125"},"geometry":{"type":"LineString","coordinates":[[-74.063176,40.73305],[-74.062937,40.732996]]}},{"type":"Feature","properties":{"mode":"bus","n":6,"arr":["NJ1","NJ8","NJ10","NJ14","NJ119","NJ125"],"lines":"1, 8, 10, 14, 119, 125"},"geometry":{"type":"LineString","coordinates":[[-74.063157,40.732961],[-74.063176,40.73305]]}},{"type":"Feature","properties":{"mode":"bus","n":5,"arr":["NJ2","NJ80","NJ84","NJ119","NJ125"],"lines":"2, 80, 84, 119, 125"},"geometry":{"type":"LineString","coordinates":[[-74.062937,40.732996],[-74.062963,40.733115],[-74.062906,40.73348],[-74.063054,40.733925],[-74.063051,40.734104],[-74.063153,40.734494],[-74.063107,40.734997],[-74.063145,40.735376]]}},{"type":"Feature","properties":{"mode":"bus","n":5,"arr":["NJ2","NJ78","NJ124","NJ129","NJ329"],"lines":"2, 78, 124, 129, 329"},"geometry":{"type":"LineString","coordinates":[[-74.07624,40.784813],[-74.076892,40.78358],[-74.077142,40.783184],[-74.077493,40.782524],[-74.077731,40.782156],[-74.077978,40.78185],[-74.079507,40.780402],[-74.081109,40.779333]]}},{"type":"Feature","properties":{"mode":"bus","n":5,"arr":["NJ2","NJ78","NJ124","NJ129","NJ329"],"lines":"2, 78, 124, 129, 329"},"geometry":{"type":"LineString","coordinates":[[-74.073447,40.764665],[-74.073284,40.764149],[-74.07308,40.763686],[-74.072805,40.762932],[-74.072631,40.762379],[-74.07263,40.762358],[-74.072641,40.762342],[-74.072664,40.76233],[-74.072994,40.762228],[-74.074767,40.761433],[-74.074787,40.76142],[-74.074793,40.761403],[-74.074786,40.761383],[-74.074646,40.761186],[-74.074618,40.76116],[-74.074578,40.761145],[-74.07447,40.761125],[-74.073058,40.761759],[-74.07304,40.761771],[-74.073029,40.761785],[-74.073027,40.761803],[-74.07303,40.761856],[-74.073223,40.762118]]}},{"type":"Feature","properties":{"mode":"bus","n":8,"arr":["NJ2","NJ8","NJ10","NJ14","NJ80","NJ87","NJ119","NJ125"],"lines":"2, 8, 10, 14, 80, 87, 119, 125"},"geometry":{"type":"LineString","coordinates":[[-74.064351,40.730839],[-74.062702,40.730624]]}},{"type":"Feature","properties":{"mode":"bus","n":13,"arr":["NJ2","NJ6","NJ8","NJ10","NJ14","NJ16","NJ80","NJ83","NJ84","NJ87","NJ88","NJ119","NJ125"],"lines":"2, 6, 8, 10, 14, 16, 80, 83, 84, 87, 88, 119, 125"},"geometry":{"type":"LineString","coordinates":[[-74.062702,40.730624],[-74.06268,40.73072],[-74.062496,40.731092],[-74.06234,40.73116]]}},{"type":"Feature","properties":{"mode":"bus","n":11,"arr":["NJ2","NJ6","NJ10","NJ16","NJ80","NJ83","NJ84","NJ87","NJ88","NJ119","NJ125"],"lines":"2, 6, 10, 16, 80, 83, 84, 87, 88, 119, 125"},"geometry":{"type":"LineString","coordinates":[[-74.06234,40.73116],[-74.062176,40.731194],[-74.062092,40.731235],[-74.062069,40.73129]]}},{"type":"Feature","properties":{"mode":"bus","n":11,"arr":["NJ5","NJ11","NJ21","NJ39","NJ40","NJ44","NJ62","NJ76","NJ78","NJ108","NJ378"],"lines":"5, 11, 21, 39, 40, 44, 62, 76, 78, 108, 378"},"geometry":{"type":"LineString","coordinates":[[-74.162792,40.734686],[-74.163093,40.735027],[-74.163385,40.735219],[-74.163666,40.735313],[-74.164043,40.73538],[-74.165853,40.735934],[-74.168069,40.736647]]}},{"type":"Feature","properties":{"mode":"bus","n":9,"arr":["NJ5","NJ11","NJ21","NJ39","NJ44","NJ62","NJ76","NJ78","NJ108"],"lines":"5, 11, 21, 39, 44, 62, 76, 78, 108"},"geometry":{"type":"LineString","coordinates":[[-74.16322,40.734522],[-74.163843,40.735035],[-74.164039,40.735129],[-74.164113,40.735183],[-74.16413,40.735201],[-74.164134,40.73522],[-74.164127,40.735241],[-74.164043,40.73538]]}},{"type":"Feature","properties":{"mode":"bus","n":10,"arr":["NJ5","NJ11","NJ21","NJ39","NJ44","NJ62","NJ76","NJ78","NJ108","NJ378"],"lines":"5, 11, 21, 39, 44, 62, 76, 78, 108, 378"},"geometry":{"type":"LineString","coordinates":[[-74.162792,40.734686],[-74.163119,40.734481],[-74.163138,40.734473],[-74.163156,40.734474],[-74.163173,40.734484],[-74.16322,40.734522]]}},{"type":"Feature","properties":{"mode":"bus","n":5,"arr":["NJ5","NJ25","NJ361","NJ375","NJGO25"],"lines":"5, 25, 361, 375, GO25"},"geometry":{"type":"LineString","coordinates":[[-74.200116,40.732322],[-74.203346,40.731697]]}},{"type":"Feature","properties":{"mode":"bus","n":5,"arr":["NJ6","NJ8","NJ12","NJ81","NJ120"],"lines":"6, 8, 12, 81, 120"},"geometry":{"type":"LineString","coordinates":[[-74.09999,40.685539],[-74.100031,40.685488]]}},{"type":"Feature","properties":{"mode":"bus","n":5,"arr":["NJ6","NJ16","NJ83","NJ84","NJ88"],"lines":"6, 16, 83, 84, 88"},"geometry":{"type":"LineString","coordinates":[[-74.059538,40.732552],[-74.059617,40.732477],[-74.060313,40.731449],[-74.06124,40.730462],[-74.061261,40.730447],[-74.061286,40.730439],[-74.061315,40.730439],[-74.062702,40.730624]]}},{"type":"Feature","properties":{"mode":"bus","n":7,"arr":["NJ6","NJ16","NJ80","NJ83","NJ87","NJ88","NJ119"],"lines":"6, 16, 80, 83, 87, 88, 119"},"geometry":{"type":"LineString","coordinates":[[-74.059538,40.732552],[-74.059748,40.732633],[-74.061583,40.732859],[-74.061754,40.732858]]}},{"type":"Feature","properties":{"mode":"bus","n":6,"arr":["NJ9","NJ16","NJ80","NJ81","NJ82","NJ86"],"lines":"9, 16, 80, 81, 82, 86"},"geometry":{"type":"LineString","coordinates":[[-74.046667,40.72069],[-74.041352,40.719006]]}},{"type":"Feature","properties":{"mode":"bus","n":5,"arr":["NJ11","NJ13","NJ27","NJ78","NJGO28"],"lines":"11, 13, 27, 78, GO28"},"geometry":{"type":"LineString","coordinates":[[-74.170614,40.75096],[-74.169932,40.750001]]}},{"type":"Feature","properties":{"mode":"bus","n":7,"arr":["NJ11","NJ13","NJ27","NJ30","NJ76","NJ78","NJGO28"],"lines":"11, 13, 27, 30, 76, 78, GO28"},"geometry":{"type":"LineString","coordinates":[[-74.169932,40.750001],[-74.170668,40.748048],[-74.170678,40.747912]]}},{"type":"Feature","properties":{"mode":"bus","n":9,"arr":["NJ11","NJ39","NJ40","NJ44","NJ62","NJ76","NJ78","NJ108","NJ378"],"lines":"11, 39, 40, 44, 62, 76, 78, 108, 378"},"geometry":{"type":"LineString","coordinates":[[-74.168069,40.736647],[-74.170661,40.737447],[-74.171033,40.737499]]}},{"type":"Feature","properties":{"mode":"bus","n":9,"arr":["NJ11","NJ13","NJ27","NJ30","NJ41","NJ76","NJ78","NJ378","NJGO28"],"lines":"11, 13, 27, 30, 41, 76, 78, 378, GO28"},"geometry":{"type":"LineString","coordinates":[[-74.169772,40.744509],[-74.170057,40.745734],[-74.170605,40.747596]]}},{"type":"Feature","properties":{"mode":"bus","n":6,"arr":["NJ11","NJ13","NJ27","NJ30","NJ76","NJGO28"],"lines":"11, 13, 27, 30, 76, GO28"},"geometry":{"type":"LineString","coordinates":[[-74.170678,40.747912],[-74.170605,40.747596]]}},{"type":"Feature","properties":{"mode":"bus","n":8,"arr":["NJ13","NJ27","NJ30","NJ41","NJ76","NJ78","NJ378","NJGO28"],"lines":"13, 27, 30, 41, 76, 78, 378, GO28"},"geometry":{"type":"LineString","coordinates":[[-74.169057,40.74141],[-74.169074,40.741813],[-74.169236,40.742398],[-74.169367,40.743032],[-74.169772,40.744509]]}},{"type":"Feature","properties":{"mode":"bus","n":9,"arr":["NJ13","NJ24","NJ27","NJ30","NJ41","NJ76","NJ78","NJ378","NJGO28"],"lines":"13, 24, 27, 30, 41, 76, 78, 378, GO28"},"geometry":{"type":"LineString","coordinates":[[-74.171033,40.737499],[-74.169379,40.74055],[-74.169178,40.740987],[-74.169057,40.74141]]}},{"type":"Feature","properties":{"mode":"bus","n":9,"arr":["NJ13","NJ24","NJ27","NJ30","NJ39","NJ40","NJ41","NJ62","NJGO28"],"lines":"13, 24, 27, 30, 39, 40, 41, 62, GO28"},"geometry":{"type":"LineString","coordinates":[[-74.177116,40.727007],[-74.1735,40.733183],[-74.171313,40.736971],[-74.171033,40.737499]]}},{"type":"Feature","properties":{"mode":"bus","n":5,"arr":["NJ13","NJ37","NJ90","NJ96","NJ107"],"lines":"13, 37, 90, 96, 107"},"geometry":{"type":"LineString","coordinates":[[-74.224607,40.715529],[-74.226681,40.717103]]}},{"type":"Feature","properties":{"mode":"bus","n":7,"arr":["NJ13","NJ24","NJ27","NJ39","NJ40","NJ62","NJGO28"],"lines":"13, 24, 27, 39, 40, 62, GO28"},"geometry":{"type":"LineString","coordinates":[[-74.178114,40.725411],[-74.17799,40.725487],[-74.177833,40.725741],[-74.17782,40.725876],[-74.177116,40.727007]]}},{"type":"Feature","properties":{"mode":"bus","n":9,"arr":["NJ22","NJ83","NJ84","NJ85","NJ86","NJ121","NJ127","NJ154","NJ159"],"lines":"22, 83, 84, 85, 86, 121, 127, 154, 159"},"geometry":{"type":"LineString","coordinates":[[-74.029252,40.772101],[-74.029296,40.771981],[-74.029568,40.771643]]}},{"type":"Feature","properties":{"mode":"bus","n":7,"arr":["NJ22","NJ84","NJ86","NJ121","NJ127","NJ154","NJ159"],"lines":"22, 84, 86, 121, 127, 154, 159"},"geometry":{"type":"LineString","coordinates":[[-74.029568,40.771643],[-74.029925,40.771178]]}},{"type":"Feature","properties":{"mode":"bus","n":5,"arr":["NJ22","NJ85","NJ87","NJ89","NJ126"],"lines":"22, 85, 87, 89, 126"},"geometry":{"type":"LineString","coordinates":[[-74.031456,40.735606],[-74.030905,40.735508],[-74.030402,40.735449]]}},{"type":"Feature","properties":{"mode":"bus","n":6,"arr":["NJ22","NJ23","NJ85","NJ87","NJ89","NJ126"],"lines":"22, 23, 85, 87, 89, 126"},"geometry":{"type":"LineString","coordinates":[[-74.030402,40.735449],[-74.030242,40.735472],[-74.029367,40.735497]]}},{"type":"Feature","properties":{"mode":"bus","n":6,"arr":["NJ22","NJ23","NJ85","NJ87","NJ89","NJ126"],"lines":"22, 23, 85, 87, 89, 126"},"geometry":{"type":"LineString","coordinates":[[-74.029193,40.735497],[-74.029347,40.735497],[-74.029354,40.735497],[-74.029358,40.735499],[-74.02936,40.735501],[-74.029359,40.735505],[-74.029355,40.735509],[-74.029345,40.735519],[-74.029331,40.735528],[-74.029313,40.735531],[-74.029043,40.735533]]}},{"type":"Feature","properties":{"mode":"bus","n":5,"arr":["NJ22","NJ84","NJ88","NJ89","NJ159"],"lines":"22, 84, 88, 89, 159"},"geometry":{"type":"LineString","coordinates":[[-74.001431,40.8092],[-74.001981,40.808401]]}},{"type":"Feature","properties":{"mode":"bus","n":11,"arr":["NJ23","NJ111","NJ121","NJ123","NJ124","NJ125","NJ128","NJ129","NJ154","NJ159","NJ192"],"lines":"23, 111, 121, 123, 124, 125, 128, 129, 154, 159, 192"},"geometry":{"type":"LineString","coordinates":[[-74.02179,40.766828],[-74.02215,40.765849],[-74.022275,40.765619],[-74.022495,40.765305],[-74.023508,40.764145],[-74.025102,40.762709]]}},{"type":"Feature","properties":{"mode":"bus","n":7,"arr":["NJ25","NJ27","NJ37","NJ90","NJ107","NJ375","NJGO25"],"lines":"25, 27, 37, 90, 107, 375, GO25"},"geometry":{"type":"LineString","coordinates":[[-74.226277,40.726936],[-74.227204,40.726727]]}},{"type":"Feature","properties":{"mode":"bus","n":6,"arr":["NJ25","NJ37","NJ90","NJ107","NJ375","NJGO25"],"lines":"25, 37, 90, 107, 375, GO25"},"geometry":{"type":"LineString","coordinates":[[-74.220652,40.72821],[-74.226277,40.726936]]}},{"type":"Feature","properties":{"mode":"bus","n":5,"arr":["NJ27","NJ37","NJ90","NJ107","NJGO25"],"lines":"27, 37, 90, 107, GO25"},"geometry":{"type":"LineString","coordinates":[[-74.227204,40.726727],[-74.227171,40.726631],[-74.227212,40.726565]]}},{"type":"Feature","properties":{"mode":"bus","n":5,"arr":["NJ78","NJ122","NJ124","NJ129","NJ378"],"lines":"78, 122, 124, 129, 378"},"geometry":{"type":"LineString","coordinates":[[-74.050652,40.785211],[-74.053894,40.787526],[-74.054541,40.787943]]}},{"type":"Feature","properties":{"mode":"bus","n":8,"arr":["NJ78","NJ85","NJ109","NJ129","NJ192","NJ193","NJ324","NJ355"],"lines":"78, 85, 109, 129, 192, 193, 324, 355"},"geometry":{"type":"LineString","coordinates":[[-74.058489,40.794491],[-74.062421,40.797332]]}},{"type":"Feature","properties":{"mode":"bus","n":6,"arr":["NJ83","NJ85","NJ88","NJ121","NJ127","NJ154"],"lines":"83, 85, 88, 121, 127, 154"},"geometry":{"type":"LineString","coordinates":[[-74.031772,40.775081],[-74.031856,40.775165]]}},{"type":"Feature","properties":{"mode":"bus","n":5,"arr":["NJ83","NJ85","NJ121","NJ127","NJ154"],"lines":"83, 85, 121, 127, 154"},"geometry":{"type":"LineString","coordinates":[[-74.029252,40.772101],[-74.029979,40.773049],[-74.030537,40.773832],[-74.031772,40.775081]]}},{"type":"Feature","properties":{"mode":"bus","n":5,"arr":["NJ108","NJ111","NJ124","NJ125","NJ192"],"lines":"108, 111, 124, 125, 192"},"geometry":{"type":"LineString","coordinates":[[-74.028202,40.77088],[-74.028954,40.771154],[-74.029608,40.771445],[-74.031078,40.772317]]}},{"type":"Feature","properties":{"mode":"bus","n":5,"arr":["NJ108","NJ111","NJ124","NJ125","NJ192"],"lines":"108, 111, 124, 125, 192"},"geometry":{"type":"LineString","coordinates":[[-74.032878,40.773195],[-74.033659,40.773556],[-74.034555,40.774008]]}},{"type":"Feature","properties":{"mode":"bus","n":7,"arr":["NJ83","NJ85","NJ108","NJ111","NJ124","NJ125","NJ192"],"lines":"83, 85, 108, 111, 124, 125, 192"},"geometry":{"type":"LineString","coordinates":[[-74.031078,40.772317],[-74.031381,40.772489],[-74.032878,40.773195]]}},{"type":"Feature","properties":{"mode":"bus","n":5,"arr":["NJ83","NJ84","NJ87","NJ88","NJ119"],"lines":"83, 84, 87, 88, 119"},"geometry":{"type":"LineString","coordinates":[[-74.059562,40.732685],[-74.059538,40.732552]]}},{"type":"Feature","properties":{"mode":"bus","n":6,"arr":["NJ108","NJ111","NJ124","NJ125","NJ129","NJ192"],"lines":"108, 111, 124, 125, 129, 192"},"geometry":{"type":"LineString","coordinates":[[-74.034797,40.773418],[-74.033279,40.772716]]}},{"type":"Feature","properties":{"mode":"bus","n":8,"arr":["NJ83","NJ85","NJ108","NJ111","NJ124","NJ125","NJ129","NJ192"],"lines":"83, 85, 108, 111, 124, 125, 129, 192"},"geometry":{"type":"LineString","coordinates":[[-74.033279,40.772716],[-74.029925,40.771178]]}},{"type":"Feature","properties":{"mode":"bus","n":12,"arr":["NJ83","NJ85","NJ108","NJ111","NJ121","NJ124","NJ125","NJ127","NJ129","NJ154","NJ159","NJ192"],"lines":"83, 85, 108, 111, 121, 124, 125, 127, 129, 154, 159, 192"},"geometry":{"type":"LineString","coordinates":[[-74.029925,40.771178],[-74.028969,40.770747]]}},{"type":"Feature","properties":{"mode":"bus","n":7,"arr":["NJ83","NJ84","NJ85","NJ86","NJ121","NJ127","NJ154"],"lines":"83, 84, 85, 86, 121, 127, 154"},"geometry":{"type":"LineString","coordinates":[[-74.028617,40.771364],[-74.029252,40.772101]]}},{"type":"Feature","properties":{"mode":"bus","n":11,"arr":["NJ84","NJ86","NJ108","NJ111","NJ121","NJ123","NJ124","NJ125","NJ127","NJ154","NJ192"],"lines":"84, 86, 108, 111, 121, 123, 124, 125, 127, 154, 192"},"geometry":{"type":"LineString","coordinates":[[-74.0242,40.769156],[-74.024706,40.769502],[-74.024994,40.769582],[-74.026358,40.770183],[-74.027249,40.770519]]}},{"type":"Feature","properties":{"mode":"bus","n":10,"arr":["NJ84","NJ86","NJ108","NJ111","NJ121","NJ124","NJ125","NJ127","NJ154","NJ192"],"lines":"84, 86, 108, 111, 121, 124, 125, 127, 154, 192"},"geometry":{"type":"LineString","coordinates":[[-74.027249,40.770519],[-74.028202,40.77088]]}},{"type":"Feature","properties":{"mode":"bus","n":5,"arr":["NJ84","NJ86","NJ121","NJ127","NJ154"],"lines":"84, 86, 121, 127, 154"},"geometry":{"type":"LineString","coordinates":[[-74.028202,40.77088],[-74.028617,40.771364]]}},{"type":"Feature","properties":{"mode":"bus","n":12,"arr":["NJ84","NJ86","NJ108","NJ111","NJ121","NJ124","NJ125","NJ127","NJ129","NJ154","NJ159","NJ192"],"lines":"84, 86, 108, 111, 121, 124, 125, 127, 129, 154, 159, 192"},"geometry":{"type":"LineString","coordinates":[[-74.028969,40.770747],[-74.027643,40.770232]]}},{"type":"Feature","properties":{"mode":"bus","n":6,"arr":["NJ85","NJ109","NJ192","NJ193","NJ324","NJ355"],"lines":"85, 109, 192, 193, 324, 355"},"geometry":{"type":"LineString","coordinates":[[-74.073189,40.803661],[-74.072369,40.801961],[-74.071805,40.801054],[-74.071439,40.800592],[-74.071092,40.800241],[-74.070603,40.799837],[-74.07008,40.799474],[-74.067478,40.79792],[-74.066757,40.797557],[-74.066159,40.797336],[-74.06231,40.796213],[-74.061278,40.795818],[-74.060454,40.795441],[-74.059999,40.795207],[-74.05904,40.794643],[-74.057508,40.793603],[-74.052452,40.79001]]}},{"type":"Feature","properties":{"mode":"bus","n":6,"arr":["NJ85","NJ109","NJ192","NJ193","NJ324","NJ355"],"lines":"85, 109, 192, 193, 324, 355"},"geometry":{"type":"LineString","coordinates":[[-74.062421,40.797332],[-74.071744,40.804158]]}},{"type":"Feature","properties":{"mode":"bus","n":22,"arr":["NJ107","NJ108","NJ109","NJ111","NJ119","NJ121","NJ122","NJ123","NJ124","NJ125","NJ126","NJ127","NJ128","NJ129","NJ154","NJ159","NJ192","NJ193","NJ320","NJ321","NJ324","NJ355"],"lines":"107, 108, 109, 111, 119, 121, 122, 123, 124, 125, 126, 127, 128, 129, 154, 159, 192, 193, 320, 321, 324, 355"},"geometry":{"type":"LineString","coordinates":[[-73.996209,40.756844],[-73.995844,40.756721],[-73.995654,40.756701],[-73.995562,40.756714],[-73.995427,40.756764],[-73.995387,40.756801],[-73.995244,40.757094]]}},{"type":"Feature","properties":{"mode":"bus","n":22,"arr":["NJ107","NJ108","NJ109","NJ111","NJ119","NJ121","NJ122","NJ123","NJ124","NJ125","NJ126","NJ127","NJ128","NJ129","NJ154","NJ159","NJ192","NJ193","NJ320","NJ321","NJ324","NJ355"],"lines":"107, 108, 109, 111, 119, 121, 122, 123, 124, 125, 126, 127, 128, 129, 154, 159, 192, 193, 320, 321, 324, 355"},"geometry":{"type":"LineString","coordinates":[[-73.994811,40.757665],[-73.994556,40.757559],[-73.994444,40.757442],[-73.994428,40.757335],[-73.994542,40.757169],[-73.994612,40.757133],[-73.994748,40.757105],[-73.994952,40.757135],[-73.995112,40.757212],[-73.995293,40.757347],[-73.995347,40.757504],[-73.995302,40.757629],[-73.995102,40.757803],[-73.994814,40.757897],[-73.994346,40.757893],[-73.994022,40.757803],[-73.993431,40.757541],[-73.993217,40.757385],[-73.993182,40.757325],[-73.993193,40.757243]]}},{"type":"Feature","properties":{"mode":"bus","n":22,"arr":["NJ107","NJ108","NJ109","NJ111","NJ119","NJ121","NJ122","NJ123","NJ124","NJ125","NJ126","NJ127","NJ128","NJ129","NJ154","NJ159","NJ192","NJ193","NJ320","NJ321","NJ324","NJ355"],"lines":"107, 108, 109, 111, 119, 121, 122, 123, 124, 125, 126, 127, 128, 129, 154, 159, 192, 193, 320, 321, 324, 355"},"geometry":{"type":"LineString","coordinates":[[-73.992974,40.757491],[-73.993363,40.757698],[-73.994117,40.758012],[-73.994286,40.758049],[-73.994538,40.758043],[-73.995752,40.757784],[-73.995983,40.757781],[-73.996108,40.757802],[-73.996271,40.757848],[-73.99794,40.75853],[-73.998772,40.758815]]}},{"type":"Feature","properties":{"mode":"bus","n":21,"arr":["NJ107","NJ108","NJ111","NJ119","NJ121","NJ122","NJ123","NJ124","NJ125","NJ126","NJ127","NJ128","NJ129","NJ154","NJ159","NJ192","NJ193","NJ320","NJ321","NJ324","NJ355"],"lines":"107, 108, 111, 119, 121, 122, 123, 124, 125, 126, 127, 128, 129, 154, 159, 192, 193, 320, 321, 324, 355"},"geometry":{"type":"LineString","coordinates":[[-73.993193,40.757243],[-73.993029,40.757078],[-73.990926,40.756189],[-73.990906,40.756183],[-73.990889,40.756183],[-73.990874,40.75619],[-73.990862,40.756203],[-73.990228,40.757101],[-73.990221,40.757116],[-73.990222,40.757129],[-73.990231,40.75714],[-73.990248,40.75715],[-73.991133,40.757495],[-73.991159,40.757501],[-73.991181,40.757496],[-73.991199,40.757481],[-73.991573,40.756982],[-73.991591,40.756967],[-73.991613,40.756962],[-73.991639,40.756968],[-73.992974,40.757491]]}},{"type":"Feature","properties":{"mode":"bus","n":5,"arr":["NJ108","NJ111","NJ124","NJ129","NJ192"],"lines":"108, 111, 124, 129, 192"},"geometry":{"type":"LineString","coordinates":[[-74.039383,40.775331],[-74.038932,40.775094],[-74.036191,40.773885],[-74.035697,40.773704],[-74.034797,40.773418]]}},{"type":"Feature","properties":{"mode":"bus","n":10,"arr":["NJ108","NJ111","NJ121","NJ124","NJ125","NJ127","NJ129","NJ154","NJ159","NJ192"],"lines":"108, 111, 121, 124, 125, 127, 129, 154, 159, 192"},"geometry":{"type":"LineString","coordinates":[[-74.027643,40.770232],[-74.027507,40.770178]]}},{"type":"Feature","properties":{"mode":"bus","n":11,"arr":["NJ108","NJ111","NJ121","NJ123","NJ124","NJ125","NJ127","NJ129","NJ154","NJ159","NJ192"],"lines":"108, 111, 121, 123, 124, 125, 127, 129, 154, 159, 192"},"geometry":{"type":"LineString","coordinates":[[-74.027507,40.770178],[-74.026623,40.769818],[-74.024587,40.76888],[-74.024442,40.768855]]}},{"type":"Feature","properties":{"mode":"bus","n":9,"arr":["NJ108","NJ111","NJ121","NJ123","NJ124","NJ125","NJ127","NJ154","NJ192"],"lines":"108, 111, 121, 123, 124, 125, 127, 154, 192"},"geometry":{"type":"LineString","coordinates":[[-74.021524,40.767618],[-74.021886,40.76817],[-74.022142,40.768391],[-74.022342,40.768492],[-74.02291,40.768705],[-74.023115,40.768728],[-74.023378,40.76879],[-74.0242,40.769156]]}},{"type":"Feature","properties":{"mode":"bus","n":5,"arr":["NJ109","NJ192","NJ193","NJ324","NJ355"],"lines":"109, 192, 193, 324, 355"},"geometry":{"type":"LineString","coordinates":[[-74.052452,40.79001],[-74.051701,40.789476],[-74.051084,40.788999],[-74.050527,40.788508],[-74.049999,40.787979],[-74.049371,40.787247],[-74.04895,40.786665],[-74.048581,40.786068],[-74.04826,40.785455],[-74.047914,40.784605],[-74.047199,40.782355],[-74.047078,40.782049],[-74.046846,40.781263],[-74.046792,40.78083],[-74.046824,40.780264],[-74.046893,40.779952],[-74.047177,40.779093],[-74.047224,40.778856],[-74.0472,40.778498],[-74.047044,40.778139],[-74.046857,40.777895],[-74.046637,40.777685],[-74.046381,40.777514],[-74.046103,40.777374],[-74.045663,40.777232],[-74.044626,40.777083],[-74.044489,40.777032]]}},{"type":"Feature","properties":{"mode":"bus","n":5,"arr":["NJ109","NJ192","NJ193","NJ324","NJ355"],"lines":"109, 192, 193, 324, 355"},"geometry":{"type":"LineString","coordinates":[[-74.045968,40.779689],[-74.046273,40.780224],[-74.046479,40.780704],[-74.046587,40.780837],[-74.047662,40.784438],[-74.047874,40.785023]]}},{"type":"Feature","properties":{"mode":"bus","n":5,"arr":["NJ109","NJ192","NJ193","NJ324","NJ355"],"lines":"109, 192, 193, 324, 355"},"geometry":{"type":"LineString","coordinates":[[-74.055335,40.792232],[-74.057825,40.793996],[-74.058489,40.794491]]}},{"type":"Feature","properties":{"mode":"bus","n":8,"arr":["NJ109","NJ122","NJ124","NJ129","NJ192","NJ193","NJ324","NJ355"],"lines":"109, 122, 124, 129, 192, 193, 324, 355"},"geometry":{"type":"LineString","coordinates":[[-74.042412,40.776574],[-74.043064,40.776853],[-74.043436,40.77704],[-74.043719,40.77722],[-74.044052,40.777489],[-74.045391,40.778811],[-74.045752,40.779298],[-74.045968,40.779689]]}},{"type":"Feature","properties":{"mode":"bus","n":9,"arr":["NJ111","NJ121","NJ123","NJ124","NJ125","NJ129","NJ154","NJ159","NJ192"],"lines":"111, 121, 123, 124, 125, 129, 154, 159, 192"},"geometry":{"type":"LineString","coordinates":[[-74.024442,40.768855],[-74.024151,40.768688],[-74.022452,40.767937],[-74.021916,40.767578],[-74.021818,40.767475],[-74.021759,40.767354],[-74.021747,40.767191],[-74.02179,40.766828]]}},{"type":"Feature","properties":{"mode":"bus","n":10,"arr":["NJ111","NJ121","NJ123","NJ124","NJ125","NJ128","NJ129","NJ154","NJ159","NJ192"],"lines":"111, 121, 123, 124, 125, 128, 129, 154, 159, 192"},"geometry":{"type":"LineString","coordinates":[[-74.025102,40.762709],[-74.025262,40.762745],[-74.025332,40.762783],[-74.025392,40.762919]]}},{"type":"Feature","properties":{"mode":"bus","n":12,"arr":["NJ111","NJ119","NJ121","NJ123","NJ124","NJ125","NJ126","NJ128","NJ129","NJ154","NJ159","NJ192"],"lines":"111, 119, 121, 123, 124, 125, 126, 128, 129, 154, 159, 192"},"geometry":{"type":"LineString","coordinates":[[-74.025392,40.762919],[-74.02511,40.763151],[-74.024478,40.76355],[-74.023697,40.764274],[-74.023562,40.764463],[-74.023534,40.76493]]}},{"type":"Feature","properties":{"mode":"bus","n":9,"arr":["S53","S79-SBS","S93","SIM3","SIM6","SIM10","SIM11","SIM31","SIM32"],"lines":"S53, S79-SBS, S93, SIM3, SIM6, SIM10, SIM11, SIM31, SIM32"},"geometry":{"type":"LineString","coordinates":[[-74.029154,40.613864],[-74.029168,40.613654]]}},{"type":"Feature","properties":{"mode":"tram","n":6,"arr":["2","3","A","B","C","D"],"lines":"2, 3, A, B, C, D"},"geometry":{"type":"LineString","coordinates":[[-73.960834,40.796944],[-73.960882,40.796878]]}},{"type":"Feature","properties":{"mode":"tram","n":5,"arr":["B","D","F","FX","M"],"lines":"B, D, F, FX, M"},"geometry":{"type":"LineString","coordinates":[[-73.994488,40.724836],[-73.995422,40.725141],[-73.996766,40.725455],[-73.997055,40.725545],[-74.001819,40.727914],[-74.001828,40.727917],[-74.001837,40.727916],[-74.001845,40.727912],[-74.001854,40.727903],[-74.00186,40.7279],[-74.001866,40.727899],[-74.001872,40.727899],[-74.001879,40.727903],[-74.002019,40.728001],[-74.002027,40.728005],[-74.002035,40.728005],[-74.002044,40.728002],[-74.002055,40.727997],[-74.002063,40.727994],[-74.002071,40.727995],[-74.002077,40.728],[-74.002343,40.728271],[-74.002444,40.728429],[-74.002555,40.728752],[-74.002556,40.728759],[-74.002554,40.728764],[-74.002548,40.728766],[-74.002539,40.728767],[-74.002497,40.728765]]}},{"type":"Feature","properties":{"mode":"tram","n":5,"arr":["B","D","F","FX","M"],"lines":"B, D, F, FX, M"},"geometry":{"type":"LineString","coordinates":[[-74.002517,40.728596],[-74.002479,40.728597],[-74.00247,40.728599],[-74.002464,40.728602],[-74.002461,40.728607],[-74.00246,40.728614],[-74.002506,40.728935],[-74.002436,40.72927],[-74.001848,40.730335]]}},{"type":"Feature","properties":{"mode":"tram","n":5,"arr":["B","D","F","FX","M"],"lines":"B, D, F, FX, M"},"geometry":{"type":"LineString","coordinates":[[-74.001607,40.73071],[-74.001092,40.731475],[-73.999747,40.733344],[-73.999264,40.734106],[-73.991436,40.744866],[-73.990083,40.746691]]}},{"type":"Feature","properties":{"mode":"tram","n":5,"arr":["B","D","F","FX","M"],"lines":"B, D, F, FX, M"},"geometry":{"type":"LineString","coordinates":[[-73.988547,40.748777],[-73.988485,40.748791],[-73.980135,40.760277]]}},{"type":"Feature","properties":{"mode":"tram","n":8,"arr":["A","B","C","D","E","F","FX","M"],"lines":"A, B, C, D, E, F, FX, M"},"geometry":{"type":"LineString","coordinates":[[-74.001848,40.730335],[-74.001607,40.73071]]}},{"type":"Feature","properties":{"mode":"tram","n":6,"arr":["B","D","N","Q","R","W"],"lines":"B, D, N, Q, R, W"},"geometry":{"type":"LineString","coordinates":[[-73.979575,40.688336],[-73.980574,40.68882],[-73.980878,40.689011],[-73.981126,40.689217],[-73.981133,40.689226],[-73.981135,40.689234],[-73.981132,40.689242],[-73.981122,40.68925],[-73.981101,40.689263],[-73.981089,40.689273],[-73.981087,40.689285],[-73.981095,40.689297],[-73.981181,40.689386],[-73.981184,40.689391],[-73.981184,40.689395],[-73.981182,40.689399],[-73.981177,40.689403],[-73.981166,40.689408],[-73.98116,40.689413],[-73.981158,40.689419],[-73.98116,40.689425],[-73.981419,40.689796],[-73.982354,40.691679]]}},{"type":"Feature","properties":{"mode":"tram","n":5,"arr":["B","N","Q","R","W"],"lines":"B, N, Q, R, W"},"geometry":{"type":"LineString","coordinates":[[-73.981254,40.689538],[-73.981279,40.689527],[-73.981285,40.689524],[-73.981288,40.68952],[-73.981287,40.689516],[-73.981285,40.689511],[-73.98119,40.689396]]}},{"type":"Feature","properties":{"mode":"tram","n":9,"arr":["B","D","F","FX","HOB-33","JSQ-33","JSQ-33 via HOB","M","WTC-33"],"lines":"B, D, F, FX, HOB-33, JSQ-33, JSQ-33 via HOB, M, WTC-33"},"geometry":{"type":"LineString","coordinates":[[-73.990083,40.746691],[-73.988547,40.748777]]}},{"type":"Feature","properties":{"mode":"tram","n":5,"arr":["E","F","FX","M","R"],"lines":"E, F, FX, M, R"},"geometry":{"type":"LineString","coordinates":[[-73.934753,40.750963],[-73.93433,40.75126],[-73.934072,40.751408],[-73.933516,40.751656],[-73.932916,40.751836],[-73.932286,40.751944],[-73.931641,40.751978],[-73.926073,40.752072]]}},{"type":"Feature","properties":{"mode":"tram","n":5,"arr":["E","F","FX","M","R"],"lines":"E, F, FX, M, R"},"geometry":{"type":"LineString","coordinates":[[-73.902674,40.751457],[-73.88517,40.744003],[-73.882771,40.742845],[-73.881542,40.742215],[-73.879851,40.740974],[-73.879498,40.74069],[-73.87949,40.740686],[-73.879483,40.740685],[-73.879475,40.740689],[-73.879464,40.740695],[-73.879458,40.740698],[-73.879453,40.740699],[-73.879447,40.740697],[-73.879442,40.740693],[-73.879127,40.740382],[-73.878845,40.740038],[-73.87861,40.739674],[-73.877248,40.737251],[-73.877245,40.737241],[-73.877246,40.737232],[-73.877253,40.737225],[-73.877265,40.73722],[-73.87729,40.737212],[-73.877305,40.737205],[-73.87731,40.737194],[-73.877307,40.737181],[-73.876954,40.736535],[-73.876691,40.736192],[-73.876389,40.735869],[-73.876049,40.735569],[-73.875675,40.735293],[-73.87527,40.735044],[-73.874836,40.734824],[-73.874392,40.734641],[-73.874385,40.734639],[-73.87438,40.734639],[-73.874375,40.734641],[-73.874371,40.734646],[-73.874358,40.734666]]}},{"type":"Feature","properties":{"mode":"tram","n":5,"arr":["E","F","FX","M","R"],"lines":"E, F, FX, M, R"},"geometry":{"type":"LineString","coordinates":[[-73.874836,40.734824],[-73.87482,40.734844],[-73.874814,40.734849],[-73.874807,40.73485],[-73.874798,40.734848],[-73.874358,40.734666],[-73.873884,40.73451],[-73.870037,40.733373],[-73.869307,40.733125],[-73.868601,40.732841],[-73.867934,40.732528],[-73.867925,40.732526],[-73.867918,40.732527],[-73.867911,40.732532],[-73.867904,40.732541],[-73.867899,40.732545],[-73.867894,40.732547],[-73.867888,40.732546],[-73.867882,40.732544],[-73.867242,40.732197],[-73.866168,40.73156],[-73.865775,40.731374],[-73.861681,40.7299],[-73.861674,40.729896],[-73.861672,40.729891],[-73.861674,40.729884],[-73.861679,40.729875],[-73.861681,40.729868],[-73.861679,40.729863],[-73.861672,40.729859],[-73.852774,40.726609],[-73.852769,40.726606],[-73.852766,40.726603],[-73.852765,40.726598],[-73.852768,40.726594],[-73.852774,40.726584],[-73.852777,40.726578],[-73.852775,40.726573],[-73.852768,40.726568],[-73.852361,40.726393],[-73.851581,40.725959],[-73.851228,40.725709],[-73.850912,40.725447],[-73.850904,40.725443],[-73.850897,40.725443],[-73.850889,40.725446],[-73.850879,40.725453],[-73.850873,40.725456],[-73.850868,40.725457],[-73.850862,40.725455],[-73.850858,40.725451],[-73.850289,40.724864],[-73.850275,40.724855],[-73.850261,40.724853],[-73.850244,40.724859],[-73.850209,40.724878],[-73.850205,40.72488],[-73.850203,40.724881],[-73.850202,40.724882],[-73.850203,40.724881],[-73.850205,40.72488],[-73.850209,40.724878],[-73.85022,40.724872],[-73.850226,40.72487],[-73.850232,40.724869],[-73.850237,40.724871],[-73.850242,40.724875],[-73.850521,40.72518],[-73.850526,40.725184],[-73.850531,40.725186],[-73.850537,40.725185],[-73.850543,40.725183],[-73.850566,40.72517]]}},{"type":"Feature","properties":{"mode":"tram","n":5,"arr":["E","F","FX","M","R"],"lines":"E, F, FX, M, R"},"geometry":{"type":"LineString","coordinates":[[-73.850196,40.724885],[-73.849573,40.724289],[-73.849222,40.724017],[-73.848453,40.72353],[-73.84805,40.723324],[-73.848044,40.723319],[-73.848042,40.723313],[-73.848045,40.723307],[-73.848053,40.723298],[-73.848055,40.723293],[-73.848055,40.723289],[-73.848053,40.723285],[-73.848047,40.723282],[-73.847639,40.723102],[-73.847632,40.723098],[-73.84763,40.723092],[-73.847633,40.723085],[-73.84764,40.723077],[-73.847643,40.72307],[-73.847641,40.723064],[-73.847634,40.72306],[-73.84348,40.721211]]}},{"type":"Feature","properties":{"mode":"tram","n":8,"arr":["Babylon","Far Rockaway","Hempstead","Long Beach","Port Jefferson","Port Washington","Ronkonkoma","West Hempstead"],"lines":"Babylon, Far Rockaway, Hempstead, Long Beach, Port Jefferson, Port Washington, Ronkonkoma, West Hempstead"},"geometry":{"type":"LineString","coordinates":[[-73.90178,40.74491],[-73.898689,40.742013],[-73.896603,40.740123]]}},{"type":"Feature","properties":{"mode":"tram","n":7,"arr":["Babylon","Far Rockaway","Hempstead","Long Beach","Port Jefferson","Port Washington","Ronkonkoma"],"lines":"Babylon, Far Rockaway, Hempstead, Long Beach, Port Jefferson, Port Washington, Ronkonkoma"},"geometry":{"type":"LineString","coordinates":[[-73.902926,40.746001],[-73.90178,40.74491]]}},{"type":"Feature","properties":{"mode":"tram","n":7,"arr":["Babylon","Far Rockaway","Hempstead","Long Beach","Port Jefferson","Ronkonkoma","West Hempstead"],"lines":"Babylon, Far Rockaway, Hempstead, Long Beach, Port Jefferson, Ronkonkoma, West Hempstead"},"geometry":{"type":"LineString","coordinates":[[-73.896603,40.740123],[-73.896586,40.740043],[-73.896019,40.73958],[-73.896007,40.739566],[-73.896004,40.73955],[-73.896005,40.739535],[-73.896002,40.739518],[-73.89599,40.739505],[-73.895737,40.739316],[-73.895725,40.739303],[-73.895722,40.739287],[-73.895722,40.739272],[-73.895719,40.739256],[-73.895706,40.739244],[-73.894971,40.738759],[-73.894,40.738223],[-73.892232,40.737434],[-73.887805,40.735559],[-73.883873,40.733923],[-73.881299,40.732959],[-73.84522,40.719756],[-73.842925,40.718873],[-73.842276,40.718597],[-73.841566,40.718261],[-73.840541,40.717722],[-73.83968,40.717206],[-73.838921,40.716705],[-73.83805,40.71606],[-73.837309,40.71545],[-73.822301,40.701925],[-73.821175,40.700955],[-73.820566,40.700481],[-73.819811,40.699947],[-73.819193,40.699574],[-73.818268,40.699111],[-73.817562,40.698827],[-73.816878,40.698609],[-73.816191,40.698463],[-73.815528,40.698388],[-73.814805,40.698376]]}},{"type":"Feature","properties":{"mode":"tram","n":7,"arr":["Babylon","Far Rockaway","Hempstead","Long Beach","Port Jefferson","Ronkonkoma","West Hempstead"],"lines":"Babylon, Far Rockaway, Hempstead, Long Beach, Port Jefferson, Ronkonkoma, West Hempstead"},"geometry":{"type":"LineString","coordinates":[[-73.813948,40.698456],[-73.811787,40.698878]]}},{"type":"Feature","properties":{"mode":"tram","n":7,"arr":["Babylon","Far Rockaway","Hempstead","Long Beach","Port Jefferson","Ronkonkoma","West Hempstead"],"lines":"Babylon, Far Rockaway, Hempstead, Long Beach, Port Jefferson, Ronkonkoma, West Hempstead"},"geometry":{"type":"LineString","coordinates":[[-73.81477,40.698376],[-73.814005,40.698447]]}},{"type":"Feature","properties":{"mode":"tram","n":5,"arr":["Far Rockaway","Hempstead","Long Beach","Port Jefferson","Ronkonkoma"],"lines":"Far Rockaway, Hempstead, Long Beach, Port Jefferson, Ronkonkoma"},"geometry":{"type":"LineString","coordinates":[[-73.814805,40.698376],[-73.81477,40.698376]]}},{"type":"Feature","properties":{"mode":"tram","n":6,"arr":["Babylon","Far Rockaway","Hempstead","Long Beach","Port Jefferson","West Hempstead"],"lines":"Babylon, Far Rockaway, Hempstead, Long Beach, Port Jefferson, West Hempstead"},"geometry":{"type":"LineString","coordinates":[[-73.814805,40.698376],[-73.81477,40.698376]]}},{"type":"Feature","properties":{"mode":"tram","n":5,"arr":["Babylon","Far Rockaway","Hempstead","Port Jefferson","West Hempstead"],"lines":"Babylon, Far Rockaway, Hempstead, Port Jefferson, West Hempstead"},"geometry":{"type":"LineString","coordinates":[[-73.814005,40.698447],[-73.813948,40.698456]]}},{"type":"Feature","properties":{"mode":"tram","n":6,"arr":["Babylon","Far Rockaway","Hempstead","Long Beach","Port Jefferson","Ronkonkoma"],"lines":"Babylon, Far Rockaway, Hempstead, Long Beach, Port Jefferson, Ronkonkoma"},"geometry":{"type":"LineString","coordinates":[[-73.814005,40.698447],[-73.813948,40.698456]]}},{"type":"Feature","properties":{"mode":"tram","n":6,"arr":["Far Rockaway","Hempstead","Long Beach","Port Jefferson","Port Washington","Ronkonkoma"],"lines":"Far Rockaway, Hempstead, Long Beach, Port Jefferson, Port Washington, Ronkonkoma"},"geometry":{"type":"LineString","coordinates":[[-73.993109,40.750715],[-73.99211,40.750297],[-73.991767,40.750202],[-73.991756,40.750198],[-73.991749,40.750191],[-73.991745,40.750182],[-73.991743,40.750168],[-73.991739,40.750159],[-73.991732,40.750153],[-73.99172,40.750148],[-73.990699,40.749888],[-73.990144,40.749806],[-73.989705,40.749691],[-73.989311,40.749548],[-73.976536,40.744154],[-73.975894,40.743909],[-73.975205,40.743689],[-73.974498,40.743507],[-73.973776,40.743361],[-73.973042,40.743254],[-73.95629,40.741238],[-73.95515,40.741143],[-73.954162,40.741116],[-73.95318,40.741143],[-73.9526,40.741193],[-73.952584,40.741196],[-73.952574,40.741202],[-73.952569,40.741211],[-73.952569,40.741224],[-73.952575,40.741247],[-73.952574,40.741263],[-73.952564,40.741274],[-73.952544,40.74128],[-73.951111,40.741466],[-73.950259,40.74164],[-73.949379,40.741857],[-73.948316,40.742157],[-73.947451,40.742445],[-73.94585,40.74305],[-73.939881,40.745549],[-73.938789,40.745979],[-73.938257,40.746176],[-73.937392,40.746456],[-73.936612,40.746678],[-73.935637,40.746923],[-73.93343,40.747402],[-73.919647,40.750007],[-73.917633,40.750384],[-73.914485,40.750935],[-73.913485,40.751071],[-73.913121,40.751099],[-73.912364,40.751111],[-73.911455,40.751026],[-73.911031,40.750946],[-73.910245,40.750739],[-73.909631,40.750534],[-73.909001,40.750299],[-73.908027,40.74986],[-73.907049,40.749331],[-73.906116,40.748731],[-73.905371,40.748158],[-73.902926,40.746001]]}},{"type":"Feature","properties":{"mode":"tram","n":5,"arr":["Danbury","Harlem","Hudson","New Canaan","New Haven"],"lines":"Danbury, Harlem, Hudson, New Canaan, New Haven"},"geometry":{"type":"LineString","coordinates":[[-73.926424,40.816897],[-73.927746,40.815023],[-73.928608,40.81375],[-73.928908,40.813406],[-73.929459,40.812942],[-73.929749,40.812735],[-73.930087,40.812539],[-73.930516,40.812329],[-73.934499,40.81077],[-73.93493,40.810503],[-73.93515,40.810331],[-73.935338,40.81015],[-73.935606,40.809816],[-73.971281,40.760929],[-73.971573,40.760599],[-73.972322,40.75957],[-73.972325,40.759563],[-73.972323,40.759557],[-73.972316,40.759552],[-73.972303,40.759547],[-73.972296,40.759542],[-73.972294,40.759536],[-73.972297,40.759529],[-73.972542,40.759193],[-73.973457,40.75822],[-73.975673,40.755178],[-73.975845,40.754978],[-73.976497,40.754365],[-73.977313,40.753243],[-73.977319,40.753229],[-73.977315,40.753217],[-73.9773,40.753207],[-73.977244,40.753184]]}}]}